大図鑑カタログNo,科名,科和名,亜科名,亜科和名,族名,族和名,亜族名,亜族名_1,属名,亜属名,種小名,亜種小名,著者,公表年,類似種,和名,旧和名,別名,その他の和名,亜種範囲,標準図鑑ステータス,標準図鑑以後の変更,学名,食草,出典,備考,成虫出現時期,成虫出現時期出典,成虫出現時期備考,幼虫期,幼虫期に関する備考
10001,Buprestidae,タマムシ科,Polycestinae,ツツタマムシ亜科,フナガタタマムシ族,,,,Acmaeodera,,luzonica,,luzonica Nonfried,1895,,キボシフナガタタマムシ,,,,,,,"Acmaeodera (Cobosiella) luzonica Nonfried, 1895",アデク、ハマボウ,日本産タマムシ大図鑑,成虫はハマボウの花弁を後食する。アデクから羽化脱出した記録あり。,不明,,,,
10002,Buprestidae,タマムシ科,Polycestinae,ツツタマムシ亜科,ツツタマムシ族,,,,Prosima,,chinensis,,Marseul,1867,,モンキタマムシ,,,,,,,"Prosima chinensis Marseul, 1867",モモ,日本産タマムシ大図鑑,成虫はモモなどを後食する。本来の分布は中国大陸で、人為的に分布が拡大した外来種の可能性が推察される。,5~6月,,,,
10003,Buprestidae,タマムシ科,Polycestinae,ツツタマムシ亜科,ケシツブタマムシ族,,,,Mastogenius,,insperatus,,Y. Kurosawa,1972,,ケシツブタマムシ,,,,,,,"Mastogenius insperatus Y. Kurosawa, 1972",シバニッケイ、マルバニッケイ,日本産タマムシ大図鑑,沖縄島ではマルバニッケイの枯れ枝から羽化。,4月上旬~6月上旬,,,,
10004,Buprestidae,タマムシ科,Polycestinae,ツツタマムシ亜科,ツブタマムシ族,,,,Paratrachys,,hederae,,E. Saunders,1873,,ミスジツブタマムシ,,,,,,,"Paratrachys hederae E. Saunders, 1873",オオイタビ、イタビカズラ,日本産タマムシ大図鑑,幼虫はクワ科イチジク属植物の潜葉虫として葉裏に潜り込み、内部組織を食害する。,3~6月,,,,
10005,Buprestidae,タマムシ科,Polycestinae,ツツタマムシ亜科,ツブタマムシ族,,,,Paratrachys,,mixtipubescens,,Y. Kurosawa,1985,,ダイトウツブタマムシ,,,,,,,"Paratrachys mixtipubescens Y. Kurosawa, 1985",オオイタビ,日本産タマムシ大図鑑,北大東島の固有種。オオイタビの葉より成虫を羽化脱出させた記録あり。,3~6月頃 (秋期に発生している可能性もあり),,,,
10006,Buprestidae,タマムシ科,Polycestinae,ツツタマムシ亜科,,,,,Paratrachys,,princeps,,,,,オオシマツブタマムシ,,,,,,,Paratrachys princeps,オオイタビ、イタビカズラ、ヒメイタビ,日本産タマムシ大図鑑,,,,,,
10007,Buprestidae,タマムシ科,Buprestinae,クロタマムシ亜科,,,,,Chrysochroa,,fulgidissima,,,,,タマムシ,,,,,,,Chrysochroa fulgidissima,エノキ、リュウキュウエノキ、ケヤキ、サクラ類、カシ類、カキ、クワ、ハリエンジュ（ニセアカシア）,日本産タマムシ大図鑑,,,,,,
10008,Buprestidae,タマムシ科,Buprestinae,クロタマムシ亜科,ルリタマムシ族,,,,Chrysochroa,,holstii,,Waterhouse,1890,,オガサワラタマムシ,,,,,,,"Chrysochroa holstii Waterhouse, 1890",ムニンエノキ、ヤシマシャリンバイ,日本産タマムシ大図鑑,成虫はムニンエノキに集まる。,6~8月,,,,
10009,Buprestidae,タマムシ科,Buprestinae,クロタマムシ亜科,ルリタマムシ族,,,,Chrysodema,,dalmanni,,(Eschscholtz,1837),,アオムネスジタマムシ,,,,,,,"Chrysodema dalmanni (Eschscholtz, 1837)",モモタマナ,日本産タマムシ大図鑑,成虫はマテバシイ、ウバメガシ、スダジイ、ホルトノキ、カシ類などに集まる。,5~8月,,,,
10010,Buprestidae,タマムシ科,Buprestinae,クロタマムシ亜科,ルリタマムシ族,,,,Chrysodema,,lewisii,,E. Saunders,1873,,アヤムネスジタマムシ,,,,,,,"Chrysodema lewisii E. Saunders, 1873",スダジイ、マテバシイ、ウバメガシ、カシ類、タブノキ、モモタマナ,日本産タマムシ大図鑑,タブノキやモモタマナなどを食害する。,4~8月,,,,
10011,Buprestidae,タマムシ科,Buprestinae,クロタマムシ亜科,,,,,Tamamushia,,virida,,,,,ツマベニタマムシ,,,,,,,Tamamushia virida,シマシャリンバイ,日本産タマムシ大図鑑,,,,,,
10012,Buprestidae,タマムシ科,Buprestinae,クロタマムシ亜科,,,,,Chalcophora,,japonica,,,,,ウバタマムシ,,,,,,,Chalcophora japonica,アカマツ、クロマツ、リュウキュウマツ,日本産タマムシ大図鑑,,,,,,
10013,Buprestidae,タマムシ科,Buprestinae,クロタマムシ亜科,,,,,Chalcophora,,yunnana,,,,,サツマウバタマムシ,,,,,,,Chalcophora yunnana,アカマツ、クロマツ、リュウキュウマツ,日本産タマムシ大図鑑,,,,,,
10014,Buprestidae,タマムシ科,Buprestinae,クロタマムシ亜科,ルリタマムシ族,,,,Nipponobuprestis,,amabilis,,,,,アオマダラタマムシ,,,,,,,"Nipponobuprestis (Nipponobuprestis) amabilis (Vollenhoven, 1864)",アオハダ、クロガネモチ、ソヨゴ、ソメイヨシノ、ツゲ,日本産タマムシ大図鑑,成虫はアオハダ、クロガネモチ、ソヨゴ、ツゲ、ソメイヨシノなどに集まる。,5月中旬~8月上旬,,,,
10015,Buprestidae,タマムシ科,Buprestinae,クロタマムシ亜科,ルリタマムシ族,,,,Nipponobuprestis,,querceti,,,,,クロマダラタマムシ,,,,,,,"Nipponobuprestis (Nipponobuprestis) querceti (E. Saunders, 1873)",エノキ,日本産タマムシ大図鑑,成虫はエノキの太い枯れ枝やウロに飛来する。,5月中旬~7月,,,,
10016,Buprestidae,タマムシ科,Buprestinae,クロタマムシ亜科,コモンタマムシ族,,,,Lamprodila,,virgata,,,,,クロホシタマムシ,,,,,,,"Lamprodila (Palmar) virgata (Motschulsky, 1859)",ミズナラ,日本産タマムシ大図鑑,成虫はミズナラやクリの枯れ枝に集まる。,5月下旬~8月上旬,,,,
10017,Buprestidae,タマムシ科,Buprestinae,クロタマムシ亜科,コモンタマムシ族,,,,Lamprodila,,davidis,,,,,キュウシュウクロホシタマムシ,,,,,,,"Lamprodila (Palmar) davidis (Fairmaire, 1887)",不明,日本産タマムシ大図鑑,,6~8月,,,,
10018,Buprestidae,タマムシ科,Buprestinae,クロタマムシ亜科,コモンタマムシ族,,,,Lamprodila,,vivata,,,,,マスダクロホシタマムシ,,,,,,,"Lamprodila (Palmar) vivata (Lewis, 1893)",ヒノキ、スギ、ネズ,日本産タマムシ大図鑑,幼虫はヒノキ、スギ、ネズを食害する。成虫はハゼノキなどの生葉を後食する。,5~8月,,,,
10019,Buprestidae,タマムシ科,Buprestinae,クロタマムシ亜科,,,,,Lamprodila,,pretiosa,,,,,キンヘリタマムシ,,,,,,,Lamprodila pretiosa,ハルニレ,日本産タマムシ大図鑑,,,,,,
10020,Buprestidae,タマムシ科,Buprestinae,クロタマムシ亜科,,,,,Lamprodila,,nipponensis,,,,,ハビロキンヘリタマムシ,,,,,,,Lamprodila nipponensis,ハルニレ,日本産タマムシ大図鑑,,,,,,
10021,Buprestidae,タマムシ科,Buprestinae,クロタマムシ亜科,コモンタマムシ族,,,,Lamprodila,,decipiens,,,,,エサキキンヘリタマムシ,,,,,,,"Lamprodila (Lamprodila) decipiens (Gebler, 1847)",ヤマハンノキ、ミヤマハンノキ、ミネヤナギ、ネコヤナギ,日本産タマムシ大図鑑,成虫はミヤマハンノキ、ヤマハンノキ、ミネヤナギ、ネコヤナギなどの生葉に集まり、同木の衰弱木を食害する。,6~8月,,,,
10022,Buprestidae,タマムシ科,Buprestinae,クロタマムシ亜科,,,,,Poecilonota,,variolusa,,,,,クロコモンタマムシ,,,,,,,Poecilonota variolusa,ドロノキ、ヤマナラシ,日本産タマムシ大図鑑,,,,,,
10023,Buprestidae,タマムシ科,Buprestinae,クロタマムシ亜科,フタオタマムシ族,,,,Dicerca,,furcata,,,,,フタオタマムシ,,,,,,,"Dicerca furcata (Thunberg, 1787)",ダケカンバ、シラカンバ,日本産タマムシ大図鑑,成虫はカンバ類、ヤナギ類、ハンノキ類の倒木、枯れ木、伐採木等に集まる。,6~8月,,,,
10024,Buprestidae,タマムシ科,Buprestinae,クロタマムシ亜科,フタオタマムシ族,,,,Dicerca,,tibialis,,,,,トゲフタオタマムシ,,,,,,,"Dicerca tibialis Lewis, 1893",モミ、ヒノキ、ツガ,日本産タマムシ大図鑑,幼虫はモミ、スギ、ツガの枯れ木を食害する。成虫は晩夏に羽化脱出し、スギやヒノキ、モミの樹皮下で越冬し、翌年に再活動する。,晩夏に羽化、越冬後再活動,,,,
10025,Buprestidae,タマムシ科,Buprestinae,クロタマムシ亜科,フタオタマムシ族,,,,Tokaranodicerca,,nishidai,,,,,キンモンフタオタマムシ,,,,,,,"Tokaranodicerca nishidai (Toyama, 1986)",不明,日本産タマムシ大図鑑,成虫はシマグワの古木の幹に飛来する。,7月,,,,
10026,Buprestidae,タマムシ科,Buprestinae,クロタマムシ亜科,フタオタマムシ族,,,,Tokaranodicerca,,shimonoi,,,,,アマミキンモンフタオタマムシ,,,,,,,"Tokaranodicerca shimonoi Hattori, 2005",不明,日本産タマムシ大図鑑,成虫は大きなシマグワの幹に飛来する。,不明,,,,
10027,Buprestidae,タマムシ科,Chrysochroinae,ルリタマムシ亜科,クロタマムシ族,,,,Buprestis,,esakii,,,,,エサキクロタマムシ,,,,,,,"Buprestis (Ancylocheira) esakii Y. Kurosawa, 1954",リュウキュウマツ,日本産タマムシ大図鑑,成虫はリュウキュウマツの立ち枯れや伐採木に集まる。,7~8月,,,,
10028,Buprestidae,タマムシ科,Chrysochroinae,ルリタマムシ亜科,,,,,Buprestis,,haemorrhoidalis,,,,,クロタマムシ,,,,,,,Buprestis haemorrhoidalis,リュウキュウマツ、アカマツ、モミ,日本産タマムシ大図鑑,,,,,,
10029,Buprestidae,タマムシ科,Chrysochroinae,ルリタマムシ亜科,クロタマムシ族,,,,Buprestis,,splendens,,,,,アカヘリミドリタマムシ,,,,,,,"Buprestis (Cypriacis) splendens Fabricius, 1775",アカマツ、ヒメコマツ,日本産タマムシ大図鑑,成虫はマツ類の枯れ木や伐採木に集まる。雄はヒメコマツ（ゴヨウマツ）の孤立木樹冠に集まる。,5-8月,,,,
10030,Buprestidae,タマムシ科,Chrysochroinae,ルリタマムシ亜科,クロタマムシ族,,,,Eurythyrea,,coa,,,,,エゾアオタマムシ,,,,,,,"Eurythyrea coa Semenov, 1895",ドロノキ,日本産タマムシ大図鑑,成虫はドロノキの倒木幹に飛来する。,7~8月,,,,
10031,Buprestidae,タマムシ科,Chrysochroinae,ルリタマムシ亜科,クロタマムシ族,,,,Eurythyrea,,tenuistriata,,,,,アオタマムシ,,,,,,,"Eurythyrea tenuistriata Lewis, 1893",モミ、マツ類、ブナ,日本産タマムシ大図鑑,成虫はモミやマツ類の枯れ木や伐採木に集まり、灯火にも飛来する。近年、ブナの生葉を後食することが観察された。,7~8月,,,,
10032,Buprestidae,タマムシ科,Chrysochroinae,ルリタマムシ亜科,ナガヒラタタマムシ族,,,,Melanophila,,obscurata,,,,,ツメアカナガヒラタタマムシ,,,,,,,"Melanophila obscurata Lewis, 1893",マツ類、カラマツ、モミ、トドマツ,日本産タマムシ大図鑑,成虫はマツ類の衰弱木や新鮮な伐採木に集まり、焦げた立木や煙に飛来した記録がある。,6~8月,,,,
10033,Buprestidae,タマムシ科,Chrysochroinae,ルリタマムシ亜科,ツヤマルタマムシ族,,,,Philanthaxia,,iriei,,,,,イリエヒメマルタマムシ,,,,,,,"Philanthaxia iriei Y. Kurosawa, 1985",ヤエヤマコクタン,日本産タマムシ大図鑑,成虫は各種の花に集まり、コクタンを食害する。,5~7月,,,,
10034,Buprestidae,タマムシ科,Chrysochroinae,ルリタマムシ亜科,ツヤマルタマムシ族,,,,Kurosawaia,,yanoi,,,,,ツヤヒメマルタマムシ,,,,,,,"Kurosawaia yanoi (Y. Kurosawa, 1963)",アデク、ムニンエノキ、アカテツ,日本産タマムシ大図鑑,成虫は各種の花に集まり、アデクやムニンエノキを食害する。,6~7月,,,,
10035,Buprestidae,タマムシ科,Chrysochroinae,ルリタマムシ亜科,,,,,Anthaxia,,reticulata,,,,,クロヒメヒラタタマムシ,,,,,,,Anthaxia reticulata,トドマツ,日本産タマムシ大図鑑,,,,,,
10036,Buprestidae,タマムシ科,Chrysochroinae,ルリタマムシ亜科,ヒメヒラタタマムシ族,,,,Anthaxia,,rubromarginata,,,,,フチトリヒメヒラタタマムシ,,,,,,,"Anthaxia (Haplanthaxia) rubromarginata Miwa et Chûjô, 1935",コナラ、クヌギ、アベマキ、クリ,日本産タマムシ大図鑑,成虫はアベマキ、コナラ、クヌギなどのひこばえに集まり、ノイバラなどの花にも集まる。,5~7月,,,,
10037,Buprestidae,タマムシ科,Chrysochroinae,ルリタマムシ亜科,ヒメヒラタタマムシ族,,,,Anthaxia,,proteus,,,,,ヒメヒラタタマムシ,,,,,,,"Anthaxia (Haplanthaxia) proteus E. Saunders, 1873",アカマツ,日本産タマムシ大図鑑,成虫は各種の花やマツ類の枯れ枝に集まる。,5~8月,,,,
10038,Buprestidae,タマムシ科,Chrysochroinae,ルリタマムシ亜科,ヒメヒラタタマムシ族,,,,Anthaxia,,arakii,,,,,アマミヒメヒラタタマムシ,,,,,,,"Anthaxia (Haplanthaxia) arakii Y. Kurosawa, 1956",リュウキュウマツ,日本産タマムシ大図鑑,成虫はリュウキュウマツの枯れ木や各種の花に集まる。,5~7月,,,,
10039,Buprestidae,タマムシ科,Chrysochroinae,ルリタマムシ亜科,ヒメヒラタタマムシ族,,,,Anthaxia,,ihanatsumi,,,,,オキナワヒメヒラタタマムシ,,,,,,,"Anthaxia (Haplanthaxia) ihanatsumi Chûjô, 1970",リュウキュウマツ,日本産タマムシ大図鑑,成虫はリュウキュウマツの枯れ枝や各種の花に集まる。,4~7月,,,,
10040,Buprestidae,タマムシ科,Chrysochroinae,ルリタマムシ亜科,ヒメヒラタタマムシ族,,,,Anthaxia,,moya,,,,,ヤエヤマヒメヒラタタマムシ,,,,,,,"Anthaxia (Haplanthaxia) moya Chûjô, 1970",リュウキュウマツ,日本産タマムシ大図鑑,成虫はリュウキュウマツの枯れ枝や各種の花に集まる。,4~6月,,,,
10041,Buprestidae,タマムシ科,Chrysochroinae,ルリタマムシ亜科,ムツボシタマムシ族,,,,Chrysobothris,,succedanea,,,,,ムツボシタマムシ,,,,,,,"Chrysobothris succedanea E. Saunders, 1873",カシ類、クリ、イヌシデ、ウメ、ソメイヨシノ、ビワ、モミ、ヒマラヤスギ,日本産タマムシ大図鑑,各種広葉樹やマツ類、時にはイチョウの枯れ枝や伐採枝に集まる。,5~8月,,,,
10042,Buprestidae,タマムシ科,Chrysochroinae,ルリタマムシ亜科,ムツボシタマムシ族,,,,Chrysobothris,,amurensis,,,,,アムールムツボシタマムシ,,,,,,,"Chrysobothris amurensis Pic, 1904",コハウチワカエデ、ダケカンバ,日本産タマムシ大図鑑,成虫はダケカンバやカエデの枯れ木に飛来する。,6-8月,,,,
10043,Buprestidae,タマムシ科,Chrysochroinae,ルリタマムシ亜科,ムツボシタマムシ族,,,,Chrysobothris,,pulchripes,,,,,チョウセンムツボシタマムシ,,,,,,,"Chrysobothris pulchripes Fairmaire, 1887",マツ類,日本産タマムシ大図鑑,成虫はマツ類の枯れ木や伐採木に集まる。,5~7月,,,,
10044,Buprestidae,タマムシ科,Chrysochroinae,ルリタマムシ亜科,ムツボシタマムシ族,,,,Chrysobothris,,igai,,,,,ヤマムツボシタマムシ,,,,,,,"Chrysobothris igai Y. Kurosawa, 1948",モミ、アカマツ,日本産タマムシ大図鑑,成虫はモミやマツ類の枯れ木や伐採木に集まる。,6~8月,,,,
10045,Buprestidae,タマムシ科,Chrysochroinae,ルリタマムシ亜科,ムツボシタマムシ族,,,,Chrysobothris,,samurai,,,,,ツシマムツボシタマムシ,,,,,,,"Chrysobothris samurai Obenberger, 1935",クリ、アベマキ,日本産タマムシ大図鑑,成虫はクリやアベマキの枯れ枝や伐採枝に集まる。,4月末~6月頃,,,,
10046,Buprestidae,タマムシ科,Chrysochroinae,ルリタマムシ亜科,,,,,Chrysobothris,,ohnoi,,,,,アマミムツボシタマムシ,,,,,,,Chrysobothris ohnoi,ツブラジイ、マテバシイ、ミカン類、マツ類,日本産タマムシ大図鑑,,,,,,
10047,Buprestidae,タマムシ科,Chrysochroinae,ルリタマムシ亜科,,,,,Chrysobothris,,saliaris,,,,,オキナワムツボシタマムシ,,,,,,,Chrysobothris saliaris,ツブラジイ、ヤンバルアワブキ,日本産タマムシ大図鑑,,,,,,
10048,Buprestidae,タマムシ科,Chrysochroinae,ルリタマムシ亜科,,,,,Chrysobothris,,boninensis,,,,,オガサワラムツボシタマムシ,,,,,,,Chrysobothris boninensis,ムニンエノキ,日本産タマムシ大図鑑,,,,,,
10049,Buprestidae,タマムシ科,Chrysochroinae,ルリタマムシ亜科,ムツボシタマムシ族,,,,Chrysobothris,,chrysostigma,,,,,カクムネムツボシタマムシ,,,,,,,"Chrysobothris chrysostigma (Linnaeus, 1758)",トウヒ、アオトド,日本産タマムシ大図鑑,成虫はマツ類の衰弱木、枯れ木、伐採木に集まる。,7~8月,,,,
10050,Buprestidae,タマムシ科,Chrysochroinae,ルリタマムシ亜科,ムツボシタマムシ族,,,,Chrysobothris,,ohbayashii,,,,,オオムツボシタマムシ,,,,,,,"Chrysobothris ohbayashii Y. Kurosawa, 1948",クヌギ、アカガシ,日本産タマムシ大図鑑,成虫はクヌギやアカガシなどの枯木や伐採木に集まる。,5~9月,,,,
10051,Buprestidae,タマムシ科,Agrilinae,ナガタマムシ亜科,ナカボソタマムシ族,,,,Nalanda,,lagerstroemiae,,,,,オオムネアカチビナカボソタマムシ,,,,,,,"Nalanda lagerstroemiae Ohmomo et Akiyama, 1989",サルスベリ,日本産タマムシ大図鑑,成虫はサルスベリの生葉に集まる。,5~7月,,,,
10052,Buprestidae,タマムシ科,Agrilinae,ナガタマムシ亜科,,,,,Nalanda,,rutilicollis,,,,,ムネアカチビナカボソタマムシ,,,,,,,Nalanda rutilicollis,アカメガシワ,日本産タマムシ大図鑑,,,,,,
10053,Buprestidae,タマムシ科,Agrilinae,ナガタマムシ亜科,ナカボソタマムシ族,,,,Nalanda,,chinensis,,,,,クロチビナカボソタマムシ,,,,,,,"Nalanda chinensis (Obenberger, 1927)",アベマキ、コナラ,日本産タマムシ大図鑑,クヌギ、コナラ、アベマキなどの生葉のスウィーピングで採集される。,5~7月,,,,
10054,Buprestidae,タマムシ科,Agrilinae,ナガタマムシ亜科,ナカボソタマムシ族,,,,Nalanda,,ohbayashii,,,,,カラカネチビナカボソタマムシ,,,,,,,"Nalanda ohbayashii Y. Kurosawa, 1957",オニグルミ,日本産タマムシ大図鑑,山間地のオニグルミの生葉をスウィーピングして採集される。,6~8月,,,,
10055,Buprestidae,タマムシ科,Agrilinae,ナガタマムシ亜科,ナカボソタマムシ族,,,,Nalanda,,primoriensis,,,,,ヤナギチビナカボソタマムシ,,,,,,,"Nalanda primoriensis Alexeev, 1979",ネコヤナギ,日本産タマムシ大図鑑,ネコヤナギやケショウヤナギなどの細葉のヤナギ類の生葉をスウィーピングして採集される。,5~8月,,,,
10056,Buprestidae,タマムシ科,Agrilinae,ナガタマムシ亜科,,,,,Toxoscelus,,auriceps,,,,,クリタマムシ,,,,,,,Toxoscelus auriceps,クリ、ツブラジイ、スダジイ、コナラ、ナラガシワ,日本産タマムシ大図鑑,,,,,,
10057,Buprestidae,タマムシ科,Agrilinae,ナガタマムシ亜科,ナカボソタマムシ族,,,,Toxoscelus,,matobai,,,,,ホソクリタマムシ,,,,,,,"Toxoscelus matobai Toyama, 1985",不明,日本産タマムシ大図鑑,ブナの梢のスウィーピングで採集される。,7月,,,,
10058,Buprestidae,タマムシ科,Agrilinae,ナガタマムシ亜科,ナカボソタマムシ族,,,,Toxoscelus,,sasakii,,,,,カラカネクリタマムシ,,,,,,,"Toxoscelus sasakii Y. Kurosawa, 1957",不明,日本産タマムシ大図鑑,シイ類のスウィーピングで採集される。,7~8月,,,,
10059,Buprestidae,タマムシ科,Agrilinae,ナガタマムシ亜科,ナカボソタマムシ族,,,,Toxoscelus,,nakajimai,,,,,リュウキュウクリタマムシ,,,,,,,"Toxoscelus nakajimai Ohmomo, 2002",イスノキ,日本産タマムシ大図鑑,イスノキの新鮮な枯れ枝から脱出。成虫はイスノキの生葉に集まる。,不明,,,,
10060,Buprestidae,タマムシ科,Agrilinae,ナガタマムシ亜科,ナカボソタマムシ族,,,,Toxoscelus,,amamiensis,,,,,アマミクリタマムシ,,,,,,,"Toxoscelus amamiensis Y. Kurosawa, 1963",カシ類、シイ類,日本産タマムシ大図鑑,シイ類やカシ類の生葉をスウィーピングして採集される。,5~6月,,,,
10061,Buprestidae,タマムシ科,Agrilinae,ナガタマムシ亜科,,,,,Toxoscelus,,yakushimensis,,,,,ヤクシマクリタマムシ,,,,,,,Toxoscelus yakushimensis,シイ類,日本産タマムシ大図鑑,,,,,,
10062,Buprestidae,タマムシ科,Agrilinae,ナガタマムシ亜科,,,,,Toxoscelus,,miwai,,,,,ヤエヤマクリタマムシ,,,,,,,Toxoscelus miwai,シイ類,日本産タマムシ大図鑑,,,,,,
10063,Buprestidae,タマムシ科,Agrilinae,ナガタマムシ亜科,,,,,Coraebus,,iriei,,,,,ヒメナカボソタマムシ,,,,,,,Coraebus iriei,シイ類,日本産タマムシ大図鑑,,,,,,
10064,Buprestidae,タマムシ科,Agrilinae,ナガタマムシ亜科,,,,,Coraebus,,fukamachii,,,,,イシガキナカボソタマムシ,,,,,,,Coraebus fukamachii,不明,日本産タマムシ大図鑑,,,,,,
10065,Buprestidae,タマムシ科,Agrilinae,ナガタマムシ亜科,ナカボソタマムシ族,,,,Coraebus,,quadriundulatus,,,,,シロオビナカボソタマムシ,,,,,,,"Coraebus quadriundulatus Motschulsky, 1866",クマイチゴ、キイチゴ,日本産タマムシ大図鑑,幼虫はクマイチゴなどのキイチゴ類の根部を加害し、成虫はその生葉上に多い。,4~8月,,,,
10066,Buprestidae,タマムシ科,Agrilinae,ナガタマムシ亜科,,,,,Coraebus,,niponicus,,,,,ルリナカボソタマムシ,,,,,,,Coraebus niponicus,ホウロクイチゴ、キイチゴ類,日本産タマムシ大図鑑,,,,,,
10067,Buprestidae,タマムシ科,Agrilinae,ナガタマムシ亜科,ナカボソタマムシ族,,,,Coraebus,,nigromaculatus,,,,,シリグロナカボソタマムシ,,,,,,,"Coraebus nigromaculatus Y. Kurosawa, 1953",ミズナラ,日本産タマムシ大図鑑,ミズナラの高所枝先のスウィーピングで採集される。,6~9月,,,,
10068,Buprestidae,タマムシ科,Agrilinae,ナガタマムシ亜科,ナカボソタマムシ族,,,,Coraebus,,daisenensis,,,,,ミヤマナカボソタマムシ,,,,,,,"Coraebus daisenensis Miwa, 1940",タンナサワフタギ,日本産タマムシ大図鑑,タンナサワフタギを加害し、その生葉のスウィーピングによって採集される。,6~8月,,,,
10069,Buprestidae,タマムシ科,Agrilinae,ナガタマムシ亜科,ナカボソタマムシ族,,,,Coraebus,,loochooensis,,,,,オキナワナカボソタマムシ,,,,,,,"Coraebus loochooensis Kano, 1929",ナカハラクロキ,日本産タマムシ大図鑑,ナカハラクロキを寄主植物としていることが確認され、成虫も生葉のスウィーピングで採集される。,5月中旬~7月上旬,,,,
10070,Buprestidae,タマムシ科,Agrilinae,ナガタマムシ亜科,ナカボソタマムシ族,,,,Coraebus,,amamianus,,,,,アマミナカボソタマムシ,,,,,,,"Coraebus amamianus Y. Kurosawa, 1985",不明,日本産タマムシ大図鑑,大分県ではエゴノキのスウィーピングで得られている。,4~7月,,,,
10071,Buprestidae,タマムシ科,Agrilinae,ナガタマムシ亜科,,,,,Coraebus,,rusticanus,,,,,ルイスナカボソタマムシ,,,,,,,Coraebus rusticanus,ヤマハンノキ、ウダイカンバ、ヤシャブシ、オオバヤシャブシ、ブナ,日本産タマムシ大図鑑,,,,,,
10072,Buprestidae,タマムシ科,Agrilinae,ナガタマムシ亜科,ナカボソタマムシ族,,,,Coraebus,,ishiharai,,,,,サビナカボソナガタマムシ,,,,,,,"Coraebus ishiharai Y. Kurosawa, 1953",ヤマボウシ,日本産タマムシ大図鑑,ヤマボウシの衰弱木を食害し、その生葉や花を後食する。,6~7月,,,,
10073,Buprestidae,タマムシ科,Agrilinae,ナガタマムシ亜科,ナカボソタマムシ族,,,,Coraebus,,sakagutii,,,,,ホソナカボソタマムシ,,,,,,,"Coraebus sakagutii Y. Kurosawa, 1963",ナワシロイチゴ,日本産タマムシ大図鑑,ナワシロイチゴの生葉上に見られる。,5~8月,,,,
10074,Buprestidae,タマムシ科,Agrilinae,ナガタマムシ亜科,,,,,Coraebus,,ignotus,,,,,カラカネナカボソタマムシ,,,,,,,Coraebus ignotus,イタジイ、シイ類,日本産タマムシ大図鑑,,,,,,
10075,Buprestidae,タマムシ科,Agrilinae,ナガタマムシ亜科,ナカボソタマムシ族,,,,Coraebus,,hastanus,,,,,ミドリナカボソタマムシ,,,,,,,"Coraebus hastanus Gory et Laporte, 1839",アカメガシワ,日本産タマムシ大図鑑,アカメガシワを食害し、その生葉上でよく見掛ける。,3~8月,,,,
10076,Buprestidae,タマムシ科,Agrilinae,ナガタマムシ亜科,,,,,Coraebus,,formosanus,,,,,タイワンナカボソタマムシ,,,,,,,Coraebus formosanus,シャリンバイ,日本産タマムシ大図鑑,,,,,,
10077,Buprestidae,タマムシ科,Agrilinae,ナガタマムシ亜科,ナガタマムシ族,,,,Dorochoviella,,kunashirensis,,,,,キタニセナガタマムシ,,,,,,,"Dorochoviella kunashirensis Jendek, 2006",不明,日本産タマムシ大図鑑,,不明,,,,
10078,Buprestidae,タマムシ科,Agrilinae,ナガタマムシ亜科,ナガタマムシ族,,,,Agrilus,,discalis,,,,,ヒシモンナガタマムシ,,,,,,,"Agrilus discalis E. Saunders, 1873",ケヤキ、エノキ,日本産タマムシ大図鑑,新成虫は秋に羽化脱出してエノキの生葉を後食し、樹皮下などで野外越冬する。越冬後、4~5月にエノキやケヤキなどのひこばえやそだに集まる。,秋に羽化、越冬後4~5月,,,,
10079,Buprestidae,タマムシ科,Agrilinae,ナガタマムシ亜科,ナガタマムシ族,,,,Agrilus,,cyaneoniger,,,,,クロナガタマムシ,,,,,,,"Agrilus cyaneoniger E. Saunders, 1873",ミズナラ、クヌギ、コナラ、アベマキ,日本産タマムシ大図鑑,クヌギやナラ類のひこばえやそだに集まる。,5~8月,,,,
10080,Buprestidae,タマムシ科,Agrilinae,ナガタマムシ亜科,ナガタマムシ族,,,,Agrilus,,planipennis,,,,,アオナガタマムシ,,,,,,,"Agrilus planipennis Fairmaire, 1888",ヤチダモ、ハルニレ、サワグルミ、オニグルミ,日本産タマムシ大図鑑,サワグルミ、ハルニレ、シオジ、ヤチダモなどの衰弱木に集まる。トネリコ類からの羽化脱出記録はある。,6~8月,,,,
10081,Buprestidae,タマムシ科,Agrilinae,ナガタマムシ亜科,ナガタマムシ族,,,,Agrilus,,sinensis,,,,,オオムネアカナガタマムシ,,,,,,,"Agrilus sinensis J. Thomson, 1879",不明,日本産タマムシ大図鑑,日本では栃木県日光からの1例の記録のみ。,不明,,,,
10082,Buprestidae,タマムシ科,Agrilinae,ナガタマムシ亜科,,,,,Agrilus,,okinawensis,,,,,オキナワナガタマムシ,,,,,,,Agrilus okinawensis,アカメガシワ、クロヨナ、ムクゲ類、ハイビスカス,日本産タマムシ大図鑑,,,,,,
10083,Buprestidae,タマムシ科,Agrilinae,ナガタマムシ亜科,ナガタマムシ族,,,,Agrilus,,decoloratus,,,,,シラホシナガタマムシ,,,,,,,"Agrilus decoloratus Kerremans, 1892",エノキ、エゾエノキ,日本産タマムシ大図鑑,エノキの伐採木や枯れ木に集まる。,5~8月,,,,
10084,Buprestidae,タマムシ科,Agrilinae,ナガタマムシ亜科,ナガタマムシ族,,,,Agrilus,,ventricosus,,,,,トオヤマシラホシナガタマムシ,,,,,,,"Agrilus ventricosus Fairmaire, 1888",エゾエノキ,日本産タマムシ大図鑑,山間部のエゾエノキの太い幹に飛来する。,7~8月,,,,
10085,Buprestidae,タマムシ科,Agrilinae,ナガタマムシ亜科,ナガタマムシ族,,,,Agrilus,,fleischeri,,,,,フライシャーナガタマムシ,,,,,,,"Agrilus fleischeri Obenberger, 1925",ヤマナラシ,日本産タマムシ大図鑑,ドロノキやヤマナラシ等の衰弱木に集まる。,6-8月,,,,
10086,Buprestidae,タマムシ科,Agrilinae,ナガタマムシ亜科,ナガタマムシ族,,,,Agrilus,,kawarai,,,,,ホソクロナガタマムシ,,,,,,,"Agrilus kawarai Y. Kurosawa, 1963",不明,日本産タマムシ大図鑑,岡山県では、フジキやユクノキに飛来した個体が採集されている。,7~8月,,,,
10087,Buprestidae,タマムシ科,Agrilinae,ナガタマムシ亜科,ナガタマムシ族,,,,Agrilus,,sachalinicola,,,,,スジバナガタマムシ,,,,,,,"Agrilus sachalinicola Obenberger, 1940",ヤマハンノキ、バッコヤナギ,日本産タマムシ大図鑑,山間部に現れ、ヤマハンノキの梢のスウィーピングで採集される。,7~8月,,,,
10088,Buprestidae,タマムシ科,Agrilinae,ナガタマムシ亜科,ナガタマムシ族,,,,Agrilus,,spinipennis,,,,,ケヤキナガタマムシ,,,,,,,"Agrilus spinipennis Lewis, 1893",ケヤキ,日本産タマムシ大図鑑,平野部から中山間部に現れ、ケヤキの衰弱木や伐採木に集まる。,5~8月,,,,
10089,Buprestidae,タマムシ科,Agrilinae,ナガタマムシ亜科,ナガタマムシ族,,,,Agrilus,,tokyoensis,,,,,トガリバシラホシナガタマムシ,,,,,,,"Agrilus tokyoensis Y. Kurosawa, 1985",クヌギ,日本産タマムシ大図鑑,中山間部に現れ、クヌギの太い幹に飛来する。,6~8月,,,,
10090,Buprestidae,タマムシ科,Agrilinae,ナガタマムシ亜科,ナガタマムシ族,,,,Agrilus,,auropictus,,,,,キンモンナガタマムシ,,,,,,,"Agrilus auropictus Kerremans, 1912",不明,日本産タマムシ大図鑑,ハゼノキのスウィーピングで得られているほか、大分県ではタブノキの衰弱木に集まることが観察された。,4~8月,,,,
10091,Buprestidae,タマムシ科,Agrilinae,ナガタマムシ亜科,ナガタマムシ族,,,,Agrilus,,madeci,,,,,トガリカラカネナガタマムシ,,,,,,,"Agrilus madeci Baudon, 1968",カシ類,日本産タマムシ大図鑑,ナラ類の伐採木や枯れ木に集まる。,5~7月,,,,
10092,Buprestidae,タマムシ科,Agrilinae,ナガタマムシ亜科,ナガタマムシ族,,,,Agrilus,,satoi,,,,,サトウナガタマムシ,,,,,,,"Agrilus satoi Y. Kurosawa, 1954",不明,日本産タマムシ大図鑑,カシ類の伐採木に集まる。,6~7月,,,,
10093,Buprestidae,タマムシ科,Agrilinae,ナガタマムシ亜科,ナガタマムシ族,,,,Agrilus,,fortunatus,,,,,コガネナガタマムシ,,,,,,,"Agrilus fortunatus Lewis, 1893",ブナ、アズキナシ,日本産タマムシ大図鑑,山間部のブナ帯に現れ、ブナやカエデ類などの各種の広葉樹のスウィーピングで採集される。,6~7月,,,,
10094,Buprestidae,タマムシ科,Agrilinae,ナガタマムシ亜科,ナガタマムシ族,,,,Agrilus,,sospes,,,,,シロテンナガタマムシ,,,,,,,"Agrilus sospes Lewis, 1893",ケヤキ、カシワ,日本産タマムシ大図鑑,ケヤキ、カシワ、クリなどの伐採木やそだ、ひこばえに普通に見られる。,5~7月,,,,
10095,Buprestidae,タマムシ科,Agrilinae,ナガタマムシ亜科,ナガタマムシ族,,,,Agrilus,,inadai,,,,,オキナワシロテンナガタマムシ,,,,,,,"Agrilus inadai Fukutomi, 2006",不明,日本産タマムシ大図鑑,クズノハカエデの生葉のスウィーピングで採集される。,4~6月,,,,
10096,Buprestidae,タマムシ科,Agrilinae,ナガタマムシ亜科,ナガタマムシ族,,,,Agrilus,,nipponigena,,,,,ツヤケシナガタマムシ,,,,,,,"Agrilus nipponigena Obenberger, 1935",カキ、マメガキ,日本産タマムシ大図鑑,カキ類を食害する。河原の湿木ヤナギ類の生葉から採集される個体群は別種の可能性がある。,5~7月,,,,
10097,Buprestidae,タマムシ科,Agrilinae,ナガタマムシ亜科,ナガタマムシ族,,,,Agrilus,,subrobustus,,,,,ネムノキナガタマムシ,,,,,,,"Agrilus subrobustus E. Saunders, 1873",ネムノキ,日本産タマムシ大図鑑,,5~8月,,,,
10098,Buprestidae,タマムシ科,Agrilinae,ナガタマムシ亜科,ナガタマムシ族,,,,Agrilus,,yamawakii,,,,,コクロナガタマムシ,,,,,,,"Agrilus yamawakii Y. Kurosawa, 1957",カラスザンショウ、イヌザンショウ,日本産タマムシ大図鑑,カラスザンショウの衰弱木に集まり、イヌザンショウの生葉のスウィーピングでも採集される。,6月下旬~8月中旬,,,,
10099,Buprestidae,タマムシ科,Agrilinae,ナガタマムシ亜科,ナガタマムシ族,,,,Agrilus,,auriventris,,,,,ミカンナガタマムシ,,,,,,,"Agrilus auriventris E. Saunders, 1873",ミカン類,日本産タマムシ大図鑑,ミカン類を食害する。,6~7月,,,,
10100,Buprestidae,タマムシ科,Agrilinae,ナガタマムシ亜科,ナガタマムシ族,,,,Agrilus,,alesi,,,,,アレスミカンナガタマムシ,,,,,,,"Agrilus alesi Obenberger, 1935",ミカン類,日本産タマムシ大図鑑,ミカンの害虫として知られる。,6~9月,,,,
10101,Buprestidae,タマムシ科,Agrilinae,ナガタマムシ亜科,ナガタマムシ族,,,,Agrilus,,aritai,,,,,ヤエヤマミカンナガタマムシ,,,,,,,"Agrilus arital Toyama, 1985",不明,日本産タマムシ大図鑑,,8月,,,,
10102,Buprestidae,タマムシ科,Agrilinae,ナガタマムシ亜科,ナガタマムシ族,,,,Agrilus,,auroapicalis,,,,,ツマキナガタマムシ,,,,,,,"Agrilus auroapicalis Y. Kurosawa, 1957",ハマセンダン,日本産タマムシ大図鑑,成虫は、ハマセンダンの生葉に飛来する。,4~8月,,,,
10103,Buprestidae,タマムシ科,Agrilinae,ナガタマムシ亜科,ナガタマムシ族,,,,Agrilus,,undulatipennis,,,,,ウンモンナガタマムシ,,,,,,,"Agrilus undulatipennis Y. Kurosawa, 1976",不明,日本産タマムシ大図鑑,,6~7月,,,,
10104,Buprestidae,タマムシ科,Agrilinae,ナガタマムシ亜科,ナガタマムシ族,,,,Agrilus,,daimio,,,,,ダイミョウナガタマムシ,,,,,,,"Agrilus daimio Obenberger, 1936",アブラチャン,日本産タマムシ大図鑑,シデ類やサワフタギ、シナノキなどの広葉樹の生葉のスウィーピングで採集される。,5~7月,,,,
10105,Buprestidae,タマムシ科,Agrilinae,ナガタマムシ亜科,ナガタマムシ族,,,,Agrilus,,nelsonodaimio,,,,,ネルソンダイミョウナガタマムシ,,,,,,,"Agrilus nelsonodaimio Ohmomo, 2006",ドウダンツツジ,日本産タマムシ大図鑑,ツツジ類のひこばえやそだに集まる。,5~7月,,,,
10106,Buprestidae,タマムシ科,Agrilinae,ナガタマムシ亜科,ナガタマムシ族,,,,Agrilus,,shashamboe,,,,,シャシャンボナガタマムシ,,,,,,,"Agrilus shashamboe Y. Kurosawa, 1963",シャシャンポ、シャリンバイ,日本産タマムシ大図鑑,,5~7月,,,,
10107,Buprestidae,タマムシ科,Agrilinae,ナガタマムシ亜科,ナガタマムシ族,,,,Agrilus,,sudai,,,,,ヒロオビナガタマムシ,,,,,,,"Agrilus sudai Y. Kurosawa, 1985",ヤマハンノキ,日本産タマムシ大図鑑,ヤマハンノキの梢のスウィーピングで採集される。,7~8月,,,,
10108,Buprestidae,タマムシ科,Agrilinae,ナガタマムシ亜科,ナガタマムシ族,,,,Agrilus,,imasakai,,,,,イマサカナガタマムシ,,,,,,,"Agrilus imasakai Tõyama, 1985",不明,日本産タマムシ大図鑑,大分県で6月にシデ類のスウィーピングによって採集されている。,6月,,,,
10109,Buprestidae,タマムシ科,Agrilinae,ナガタマムシ亜科,ナガタマムシ族,,,,Agrilus,,maculifer,,,,,カクムネナガタマムシ,,,,,,,"Agrilus maculifer E. Saunders, 1873",トキワガキ、マメガキ,日本産タマムシ大図鑑,奄美大島ではトキワガキやマメガキから羽化脱出している。,6~7月,,,,
10110,Buprestidae,タマムシ科,Agrilinae,ナガタマムシ亜科,ナガタマムシ族,,,,Agrilus,,naomii,,,,,ナオミナガタマムシ,,,,,,,"Agrilus naomii Toyama, 1988",不明,日本産タマムシ大図鑑,,7~8月,,,,
10111,Buprestidae,タマムシ科,Agrilinae,ナガタマムシ亜科,ナガタマムシ族,,,,Agrilus,,euonymi,,,,,マサキナガタマムシ,,,,,,,"Agrilus euonymi Toyama, 1985",マサキ、ソメイヨシノ,日本産タマムシ大図鑑,,5月下旬~7月,,,,
10112,Buprestidae,タマムシ科,Agrilinae,ナガタマムシ亜科,ナガタマムシ族,,,,Agrilus,,tsushimanus,,,,,ツシマナガタマムシ,,,,,,,"Agrilus tsushimanus Y. Kurosawa, 1963",不明,日本産タマムシ大図鑑,,5~6月,,,,
10113,Buprestidae,タマムシ科,Agrilinae,ナガタマムシ亜科,ナガタマムシ族,,,,Agrilus,,yamabusi,,,,,ヒコサンナガタマムシ,,,,,,,"Agrilus yamabusi Miwa et Chûjô, 1940",ミズキ類、カシ類,日本産タマムシ大図鑑,各種広葉樹のスウィーピングで採集される。,6~7月,,,,
10114,Buprestidae,タマムシ科,Agrilinae,ナガタマムシ亜科,ナガタマムシ族,,,,Agrilus,,tazoei,,,,,タゾエナガタマムシ,,,,,,,"Agrilus tazoei Y. Kurosawa, 1985",クズ、フジ,日本産タマムシ大図鑑,衰弱したクズの蔓に止まる個体が採集される。,6~8月,,,,
10115,Buprestidae,タマムシ科,Agrilinae,ナガタマムシ亜科,ナガタマムシ族,,,,Agrilus,,imitans,,,,,ムネアカナガタマムシ,,,,,,,"Agrilus imitans Lewis, 1893",ケヤキ、エノキ、エゾエノキ、ハルニレ,日本産タマムシ大図鑑,エノキの伐採木や枯れ木に集まる。エノキやハルニレのスウィーピングでも採集される。,6~7月,,,,
10116,Buprestidae,タマムシ科,Agrilinae,ナガタマムシ亜科,,,,,Agrilus,,orestes,,,,,リュウキュウナガタマムシ,,,,,,,Agrilus orestes,不明,日本産タマムシ大図鑑,,,,,,
10117,Buprestidae,タマムシ科,Agrilinae,ナガタマムシ亜科,,,,,Agrilus,,sekii,,,,,セキナガタマムシ,,,,,,,Agrilus sekii,リュウキュウエノキ,日本産タマムシ大図鑑,,,,,,
10118,Buprestidae,タマムシ科,Agrilinae,ナガタマムシ亜科,ナガタマムシ族,,,,Agrilus,,boninensis,,,,,オガサワラナガタマムシ,,,,,,,"Agrilus boninensis Y. Kurosawa, 1963",ムニンエノキ,日本産タマムシ大図鑑,ムニンエノキに集まる。,7~10月,,,,
10119,Buprestidae,タマムシ科,Agrilinae,ナガタマムシ亜科,ナガタマムシ族,,,,Agrilus,,tempestivus,,,,,ウグイスナガタマムシ,,,,,,,"Agrilus tempestivus Lewis, 1893",タブノキ、シデ類、カシ類,日本産タマムシ大図鑑,クリ、シイ、カシ類、ナラ類などのひこばえ、伐採木、枯れ木に集まる。,5~8月,,,,
10120,Buprestidae,タマムシ科,Agrilinae,ナガタマムシ亜科,ナガタマムシ族,,,,Agrilus,,asiaticus,,,,,オオウグイスナガタマムシ,,,,,,,"Agrilus asiaticus Kerremans, 1898",アベマキ、クヌギ,日本産タマムシ大図鑑,クヌギやナラのひこばえやそだに集まる。,5~8月,,,,
10121,Buprestidae,タマムシ科,Agrilinae,ナガタマムシ亜科,ナガタマムシ族,,,,Agrilus,,sp.2,,,,,キタウグイスナガタマムシ,,,,,,,Agrilus sp.1,不明（イタヤカエデやアサダのスウィーピングで採集）,日本産タマムシ大図鑑,イタヤカエデやアサダのスウィーピングによって得られている。,6~7月,,,,
10122,Buprestidae,タマムシ科,Agrilinae,ナガタマムシ亜科,ナガタマムシ族,,,,Agrilus,,chekiangensis,,,,,キュウシュウナガタマムシ,,,,,,,"Agrilus chekiangensis Gebhardt, 1928",不明（ヤマウルシのスウィーピングで採集）,日本産タマムシ大図鑑,ヤマウルシのスウィーピングで得られている。,4~7月,,,,
10123,Buprestidae,タマムシ科,Agrilinae,ナガタマムシ亜科,ナガタマムシ族,,,,Agrilus,,esakii,,,,,エサキナガタマムシ,,,,,,,"Agrilus esakii Y. Kurosawa, 1964",ツブラジイ,日本産タマムシ大図鑑,シイ類の伐採木や枯れ木に集まる。,6~7月,,,,
10124,Buprestidae,タマムシ科,Agrilinae,ナガタマムシ亜科,ナガタマムシ族,,,,Agrilus,,toyoshimai,,,,,トヨシマナガタマムシ,,,,,,,"Agrilus toyoshimal Toyama, 1988",不明,日本産タマムシ大図鑑,伐採木(樹種不明)に飛来した。,6月,,,,
10125,Buprestidae,タマムシ科,Agrilinae,ナガタマムシ亜科,ナガタマムシ族,,,,Agrilus,,shibatai,,,,,シバタナガタマムシ,,,,,,,"Agrilus shibatai Y. Kurosawa, 1964",ツブラジイ,日本産タマムシ大図鑑,シイ類を加害する。,4~7月,,,,
10126,Buprestidae,タマムシ科,Agrilinae,ナガタマムシ亜科,ナガタマムシ族,,,,Agrilus,,makiharaiellus,,,,,マキハラナガタマムシ,,,,,,,"Agrilus makiharaiellus Ohmomo, 2006",不明,日本産タマムシ大図鑑,,不明,,,,
10127,Buprestidae,タマムシ科,Agrilinae,ナガタマムシ亜科,ナガタマムシ族,,,,Agrilus,,hokkaidoensis,,,,,エゾナガタマムシ,,,,,,,"Agrilus hokkaidoensis Toyama, 1985",不明,日本産タマムシ大図鑑,,7月,,,,
10128,Buprestidae,タマムシ科,Agrilinae,ナガタマムシ亜科,ナガタマムシ族,,,,Agrilus,,suginoi,,,,,スギノナガタマムシ,,,,,,,"Agrilus suginol Toyama, 1985",不明,日本産タマムシ大図鑑,材採集で得られた2頭の雌が記載に用いられた。,不明,,,,
10129,Buprestidae,タマムシ科,Agrilinae,ナガタマムシ亜科,ケシタマムシ族,,,,Aphanisticus,,antennatus,,,,,ヒゲブトケシタマムシ,,,,,,,"Aphanisticus antennatus E. Saunders, 1873",不明（シバ類などのイネ科植物上で採集）,日本産タマムシ大図鑑,シバ類のみならず各種のイネ科植物を利用し、新葉あるいは刈り込んだ後の再生葉のスウィーピングで採集される。,不明,,,,
10130,Buprestidae,タマムシ科,Agrilinae,ナガタマムシ亜科,ケシタマムシ族,,,,Aphanisticus,,congener,,,,,クロケシタマムシ,,,,,,,"Aphanisticus congener E. Saunders, 1873",不明（イネ科植物のスウィーピングで採集）,日本産タマムシ大図鑑,イネ科植物、特に刈り込んだ後の柔らかい再生葉のスウィーピングで採集される。成虫越冬。,初秋に現れ、越冬後3~5月,,,,
10131,Buprestidae,タマムシ科,Agrilinae,ナガタマムシ亜科,ケシタマムシ族,,,,Aphanisticus,,okinawanus,,,,,チュウジョウケシタマムシ,,,,,,,"Aphanisticus okinawanus Ohmomo, 2004",不明（イネ科草地のスウィーピングで採集）,日本産タマムシ大図鑑,イネ科草地のスウィーピングで採集される。,秋期および4~5月頃,,,,
10132,Buprestidae,タマムシ科,Agrilinae,ナガタマムシ亜科,ケシタマムシ族,,,,Aphanisticus,,yasumatsui,,,,,ヤスマツケシタマムシ,,,,,,,"Aphanisticus yasumatsui Y. Kurosawa, 1954",カンスゲ,日本産タマムシ大図鑑,幼虫はカンスゲの潜葉虫。成虫は谷沿いの木漏れ日の射すカンスゲの上などで見られる。成虫越冬。,初秋に現れ、越冬後4~5月頃,,,,
10133,Buprestidae,タマムシ科,Agrilinae,ナガタマムシ亜科,ケシタマムシ族,,,,Endelus,,opacipennis,,,,,キヌツヤエグリタマムシ,,,,,,,"Endelus (Kubaniellus) opacipennis Y. Kurosawa, 1985",不明,日本産タマムシ大図鑑,成虫はシダ類の葉上で発見される。,4~5月頃,,,,
10134,Buprestidae,タマムシ科,Agrilinae,ナガタマムシ亜科,ケシタマムシ族,,,,Endelus,,bicarinatus,,,,,クロエグリタマムシ,,,,,,,"Endelus (Endelus) bicarinatus Théry, 1932",不明（シダ類のスウィーピングで採集）,日本産タマムシ大図鑑,成虫はシダ類のスウィーピングで採集される。,5~7月頃,,,,
10135,Buprestidae,タマムシ科,Agrilinae,ナガタマムシ亜科,,,,,Endelus,,collaris,,,,,キンイロエグリタマムシ,,,,,,,Endelus collaris,ベニシダ、オニヤブソテツ、コモチシダ,日本産タマムシ大図鑑,,,,,,
10136,Buprestidae,タマムシ科,Agrilinae,ナガタマムシ亜科,,,,,Endelus,,pyrrosiae,,,,,アカガネエグリタマムシ,,,,,,,Endelus pyrrosiae,ヒトツバ,日本産タマムシ大図鑑,,,,,,
10137,Buprestidae,タマムシ科,Agrilinae,ナガタマムシ亜科,ケシタマムシ族,,,,Paracylindromorphus,,japanensis,,,,,ホソツツタマムシ,,,,,,,"Paracylindromorphus japanensis (E. Saunders, 1873)",カヤ（ススキ）,日本産タマムシ大図鑑,ススキなどのイネ科植物あるいはその周辺の葉上で採集される。,5~7月頃,,,,
10138,Buprestidae,タマムシ科,Agrilinae,ナガタマムシ亜科,チビタマムシ族,,,,Trachys,,auricollis,,,,,クズノチビタマムシ,,,,,,,"Trachys auricollis E. Saunders, 1873",クズ,日本産タマムシ大図鑑,成虫はクズの葉上で普通に見つかる。,5~6月,,,,
10139,Buprestidae,タマムシ科,Agrilinae,ナガタマムシ亜科,チビタマムシ族,,,,Trachys,,saundersi,,,,,ソーンダースチビタマムシ,,,,,,,"Trachys saundersi Lewis, 1893",ウツギ、ヒメウツギ,日本産タマムシ大図鑑,成虫はウツギやヒメウツギの葉上にアカガネチビタマムシとともに普通に見られる。,,,,,
10140,Buprestidae,タマムシ科,Agrilinae,ナガタマムシ亜科,チビタマムシ族,,,,Trachys,,inconspicuus,,,,,ウメチビタマムシ,,,,,,,"Trachys inconspicuus E. Saunders, 1873",ウメ、アンズ,日本産タマムシ大図鑑,成虫はウメやアンズの葉上に見られる。,,,,,
10141,Buprestidae,タマムシ科,Agrilinae,ナガタマムシ亜科,チビタマムシ族,,,,Trachys,,pseudoscrobiculatus,,,,,クロチビタマムシ,,,,,,,"Trachys pseudoscrobiculatus Obenberger, 1940",スミレ、タチツボスミレ,日本産タマムシ大図鑑,幼虫はスミレ、タチツボスミレの潜葉虫。,,,,,
10142,Buprestidae,タマムシ科,Agrilinae,ナガタマムシ亜科,チビタマムシ族,,,,Trachys,,minutus,,,,,ヤナギチビタマムシ,,,,,,,"Trachys minutus (Linnaeus, 1758)",ドロノキ、ヤナギ類,日本産タマムシ大図鑑,成虫は各種ヤナギ類の葉上で普通に見られる。,,,,,
10143,Buprestidae,タマムシ科,Agrilinae,ナガタマムシ亜科,チビタマムシ族,,,,Trachys,,aurifluus,,,,,シナノキチビタマムシ,,,,,,,"Trachys aurifluus Solsky, 1875",シナノキ、オオバボダイジュ,日本産タマムシ大図鑑,成虫はオオバボダイジュやシナノキの葉上に見られる。,,,,,
10144,Buprestidae,タマムシ科,Agrilinae,ナガタマムシ亜科,チビタマムシ族,,,,Trachys,,cupricolor,,,,,ドウイロチビタマムシ,,,,,,,"Trachys cupricolor E. Saunders, 1873",ケヤキ,日本産タマムシ大図鑑,成虫はケヤキの葉上に見られる。,,,,,
10145,Buprestidae,タマムシ科,Agrilinae,ナガタマムシ亜科,チビタマムシ族,,,,Trachys,,pecirkai,,,,,キタドウイロチビタマムシ,,,,,,,"Trachys pecirkai Obenberger, 1925",ハルニレ,日本産タマムシ大図鑑,成虫は山間地のハルニレの葉上に見られる。,,,,,
10146,Buprestidae,タマムシ科,Agrilinae,ナガタマムシ亜科,チビタマムシ族,,,,Trachys,,reitteri,,,,,マメチビタマムシ,,,,,,,"Trachys reitteri Obenberger, 1930",ヤブマメ、クズ、タンキリマメ、ダイズ,日本産タマムシ大図鑑,成虫は日当たりの良いヤブマメやタンキリマメの葉上に普通に見られる。,,,,,
10147,Buprestidae,タマムシ科,Agrilinae,ナガタマムシ亜科,チビタマムシ族,,,,Trachys,,tokyoensis,,,,,ヌスビトハギチビタマムシ,,,,,,,"Trachys tokyoensis Obenberger, 1940",ヌスビトハギ,日本産タマムシ大図鑑,成虫はやや日陰のヌスビトハギの葉上に見られる。,,,,,
10148,Buprestidae,タマムシ科,Agrilinae,ナガタマムシ亜科,チビタマムシ族,,,,Trachys,,tsushimae,,,,,アカガネチビタマムシ,,,,,,,"Trachys tsushimae Obenberger, 1922",ウツギ,日本産タマムシ大図鑑,成虫はウツギ類の葉上にソーンダースチビタマムシと共に普通に見られる。,,,,,
10149,Buprestidae,タマムシ科,Agrilinae,ナガタマムシ亜科,チビタマムシ族,,,,Trachys,,ineditus,,,,,マルガタチビタマムシ,,,,,,,"Trachys ineditus E. Saunders, 1873",ムクノキ,日本産タマムシ大図鑑,成虫はムクノキの葉上に発見される。,,,,,
10150,Buprestidae,タマムシ科,Agrilinae,ナガタマムシ亜科,チビタマムシ族,,,,Trachys,,broussonetiae,,,,,コウゾチビタマムシ,,,,,,,"Trachys broussonetiae Y. Kurosawa, 1985",コウゾ、ツルコウゾ、ヤマクワ,日本産タマムシ大図鑑,コウゾ、カジノキ、ツルコウゾ、ヤマクワなどに普通に見られる。,,,,,
10151,Buprestidae,タマムシ科,Agrilinae,ナガタマムシ亜科,チビタマムシ族,,,,Trachys,,robustus,,,,,サシゲチビタマムシ,,,,,,,"Trachys robustus E. Saunders, 1873",スダジイ,日本産タマムシ大図鑑,成虫は8月中旬頃から現れ、成虫で越冬し、翌春に再活動する。,,,,,
10152,Buprestidae,タマムシ科,Agrilinae,ナガタマムシ亜科,チビタマムシ族,,,,Trachys,,variolaris,,,,,ダンダラチビタマムシ,,,,,,,"Trachys variolaris E. Saunders, 1873",アラカシ、コナラ、ミズナラ、カシワ、クヌギ、アベマキ,日本産タマムシ大図鑑,平野部から中山間地域のクヌギ、カシワ、アベマキなどのナラ類の葉上に普通に見られる。,,,,,
10153,Buprestidae,タマムシ科,Agrilinae,ナガタマムシ亜科,チビタマムシ族,,,,Trachys,,dilaticeps,,,,,オオダンダラチビタマムシ,,,,,,,"Trachys dilaticeps Gebhardt, 1928",シイ類,日本産タマムシ大図鑑,スダジイのスウィーピングによって採集される。,,,,,
10154,Buprestidae,タマムシ科,Agrilinae,ナガタマムシ亜科,チビタマムシ族,,,,Trachys,,griseofasciatus,,,,,ナミガタチビタマムシ,,,,,,,"Trachys griseofasciatus E. Saunders, 1873",ムクノキ、エノキ,日本産タマムシ大図鑑,エノキやムクノキの葉上に見られる。,,,,,
10155,Buprestidae,タマムシ科,Agrilinae,ナガタマムシ亜科,チビタマムシ族,,,,Trachys,,yanoi,,,,,ヤノナミガタチビタマムシ,,,,,,,"Trachys yanoi Y. Kurosawa, 1959",ケヤキ,日本産タマムシ大図鑑,平地から中山間地域のケヤキの葉上に普通に見られ、時に大発生する。,,,,,
10156,Buprestidae,タマムシ科,Agrilinae,ナガタマムシ亜科,チビタマムシ族,,,,Habroloma,,bifrons,,,,,スジチビタマムシ,,,,,,,"Habroloma (Habroloma) bifrons (Kiesenwetter, 1879)",不明,日本産タマムシ大図鑑,ヨーロッパの近縁種はフウロソウ類の潜葉虫。,,,,,
10157,Buprestidae,タマムシ科,Agrilinae,ナガタマムシ亜科,チビタマムシ族,,,,Habroloma,,lewisii,,,,,ルイスヒラタチビタマムシ,,,,,,,"Habroloma (Parahabroloma) lewisii (E. Saunders, 1873)",ノイバラ,日本産タマムシ大図鑑,成虫はノイバラの葉上に見られる。,,,,,
10158,Buprestidae,タマムシ科,Agrilinae,ナガタマムシ亜科,,,,,Habroloma,,eximium,,,,,ツマキヒラタチビタマムシ,,,,,,,Habroloma eximium,ハイノキ、シロバイ,日本産タマムシ大図鑑,,,,,,
10159,Buprestidae,タマムシ科,Agrilinae,ナガタマムシ亜科,チビタマムシ族,,,,Habroloma,,liukiuense,,,,,オキナワツマキヒラタチビタマムシ,,,,,,,"Habroloma (Parahabroloma) liukiuense (Obenberger, 1940)",リュウキュウハイノキ、アマシバ,日本産タマムシ大図鑑,リュウキュウハイノキ、アマシバのスウィーピングによって採集される。,,,,,
10160,Buprestidae,タマムシ科,Agrilinae,ナガタマムシ亜科,チビタマムシ族,,,,Habroloma,,griseonigrum,,,,,ハイイロヒラタチビタマムシ,,,,,,,"Habroloma (Parahabroloma) griseonigrum (E. Saunders, 1873)",コナラ、クヌギ、アカガシ、アラカシ,日本産タマムシ大図鑑,アカガシやクヌギなどの枝先を掬って採集される。,,,,,
10161,Buprestidae,タマムシ科,Agrilinae,ナガタマムシ亜科,チビタマムシ族,,,,Habroloma,,nixillum,,,,,カラカネヒラタチビタマムシ,,,,,,,"Habroloma (Parahabroloma) nixillum (Obenberger, 1929)",シマサルスベリ,日本産タマムシ大図鑑,シマサルスベリのスウィーピングによって採集される。,,,,,
10162,Buprestidae,タマムシ科,Agrilinae,ナガタマムシ亜科,チビタマムシ族,,,,Habroloma,,marginicolle,,,,,シロズヒラタチビタマムシ,,,,,,,"Habroloma (Parahabroloma) marginicolle (Fairmaire, 1888)",ホウロクイチゴ,日本産タマムシ大図鑑,ホウロクイチゴなどのキイチゴ類の葉上に普通。,,,,,
10163,Buprestidae,タマムシ科,Agrilinae,ナガタマムシ亜科,チビタマムシ族,,,,Habroloma,,asahinai,,,,,アサヒナヒラタチビタマムシ,,,,,,,"Habroloma (Parahabroloma) asahinai Y. Kurosawa, 1959",ホウロクイチゴ,日本産タマムシ大図鑑,ホウロクイチゴの葉上に見られる。,,,,,
10164,Buprestidae,タマムシ科,Agrilinae,ナガタマムシ亜科,,,,,Habroloma,,hikosanense,,,,,ヒコサンヒラタチビタマムシ,,,,,,,Habroloma hikosanense,不明,日本産タマムシ大図鑑,,,,,,
10165,Buprestidae,タマムシ科,Agrilinae,ナガタマムシ亜科,チビタマムシ族,,,,Habroloma,,yuasai,,,,,ナガヒラタチビタマムシ,,,,,,,"Habroloma (Parahabroloma) yuasai Y. Kurosawa, 1976",ノグルミ,日本産タマムシ大図鑑,ノグルミなどのスウィーピングで採集される。,,,,,
10166,Buprestidae,タマムシ科,Agrilinae,ナガタマムシ亜科,チビタマムシ族,,,,Habroloma,,subbicorne,,,,,ヒラタチビタマムシ,,,,,,,"Habroloma (Parahabroloma) subbicorne (Motschulsky, 1861)",ナワシロイチゴ、ナガバモミジイチゴ、フユイチゴ、イチゴ,日本産タマムシ大図鑑,ナワシロイチゴなどの草本性キイチゴ類の葉上に多いが、木本性のキイチゴ類にも見られる。,,,,,
10167,Buprestidae,タマムシ科,Agrilinae,ナガタマムシ亜科,チビタマムシ族,,,,Habroloma,,atronitidum,,,,,ヒメヒラタチビタマムシ,,,,,,,"Habroloma (Parahabroloma) atronitidum (Gebhardt, 1928)",キイチゴ類,日本産タマムシ大図鑑,平野部のキイチゴ類の葉上に見られる。,,,,,
