record_id,insect_id,note_type,content,reference,page,year
note-000001,species-0231,生態情報,含水率の高い新鮮なものを好む。；また幼虫はヒトクチタケの寄主であるアカマツ（マツ科）の樹皮下から子実体へむかって穿孔することが多い,日本産蛾類標準図鑑3,,
note-000002,species-3624,生態情報,飼育条件下ではツルフジバカマ; クサフジ; ヤハズエンドウなどマメ科植物で飼育に成功している。野外では未確認。国外ではヨーロッパや中国でもマメ科につくことが知られる,日本産蛾類標準図鑑1,,
note-000003,species-4016,生態情報,国外では; カモメヅル属 (キョウチクトウ科) の記録があり; ヨーロッパでは各種の樹木; 草本につくという,日本産蛾類標準図鑑1,,
note-000004,species-4436,生態情報,飼育ではコハウチワカエデ（ムクロジ科）; ミズナラ（以上ブナ科）で育つことが判明した。国外では; ヤナギ科やバラ科の植物を食すことが知られている,日本産蛾類標準図鑑1,,
note-000005,species-4606,生態情報,広食性; 国外ではバラ科; マメ科; ミカン科; ツバキ科。台湾ではリュウガン; レイシ (ムクロジ科); チャノキ(ツバキ科)の害虫,日本産蛾類標準図鑑2,,
note-000006,species-5376,生態情報,世界的にはワタの害虫として著名だが、日本ではワタの害虫として注目されることはなく、ムクゲ、オクラ、ハイビスカス、フヨウ、ローゼルなどの植栽種を食している。ハイビスカスはアオイ科フヨウ属 (Hibiscus) の植物で、フヨウやローゼルと同属である,日本産蛾類標準図鑑2,,
note-000007,species-5480,生態情報,国外では; パプアニューギニア島でコウエンポク (マメ科); タイではランブータン(ムクロジ科)に大食害を与えることが知られる,日本産蛾類標準図鑑2,,
note-000008,species-5521,生態情報,国外では; アカシア; ネムノキ(以上マメ科)が知られ; ハワイでは; 時にキンキジュ (マメ科)に大きな被害を与えることが知られる,日本産蛾類標準図鑑2,,
note-000009,species-5583,生態情報,広食性; ヨーロッパではセイヨウイラクサ(イラクサ科); クレマチス (キンポウゲ科); トウダイグサ科; カワラボウフウ(セリ科); ヒメオドリコソウ (シソ科),日本産蛾類標準図鑑2,,
note-000010,species-5592,生態情報,広食性; ヨーロッパではセイヨウイラクサなどのイラクサ科; オランダイチゴ属; オドリコソウなどのヒメオドリコソウ属; ハナハッカ; ハッカ属; ニガハッカ属; イヌゴマ属 (以上シソ科),日本産蛾類標準図鑑2,,
note-000011,species-5605,生態情報,国外では; 寄主植物はオオバコ (オオバコ科); アブラナ科; また; おそらくイラクサ(イラクサ科),日本産蛾類標準図鑑2,,
note-000012,species-10001,生態情報,成虫はハマボウの花弁を後食する。アデクから羽化脱出した記録あり。,日本産タマムシ大図鑑,,1895
note-000013,species-10001,出現時期,不明,日本産タマムシ大図鑑,,1895
note-000014,species-10002,生態情報,成虫はモモなどを後食する。本来の分布は中国大陸で、人為的に分布が拡大した外来種の可能性が推察される。,日本産タマムシ大図鑑,,1867
note-000015,species-10002,出現時期,5~6月,日本産タマムシ大図鑑,,1867
note-000016,species-10003,生態情報,沖縄島ではマルバニッケイの枯れ枝から羽化。,日本産タマムシ大図鑑,,1972
note-000017,species-10003,出現時期,4月上旬~6月上旬,日本産タマムシ大図鑑,,1972
note-000018,species-10004,生態情報,幼虫はクワ科イチジク属植物の潜葉虫として葉裏に潜り込み、内部組織を食害する。,日本産タマムシ大図鑑,,1873
note-000019,species-10004,出現時期,3~6月,日本産タマムシ大図鑑,,1873
note-000020,species-10005,生態情報,北大東島の固有種。オオイタビの葉より成虫を羽化脱出させた記録あり。,日本産タマムシ大図鑑,,1985
note-000021,species-10005,出現時期,3~6月頃 (秋期に発生している可能性もあり),日本産タマムシ大図鑑,,1985
note-000022,species-10008,生態情報,成虫はムニンエノキに集まる。,日本産タマムシ大図鑑,,1890
note-000023,species-10008,出現時期,6~8月,日本産タマムシ大図鑑,,1890
note-000024,species-10009,生態情報,成虫はマテバシイ、ウバメガシ、スダジイ、ホルトノキ、カシ類などに集まる。,日本産タマムシ大図鑑,,1837)
note-000025,species-10009,出現時期,5~8月,日本産タマムシ大図鑑,,1837)
note-000026,species-10010,生態情報,タブノキやモモタマナなどを食害する。,日本産タマムシ大図鑑,,1873
note-000027,species-10010,出現時期,4~8月,日本産タマムシ大図鑑,,1873
note-000028,species-10014,生態情報,成虫はアオハダ、クロガネモチ、ソヨゴ、ツゲ、ソメイヨシノなどに集まる。,日本産タマムシ大図鑑,,
note-000029,species-10014,出現時期,5月中旬~8月上旬,日本産タマムシ大図鑑,,
note-000030,species-10015,生態情報,成虫はエノキの太い枯れ枝やウロに飛来する。,日本産タマムシ大図鑑,,
note-000031,species-10015,出現時期,5月中旬~7月,日本産タマムシ大図鑑,,
note-000032,species-10016,生態情報,成虫はミズナラやクリの枯れ枝に集まる。,日本産タマムシ大図鑑,,
note-000033,species-10016,出現時期,5月下旬~8月上旬,日本産タマムシ大図鑑,,
note-000034,species-10017,出現時期,6~8月,日本産タマムシ大図鑑,,
note-000035,species-10018,生態情報,幼虫はヒノキ、スギ、ネズを食害する。成虫はハゼノキなどの生葉を後食する。,日本産タマムシ大図鑑,,
note-000036,species-10018,出現時期,5~8月,日本産タマムシ大図鑑,,
note-000037,species-10021,生態情報,成虫はミヤマハンノキ、ヤマハンノキ、ミネヤナギ、ネコヤナギなどの生葉に集まり、同木の衰弱木を食害する。,日本産タマムシ大図鑑,,
note-000038,species-10021,出現時期,6~8月,日本産タマムシ大図鑑,,
note-000039,species-10023,生態情報,成虫はカンバ類、ヤナギ類、ハンノキ類の倒木、枯れ木、伐採木等に集まる。,日本産タマムシ大図鑑,,
note-000040,species-10023,出現時期,6~8月,日本産タマムシ大図鑑,,
note-000041,species-10024,生態情報,幼虫はモミ、スギ、ツガの枯れ木を食害する。成虫は晩夏に羽化脱出し、スギやヒノキ、モミの樹皮下で越冬し、翌年に再活動する。,日本産タマムシ大図鑑,,
note-000042,species-10024,出現時期,晩夏に羽化、越冬後再活動,日本産タマムシ大図鑑,,
note-000043,species-10025,生態情報,成虫はシマグワの古木の幹に飛来する。,日本産タマムシ大図鑑,,
note-000044,species-10025,出現時期,7月,日本産タマムシ大図鑑,,
note-000045,species-10026,生態情報,成虫は大きなシマグワの幹に飛来する。,日本産タマムシ大図鑑,,
note-000046,species-10026,出現時期,不明,日本産タマムシ大図鑑,,
note-000047,species-10027,生態情報,成虫はリュウキュウマツの立ち枯れや伐採木に集まる。,日本産タマムシ大図鑑,,
note-000048,species-10027,出現時期,7~8月,日本産タマムシ大図鑑,,
note-000049,species-10029,生態情報,成虫はマツ類の枯れ木や伐採木に集まる。雄はヒメコマツ（ゴヨウマツ）の孤立木樹冠に集まる。,日本産タマムシ大図鑑,,
note-000050,species-10029,出現時期,5-8月,日本産タマムシ大図鑑,,
note-000051,species-10030,生態情報,成虫はドロノキの倒木幹に飛来する。,日本産タマムシ大図鑑,,
note-000052,species-10030,出現時期,7~8月,日本産タマムシ大図鑑,,
note-000053,species-10031,生態情報,成虫はモミやマツ類の枯れ木や伐採木に集まり、灯火にも飛来する。近年、ブナの生葉を後食することが観察された。,日本産タマムシ大図鑑,,
note-000054,species-10031,出現時期,7~8月,日本産タマムシ大図鑑,,
note-000055,species-10032,生態情報,成虫はマツ類の衰弱木や新鮮な伐採木に集まり、焦げた立木や煙に飛来した記録がある。,日本産タマムシ大図鑑,,
note-000056,species-10032,出現時期,6~8月,日本産タマムシ大図鑑,,
note-000057,species-10033,生態情報,成虫は各種の花に集まり、コクタンを食害する。,日本産タマムシ大図鑑,,
note-000058,species-10033,出現時期,5~7月,日本産タマムシ大図鑑,,
note-000059,species-10034,生態情報,成虫は各種の花に集まり、アデクやムニンエノキを食害する。,日本産タマムシ大図鑑,,
note-000060,species-10034,出現時期,6~7月,日本産タマムシ大図鑑,,
note-000061,species-10036,生態情報,成虫はアベマキ、コナラ、クヌギなどのひこばえに集まり、ノイバラなどの花にも集まる。,日本産タマムシ大図鑑,,
note-000062,species-10036,出現時期,5~7月,日本産タマムシ大図鑑,,
note-000063,species-10037,生態情報,成虫は各種の花やマツ類の枯れ枝に集まる。,日本産タマムシ大図鑑,,
note-000064,species-10037,出現時期,5~8月,日本産タマムシ大図鑑,,
note-000065,species-10038,生態情報,成虫はリュウキュウマツの枯れ木や各種の花に集まる。,日本産タマムシ大図鑑,,
note-000066,species-10038,出現時期,5~7月,日本産タマムシ大図鑑,,
note-000067,species-10039,生態情報,成虫はリュウキュウマツの枯れ枝や各種の花に集まる。,日本産タマムシ大図鑑,,
note-000068,species-10039,出現時期,4~7月,日本産タマムシ大図鑑,,
note-000069,species-10040,生態情報,成虫はリュウキュウマツの枯れ枝や各種の花に集まる。,日本産タマムシ大図鑑,,
note-000070,species-10040,出現時期,4~6月,日本産タマムシ大図鑑,,
note-000071,species-10041,生態情報,各種広葉樹やマツ類、時にはイチョウの枯れ枝や伐採枝に集まる。,日本産タマムシ大図鑑,,
note-000072,species-10041,出現時期,5~8月,日本産タマムシ大図鑑,,
note-000073,species-10042,生態情報,成虫はダケカンバやカエデの枯れ木に飛来する。,日本産タマムシ大図鑑,,
note-000074,species-10042,出現時期,6-8月,日本産タマムシ大図鑑,,
note-000075,species-10043,生態情報,成虫はマツ類の枯れ木や伐採木に集まる。,日本産タマムシ大図鑑,,
note-000076,species-10043,出現時期,5~7月,日本産タマムシ大図鑑,,
note-000077,species-10044,生態情報,成虫はモミやマツ類の枯れ木や伐採木に集まる。,日本産タマムシ大図鑑,,
note-000078,species-10044,出現時期,6~8月,日本産タマムシ大図鑑,,
note-000079,species-10045,生態情報,成虫はクリやアベマキの枯れ枝や伐採枝に集まる。,日本産タマムシ大図鑑,,
note-000080,species-10045,出現時期,4月末~6月頃,日本産タマムシ大図鑑,,
note-000081,species-10049,生態情報,成虫はマツ類の衰弱木、枯れ木、伐採木に集まる。,日本産タマムシ大図鑑,,
note-000082,species-10049,出現時期,7~8月,日本産タマムシ大図鑑,,
note-000083,species-10050,生態情報,成虫はクヌギやアカガシなどの枯木や伐採木に集まる。,日本産タマムシ大図鑑,,
note-000084,species-10050,出現時期,5~9月,日本産タマムシ大図鑑,,
note-000085,species-10051,生態情報,成虫はサルスベリの生葉に集まる。,日本産タマムシ大図鑑,,
note-000086,species-10051,出現時期,5~7月,日本産タマムシ大図鑑,,
note-000087,species-10053,生態情報,クヌギ、コナラ、アベマキなどの生葉のスウィーピングで採集される。,日本産タマムシ大図鑑,,
note-000088,species-10053,出現時期,5~7月,日本産タマムシ大図鑑,,
note-000089,species-10054,生態情報,山間地のオニグルミの生葉をスウィーピングして採集される。,日本産タマムシ大図鑑,,
note-000090,species-10054,出現時期,6~8月,日本産タマムシ大図鑑,,
note-000091,species-10055,生態情報,ネコヤナギやケショウヤナギなどの細葉のヤナギ類の生葉をスウィーピングして採集される。,日本産タマムシ大図鑑,,
note-000092,species-10055,出現時期,5~8月,日本産タマムシ大図鑑,,
note-000093,species-10057,生態情報,ブナの梢のスウィーピングで採集される。,日本産タマムシ大図鑑,,
note-000094,species-10057,出現時期,7月,日本産タマムシ大図鑑,,
note-000095,species-10058,生態情報,シイ類のスウィーピングで採集される。,日本産タマムシ大図鑑,,
note-000096,species-10058,出現時期,7~8月,日本産タマムシ大図鑑,,
note-000097,species-10059,生態情報,イスノキの新鮮な枯れ枝から脱出。成虫はイスノキの生葉に集まる。,日本産タマムシ大図鑑,,
note-000098,species-10059,出現時期,不明,日本産タマムシ大図鑑,,
note-000099,species-10060,生態情報,シイ類やカシ類の生葉をスウィーピングして採集される。,日本産タマムシ大図鑑,,
note-000100,species-10060,出現時期,5~6月,日本産タマムシ大図鑑,,
note-000101,species-10065,生態情報,幼虫はクマイチゴなどのキイチゴ類の根部を加害し、成虫はその生葉上に多い。,日本産タマムシ大図鑑,,
note-000102,species-10065,出現時期,4~8月,日本産タマムシ大図鑑,,
note-000103,species-10067,生態情報,ミズナラの高所枝先のスウィーピングで採集される。,日本産タマムシ大図鑑,,
note-000104,species-10067,出現時期,6~9月,日本産タマムシ大図鑑,,
note-000105,species-10068,生態情報,タンナサワフタギを加害し、その生葉のスウィーピングによって採集される。,日本産タマムシ大図鑑,,
note-000106,species-10068,出現時期,6~8月,日本産タマムシ大図鑑,,
note-000107,species-10069,生態情報,ナカハラクロキを寄主植物としていることが確認され、成虫も生葉のスウィーピングで採集される。,日本産タマムシ大図鑑,,
note-000108,species-10069,出現時期,5月中旬~7月上旬,日本産タマムシ大図鑑,,
note-000109,species-10070,生態情報,大分県ではエゴノキのスウィーピングで得られている。,日本産タマムシ大図鑑,,
note-000110,species-10070,出現時期,4~7月,日本産タマムシ大図鑑,,
note-000111,species-10072,生態情報,ヤマボウシの衰弱木を食害し、その生葉や花を後食する。,日本産タマムシ大図鑑,,
note-000112,species-10072,出現時期,6~7月,日本産タマムシ大図鑑,,
note-000113,species-10073,生態情報,ナワシロイチゴの生葉上に見られる。,日本産タマムシ大図鑑,,
note-000114,species-10073,出現時期,5~8月,日本産タマムシ大図鑑,,
note-000115,species-10075,生態情報,アカメガシワを食害し、その生葉上でよく見掛ける。,日本産タマムシ大図鑑,,
note-000116,species-10075,出現時期,3~8月,日本産タマムシ大図鑑,,
note-000117,species-10077,出現時期,不明,日本産タマムシ大図鑑,,
note-000118,species-10078,生態情報,新成虫は秋に羽化脱出してエノキの生葉を後食し、樹皮下などで野外越冬する。越冬後、4~5月にエノキやケヤキなどのひこばえやそだに集まる。,日本産タマムシ大図鑑,,
note-000119,species-10078,出現時期,秋に羽化、越冬後4~5月,日本産タマムシ大図鑑,,
note-000120,species-10079,生態情報,クヌギやナラ類のひこばえやそだに集まる。,日本産タマムシ大図鑑,,
note-000121,species-10079,出現時期,5~8月,日本産タマムシ大図鑑,,
note-000122,species-10080,生態情報,サワグルミ、ハルニレ、シオジ、ヤチダモなどの衰弱木に集まる。トネリコ類からの羽化脱出記録はある。,日本産タマムシ大図鑑,,
note-000123,species-10080,出現時期,6~8月,日本産タマムシ大図鑑,,
note-000124,species-10081,生態情報,日本では栃木県日光からの1例の記録のみ。,日本産タマムシ大図鑑,,
note-000125,species-10081,出現時期,不明,日本産タマムシ大図鑑,,
note-000126,species-10083,生態情報,エノキの伐採木や枯れ木に集まる。,日本産タマムシ大図鑑,,
note-000127,species-10083,出現時期,5~8月,日本産タマムシ大図鑑,,
note-000128,species-10084,生態情報,山間部のエゾエノキの太い幹に飛来する。,日本産タマムシ大図鑑,,
note-000129,species-10084,出現時期,7~8月,日本産タマムシ大図鑑,,
note-000130,species-10085,生態情報,ドロノキやヤマナラシ等の衰弱木に集まる。,日本産タマムシ大図鑑,,
note-000131,species-10085,出現時期,6-8月,日本産タマムシ大図鑑,,
note-000132,species-10086,生態情報,岡山県では、フジキやユクノキに飛来した個体が採集されている。,日本産タマムシ大図鑑,,
note-000133,species-10086,出現時期,7~8月,日本産タマムシ大図鑑,,
note-000134,species-10087,生態情報,山間部に現れ、ヤマハンノキの梢のスウィーピングで採集される。,日本産タマムシ大図鑑,,
note-000135,species-10087,出現時期,7~8月,日本産タマムシ大図鑑,,
note-000136,species-10088,生態情報,平野部から中山間部に現れ、ケヤキの衰弱木や伐採木に集まる。,日本産タマムシ大図鑑,,
note-000137,species-10088,出現時期,5~8月,日本産タマムシ大図鑑,,
note-000138,species-10089,生態情報,中山間部に現れ、クヌギの太い幹に飛来する。,日本産タマムシ大図鑑,,
note-000139,species-10089,出現時期,6~8月,日本産タマムシ大図鑑,,
note-000140,species-10090,生態情報,ハゼノキのスウィーピングで得られているほか、大分県ではタブノキの衰弱木に集まることが観察された。,日本産タマムシ大図鑑,,
note-000141,species-10090,出現時期,4~8月,日本産タマムシ大図鑑,,
note-000142,species-10091,生態情報,ナラ類の伐採木や枯れ木に集まる。,日本産タマムシ大図鑑,,
note-000143,species-10091,出現時期,5~7月,日本産タマムシ大図鑑,,
note-000144,species-10092,生態情報,カシ類の伐採木に集まる。,日本産タマムシ大図鑑,,
note-000145,species-10092,出現時期,6~7月,日本産タマムシ大図鑑,,
note-000146,species-10093,生態情報,山間部のブナ帯に現れ、ブナやカエデ類などの各種の広葉樹のスウィーピングで採集される。,日本産タマムシ大図鑑,,
note-000147,species-10093,出現時期,6~7月,日本産タマムシ大図鑑,,
note-000148,species-10094,生態情報,ケヤキ、カシワ、クリなどの伐採木やそだ、ひこばえに普通に見られる。,日本産タマムシ大図鑑,,
note-000149,species-10094,出現時期,5~7月,日本産タマムシ大図鑑,,
note-000150,species-10095,生態情報,クズノハカエデの生葉のスウィーピングで採集される。,日本産タマムシ大図鑑,,
note-000151,species-10095,出現時期,4~6月,日本産タマムシ大図鑑,,
note-000152,species-10096,生態情報,カキ類を食害する。河原の湿木ヤナギ類の生葉から採集される個体群は別種の可能性がある。,日本産タマムシ大図鑑,,
note-000153,species-10096,出現時期,5~7月,日本産タマムシ大図鑑,,
note-000154,species-10097,出現時期,5~8月,日本産タマムシ大図鑑,,
note-000155,species-10098,生態情報,カラスザンショウの衰弱木に集まり、イヌザンショウの生葉のスウィーピングでも採集される。,日本産タマムシ大図鑑,,
note-000156,species-10098,出現時期,6月下旬~8月中旬,日本産タマムシ大図鑑,,
note-000157,species-10099,生態情報,ミカン類を食害する。,日本産タマムシ大図鑑,,
note-000158,species-10099,出現時期,6~7月,日本産タマムシ大図鑑,,
note-000159,species-10100,生態情報,ミカンの害虫として知られる。,日本産タマムシ大図鑑,,
note-000160,species-10100,出現時期,6~9月,日本産タマムシ大図鑑,,
note-000161,species-10101,出現時期,8月,日本産タマムシ大図鑑,,
note-000162,species-10102,生態情報,成虫は、ハマセンダンの生葉に飛来する。,日本産タマムシ大図鑑,,
note-000163,species-10102,出現時期,4~8月,日本産タマムシ大図鑑,,
note-000164,species-10103,出現時期,6~7月,日本産タマムシ大図鑑,,
note-000165,species-10104,生態情報,シデ類やサワフタギ、シナノキなどの広葉樹の生葉のスウィーピングで採集される。,日本産タマムシ大図鑑,,
note-000166,species-10104,出現時期,5~7月,日本産タマムシ大図鑑,,
note-000167,species-10105,生態情報,ツツジ類のひこばえやそだに集まる。,日本産タマムシ大図鑑,,
note-000168,species-10105,出現時期,5~7月,日本産タマムシ大図鑑,,
note-000169,species-10106,出現時期,5~7月,日本産タマムシ大図鑑,,
note-000170,species-10107,生態情報,ヤマハンノキの梢のスウィーピングで採集される。,日本産タマムシ大図鑑,,
note-000171,species-10107,出現時期,7~8月,日本産タマムシ大図鑑,,
note-000172,species-10108,生態情報,大分県で6月にシデ類のスウィーピングによって採集されている。,日本産タマムシ大図鑑,,
note-000173,species-10108,出現時期,6月,日本産タマムシ大図鑑,,
note-000174,species-10109,生態情報,奄美大島ではトキワガキやマメガキから羽化脱出している。,日本産タマムシ大図鑑,,
note-000175,species-10109,出現時期,6~7月,日本産タマムシ大図鑑,,
note-000176,species-10110,出現時期,7~8月,日本産タマムシ大図鑑,,
note-000177,species-10111,出現時期,5月下旬~7月,日本産タマムシ大図鑑,,
note-000178,species-10112,出現時期,5~6月,日本産タマムシ大図鑑,,
note-000179,species-10113,生態情報,各種広葉樹のスウィーピングで採集される。,日本産タマムシ大図鑑,,
note-000180,species-10113,出現時期,6~7月,日本産タマムシ大図鑑,,
note-000181,species-10114,生態情報,衰弱したクズの蔓に止まる個体が採集される。,日本産タマムシ大図鑑,,
note-000182,species-10114,出現時期,6~8月,日本産タマムシ大図鑑,,
note-000183,species-10115,生態情報,エノキの伐採木や枯れ木に集まる。エノキやハルニレのスウィーピングでも採集される。,日本産タマムシ大図鑑,,
note-000184,species-10115,出現時期,6~7月,日本産タマムシ大図鑑,,
note-000185,species-10118,生態情報,ムニンエノキに集まる。,日本産タマムシ大図鑑,,
note-000186,species-10118,出現時期,7~10月,日本産タマムシ大図鑑,,
note-000187,species-10119,生態情報,クリ、シイ、カシ類、ナラ類などのひこばえ、伐採木、枯れ木に集まる。,日本産タマムシ大図鑑,,
note-000188,species-10119,出現時期,5~8月,日本産タマムシ大図鑑,,
note-000189,species-10120,生態情報,クヌギやナラのひこばえやそだに集まる。,日本産タマムシ大図鑑,,
note-000190,species-10120,出現時期,5~8月,日本産タマムシ大図鑑,,
note-000191,species-10121,生態情報,イタヤカエデやアサダのスウィーピングによって得られている。,日本産タマムシ大図鑑,,
note-000192,species-10121,出現時期,6~7月,日本産タマムシ大図鑑,,
note-000193,species-10122,生態情報,ヤマウルシのスウィーピングで得られている。,日本産タマムシ大図鑑,,
note-000194,species-10122,出現時期,4~7月,日本産タマムシ大図鑑,,
note-000195,species-10123,生態情報,シイ類の伐採木や枯れ木に集まる。,日本産タマムシ大図鑑,,
note-000196,species-10123,出現時期,6~7月,日本産タマムシ大図鑑,,
note-000197,species-10124,生態情報,伐採木(樹種不明)に飛来した。,日本産タマムシ大図鑑,,
note-000198,species-10124,出現時期,6月,日本産タマムシ大図鑑,,
note-000199,species-10125,生態情報,シイ類を加害する。,日本産タマムシ大図鑑,,
note-000200,species-10125,出現時期,4~7月,日本産タマムシ大図鑑,,
note-000201,species-10126,出現時期,不明,日本産タマムシ大図鑑,,
note-000202,species-10127,出現時期,7月,日本産タマムシ大図鑑,,
note-000203,species-10128,生態情報,材採集で得られた2頭の雌が記載に用いられた。,日本産タマムシ大図鑑,,
note-000204,species-10128,出現時期,不明,日本産タマムシ大図鑑,,
note-000205,species-10129,生態情報,シバ類のみならず各種のイネ科植物を利用し、新葉あるいは刈り込んだ後の再生葉のスウィーピングで採集される。,日本産タマムシ大図鑑,,
note-000206,species-10129,出現時期,不明,日本産タマムシ大図鑑,,
note-000207,species-10130,生態情報,イネ科植物、特に刈り込んだ後の柔らかい再生葉のスウィーピングで採集される。成虫越冬。,日本産タマムシ大図鑑,,
note-000208,species-10130,出現時期,初秋に現れ、越冬後3~5月,日本産タマムシ大図鑑,,
note-000209,species-10131,生態情報,イネ科草地のスウィーピングで採集される。,日本産タマムシ大図鑑,,
note-000210,species-10131,出現時期,秋期および4~5月頃,日本産タマムシ大図鑑,,
note-000211,species-10132,生態情報,幼虫はカンスゲの潜葉虫。成虫は谷沿いの木漏れ日の射すカンスゲの上などで見られる。成虫越冬。,日本産タマムシ大図鑑,,
note-000212,species-10132,出現時期,初秋に現れ、越冬後4~5月頃,日本産タマムシ大図鑑,,
note-000213,species-10133,生態情報,成虫はシダ類の葉上で発見される。,日本産タマムシ大図鑑,,
note-000214,species-10133,出現時期,4~5月頃,日本産タマムシ大図鑑,,
note-000215,species-10134,生態情報,成虫はシダ類のスウィーピングで採集される。,日本産タマムシ大図鑑,,
note-000216,species-10134,出現時期,5~7月頃,日本産タマムシ大図鑑,,
note-000217,species-10137,生態情報,ススキなどのイネ科植物あるいはその周辺の葉上で採集される。,日本産タマムシ大図鑑,,
note-000218,species-10137,出現時期,5~7月頃,日本産タマムシ大図鑑,,
note-000219,species-10138,生態情報,成虫はクズの葉上で普通に見つかる。,日本産タマムシ大図鑑,,
note-000220,species-10138,出現時期,5~6月,日本産タマムシ大図鑑,,
note-000221,species-10139,生態情報,成虫はウツギやヒメウツギの葉上にアカガネチビタマムシとともに普通に見られる。,日本産タマムシ大図鑑,,
note-000222,species-10140,生態情報,成虫はウメやアンズの葉上に見られる。,日本産タマムシ大図鑑,,
note-000223,species-10141,生態情報,幼虫はスミレ、タチツボスミレの潜葉虫。,日本産タマムシ大図鑑,,
note-000224,species-10142,生態情報,成虫は各種ヤナギ類の葉上で普通に見られる。,日本産タマムシ大図鑑,,
note-000225,species-10143,生態情報,成虫はオオバボダイジュやシナノキの葉上に見られる。,日本産タマムシ大図鑑,,
note-000226,species-10144,生態情報,成虫はケヤキの葉上に見られる。,日本産タマムシ大図鑑,,
note-000227,species-10145,生態情報,成虫は山間地のハルニレの葉上に見られる。,日本産タマムシ大図鑑,,
note-000228,species-10146,生態情報,成虫は日当たりの良いヤブマメやタンキリマメの葉上に普通に見られる。,日本産タマムシ大図鑑,,
note-000229,species-10147,生態情報,成虫はやや日陰のヌスビトハギの葉上に見られる。,日本産タマムシ大図鑑,,
note-000230,species-10148,生態情報,成虫はウツギ類の葉上にソーンダースチビタマムシと共に普通に見られる。,日本産タマムシ大図鑑,,
note-000231,species-10149,生態情報,成虫はムクノキの葉上に発見される。,日本産タマムシ大図鑑,,
note-000232,species-10150,生態情報,コウゾ、カジノキ、ツルコウゾ、ヤマクワなどに普通に見られる。,日本産タマムシ大図鑑,,
note-000233,species-10151,生態情報,成虫は8月中旬頃から現れ、成虫で越冬し、翌春に再活動する。,日本産タマムシ大図鑑,,
note-000234,species-10152,生態情報,平野部から中山間地域のクヌギ、カシワ、アベマキなどのナラ類の葉上に普通に見られる。,日本産タマムシ大図鑑,,
note-000235,species-10153,生態情報,スダジイのスウィーピングによって採集される。,日本産タマムシ大図鑑,,
note-000236,species-10154,生態情報,エノキやムクノキの葉上に見られる。,日本産タマムシ大図鑑,,
note-000237,species-10155,生態情報,平地から中山間地域のケヤキの葉上に普通に見られ、時に大発生する。,日本産タマムシ大図鑑,,
note-000238,species-10156,生態情報,ヨーロッパの近縁種はフウロソウ類の潜葉虫。,日本産タマムシ大図鑑,,
note-000239,species-10157,生態情報,成虫はノイバラの葉上に見られる。,日本産タマムシ大図鑑,,
note-000240,species-10159,生態情報,リュウキュウハイノキ、アマシバのスウィーピングによって採集される。,日本産タマムシ大図鑑,,
note-000241,species-10160,生態情報,アカガシやクヌギなどの枝先を掬って採集される。,日本産タマムシ大図鑑,,
note-000242,species-10161,生態情報,シマサルスベリのスウィーピングによって採集される。,日本産タマムシ大図鑑,,
note-000243,species-10162,生態情報,ホウロクイチゴなどのキイチゴ類の葉上に普通。,日本産タマムシ大図鑑,,
note-000244,species-10163,生態情報,ホウロクイチゴの葉上に見られる。,日本産タマムシ大図鑑,,
note-000245,species-10165,生態情報,ノグルミなどのスウィーピングで採集される。,日本産タマムシ大図鑑,,
note-000246,species-10166,生態情報,ナワシロイチゴなどの草本性キイチゴ類の葉上に多いが、木本性のキイチゴ類にも見られる。,日本産タマムシ大図鑑,,
note-000247,species-10167,生態情報,平野部のキイチゴ類の葉上に見られる。,日本産タマムシ大図鑑,,
note-000248,species-20276,生態情報,タラノウツギより幼虫が採集されているが、羽化にいたっていない。ヤマモモ、エビヅルより卵が確認されているが、成育するかどうかは不明。ヤマゴボウ、ヨウシュヤマゴボウ、カキノキ、チシャノキ、ヤナギの1種、ネズミモチ、シソ、ギシギシ、エゾノギシギシ、オオバコ、スズメノヤリ、イチジク、カラムシ、サンゴジュなどの花蕾・花穂・新芽にも産卵が確認されているが、これらの植物では幼虫は成育しないようである。飼育下ではインゲンマメで良好に成育する。,日本産蝶類標準図鑑,,
note-000249,species-20298,生態情報,幼虫期前半の食草はシソ科のカメバヒキオコシ・クロバナヒキオコシの花穂。オオゴマシジミの宿主となるアリは、シワクシケアリ。,日本産蝶類標準図鑑,,
note-000250,species-H001,出現時期,5~11月,ハムシハンドブック,,
note-000251,species-H011,出現時期,4~9月,ハムシハンドブック,,
note-000252,species-H014,出現時期,3~11月,ハムシハンドブック,,
note-000253,species-H024,出現時期,4~9月,ハムシハンドブック,,
note-000254,species-H026,出現時期,3~11月,ハムシハンドブック,,
note-000255,species-H028,出現時期,4~10月,ハムシハンドブック,,
note-000256,species-H029,出現時期,3~7月,ハムシハンドブック,,
note-000257,species-H032,出現時期,4~11月,ハムシハンドブック,,
note-000258,species-H036,出現時期,5~9月,ハムシハンドブック,,
note-000259,species-H040,出現時期,4~10月,ハムシハンドブック,,
note-000260,species-H048,出現時期,4~10月,ハムシハンドブック,,
note-000261,species-H049,出現時期,4~10月,ハムシハンドブック,,
note-000262,species-H050,出現時期,4~10月,ハムシハンドブック,,
note-000263,species-H051,出現時期,4~10月,ハムシハンドブック,,
note-000264,species-H052,出現時期,4~10月,ハムシハンドブック,,
note-000265,species-H053,出現時期,4~10月,ハムシハンドブック,,
note-000266,species-H054,出現時期,4~10月,ハムシハンドブック,,
note-000267,species-H069,出現時期,5~10月,ハムシハンドブック,,
note-000268,species-H070,出現時期,4~10月,ハムシハンドブック,,
note-000269,species-H074,出現時期,5~11月,ハムシハンドブック,,
note-000270,species-H078,出現時期,不明,ハムシハンドブック,,
note-000271,species-H086,出現時期,4~7月,ハムシハンドブック,,
note-000272,species-H089,出現時期,4~8月,ハムシハンドブック,,
note-000273,species-H109,出現時期,4~10月,ハムシハンドブック,,
note-000274,species-H113,出現時期,4~7月,ハムシハンドブック,,
note-000275,species-H114,出現時期,4~10月,ハムシハンドブック,,
note-000276,species-H115,出現時期,4~11月,ハムシハンドブック,,
note-000277,species-H116,出現時期,4~10月,ハムシハンドブック,,
note-000278,species-H117,出現時期,4~10月,ハムシハンドブック,,
note-000279,species-H118,出現時期,4~10月,ハムシハンドブック,,
note-000280,species-H119,出現時期,4~10月,ハムシハンドブック,,
note-000281,species-H120,出現時期,4~10月,ハムシハンドブック,,
note-000282,species-H121,出現時期,3~11月,ハムシハンドブック,,
note-000283,species-H122,出現時期,4~10月,ハムシハンドブック,,
note-000284,species-H123,出現時期,4~10月,ハムシハンドブック,,
note-000285,species-H124,出現時期,4~10月,ハムシハンドブック,,
note-000286,species-H125,出現時期,4~10月,ハムシハンドブック,,
note-000287,species-H126,出現時期,4~10月,ハムシハンドブック,,
note-000288,species-H127,出現時期,4~10月,ハムシハンドブック,,
note-000289,species-H128,出現時期,4~10月,ハムシハンドブック,,
note-000290,species-H129,出現時期,4~10月,ハムシハンドブック,,
note-000291,species-H130,出現時期,4~10月,ハムシハンドブック,,
note-000292,species-H131,出現時期,4~10月,ハムシハンドブック,,
note-000293,species-H132,出現時期,4~10月,ハムシハンドブック,,
note-000294,species-H133,出現時期,4~10月,ハムシハンドブック,,
note-000295,species-H134,出現時期,4~10月,ハムシハンドブック,,
note-000296,species-H135,出現時期,4~10月,ハムシハンドブック,,
note-000297,species-H136,出現時期,4~11月,ハムシハンドブック,,
note-000298,species-H137,出現時期,4~10月,ハムシハンドブック,,
note-000299,species-H138,出現時期,4~10月,ハムシハンドブック,,
note-000300,species-H139,出現時期,4~10月,ハムシハンドブック,,
note-000301,species-H140,出現時期,4~10月,ハムシハンドブック,,
note-000302,species-H141,出現時期,4~10月,ハムシハンドブック,,
note-000303,species-H145,出現時期,4~9月,ハムシハンドブック,,
note-000304,species-H147,出現時期,7~8月,ハムシハンドブック,,
note-000305,species-H157,出現時期,4~10月,ハムシハンドブック,,
note-000306,species-H158,出現時期,5~6月,ハムシハンドブック,,
note-000307,species-H159,出現時期,5~6月,ハムシハンドブック,,
note-000308,species-H160,出現時期,5~6月,ハムシハンドブック,,
note-000309,species-H161,出現時期,5~6月,ハムシハンドブック,,
note-000310,species-H167,出現時期,6~11月,ハムシハンドブック,,
note-000311,species-H168,出現時期,6~10月,ハムシハンドブック,,
note-000312,species-H176,出現時期,3~11月,ハムシハンドブック,,
note-000313,species-H177,出現時期,5~10月,ハムシハンドブック,,
note-000314,species-H182,出現時期,3~11月,ハムシハンドブック,,
note-000315,species-H183,出現時期,4~7月,ハムシハンドブック,,
note-000316,species-H189,出現時期,3~11月,ハムシハンドブック,,
note-000317,species-H190,出現時期,4~6月(?),ハムシハンドブック,,
note-000318,species-H192,出現時期,4~7月,ハムシハンドブック,,
note-000319,species-H193,出現時期,5~8月,ハムシハンドブック,,
note-000320,species-H199,出現時期,4~10月,ハムシハンドブック,,
note-000321,species-H200,出現時期,4~10月,ハムシハンドブック,,
note-000322,species-H201,出現時期,4~10月,ハムシハンドブック,,
note-000323,species-H202,出現時期,4~10月,ハムシハンドブック,,
note-000324,species-H203,出現時期,3~11月,ハムシハンドブック,,
note-000325,species-H204,出現時期,4~10月,ハムシハンドブック,,
note-000326,species-H205,出現時期,4~10月,ハムシハンドブック,,
note-000327,species-H206,出現時期,4~10月,ハムシハンドブック,,
note-000328,species-H208,出現時期,4~6月,ハムシハンドブック,,
note-000329,species-H210,出現時期,4~11月,ハムシハンドブック,,
note-000330,species-H222,出現時期,3~7月,ハムシハンドブック,,
note-000331,species-H226,出現時期,4~9月,ハムシハンドブック,,
note-000332,species-H227,出現時期,4~9月,ハムシハンドブック,,
note-000333,species-H238,出現時期,4~8月,ハムシハンドブック,,
note-000334,species-H253,出現時期,7~9月,ハムシハンドブック,,
note-000335,species-H254,出現時期,6~10月,ハムシハンドブック,,
note-000336,species-H255,出現時期,6~10月,ハムシハンドブック,,
note-000337,species-H256,出現時期,6~10月,ハムシハンドブック,,
note-000338,species-H257,出現時期,6~10月,ハムシハンドブック,,
note-000339,species-H258,出現時期,4~11月,ハムシハンドブック,,
note-000340,species-H259,出現時期,4~11月,ハムシハンドブック,,
note-000341,species-H260,出現時期,4~11月,ハムシハンドブック,,
note-000342,species-H261,出現時期,4~11月,ハムシハンドブック,,
note-000343,species-H262,出現時期,4~11月,ハムシハンドブック,,
note-000344,species-H269,出現時期,3~10月,ハムシハンドブック,,
note-000345,species-H270,出現時期,5~10月,ハムシハンドブック,,
note-000346,species-H272,出現時期,5月、7~10月,ハムシハンドブック,,
note-000347,species-H275,出現時期,5~10月(7~8月は夏眠),ハムシハンドブック,,
note-000348,species-H276,出現時期,4~9月,ハムシハンドブック,,
note-000349,species-H278,出現時期,5~9月,ハムシハンドブック,,
note-000350,species-H281,出現時期,4~10月,ハムシハンドブック,,
note-000351,species-H284,出現時期,4~5月、8月(山地では6~7月、9~10月),ハムシハンドブック,,
note-000352,species-H285,出現時期,4~8月(山地では8~10月),ハムシハンドブック,,
note-000353,species-H286,出現時期,3~10月,ハムシハンドブック,,
note-000354,species-H288,出現時期,3~9月,ハムシハンドブック,,
note-000355,species-H292,出現時期,3~7月,ハムシハンドブック,,
note-000356,species-H295,出現時期,4~7月,ハムシハンドブック,,
note-000357,species-H298,出現時期,5~10月,ハムシハンドブック,,
note-000358,species-H300,出現時期,4~10月,ハムシハンドブック,,
note-000359,species-H303,出現時期,4~10月,ハムシハンドブック,,
note-000360,species-H304,出現時期,4~10月,ハムシハンドブック,,
note-000361,species-H305,出現時期,4~10月,ハムシハンドブック,,
note-000362,species-H307,出現時期,6~8月,ハムシハンドブック,,
note-000363,species-H310,出現時期,7~9月,ハムシハンドブック,,
note-000364,species-H315,出現時期,5~6月,ハムシハンドブック,,
note-000365,species-H318,出現時期,3~8月,ハムシハンドブック,,
note-000366,species-H321,出現時期,4~7月,ハムシハンドブック,,
note-000367,species-H327,出現時期,5~10月,ハムシハンドブック,,
note-000368,species-H330,生態情報,イネ科、マメ科牧草の害虫 ,ハムシハンドブック,,
note-000369,species-H330,出現時期,6~11月,ハムシハンドブック,,
note-000370,species-H337,出現時期,7~10月,ハムシハンドブック,,
note-000371,species-H338,出現時期,5~10月,ハムシハンドブック,,
note-000372,species-H341,出現時期,3~11月,ハムシハンドブック,,
note-000373,species-H342,出現時期,4~9月,ハムシハンドブック,,
note-000374,species-H346,出現時期,4~9月,ハムシハンドブック,,
note-000375,species-H347,出現時期,5~9月,ハムシハンドブック,,
note-000376,species-H351,出現時期,6~8月,ハムシハンドブック著者: 尾園暁出版社: 文一総合出版発行年: 2014,,
note-000377,species-H352,出現時期,4~9月,ハムシハンドブック著者: 尾園暁出版社: 文一総合出版発行年: 2014,,
note-000378,species-H354,出現時期,7~8月,ハムシハンドブック,,
note-000379,species-H355,出現時期,不明,ハムシハンドブック,,
note-000380,species-H357,出現時期,不明,ハムシハンドブック,,
note-000381,species-H359,出現時期,7~9月,ハムシハンドブック,,
note-000382,species-H360,出現時期,不明,ハムシハンドブック,,
note-000383,species-H363,出現時期,不明,ハムシハンドブック,,
note-000384,species-H369,出現時期,不明,ハムシハンドブック,,
note-000385,species-H370,出現時期,不明,ハムシハンドブック,,
note-000386,species-H372,出現時期,不明,ハムシハンドブック,,
note-000387,species-H373,出現時期,不明,ハムシハンドブック,,
note-000388,species-H376,出現時期,不明,ハムシハンドブック,,
note-000389,species-H377,出現時期,年1回発生,ハムシハンドブック,,
note-000390,species-H378,出現時期,年1回発生,ハムシハンドブック,,
note-000391,species-H381,出現時期,5~11月,ハムシハンドブック,,1866
note-000392,species-H389,出現時期,4~10月,ハムシハンドブック,,1810
note-000393,species-H395,生態情報,; 保全状況: NT,ハムシハンドブック,,1929
note-000394,species-H396,生態情報,; 保全状況: DD,ハムシハンドブック,,1963
note-000395,species-H439,出現時期,4~9月,ハムシハンドブック,,
note-000396,species-H440,出現時期,4~11月,ハムシハンドブック,,
note-000397,species-H441,出現時期,4~11月,ハムシハンドブック,,
note-000398,species-H442,出現時期,4~12月,ハムシハンドブック,,
note-000399,species-H443,出現時期,3~8月,ハムシハンドブック,,
note-000400,species-H445,出現時期,4~10月,ハムシハンドブック,,
note-000401,species-H446,出現時期,5~7月,ハムシハンドブック,,
note-000402,species-H448,出現時期,4~11月,ハムシハンドブック,,
note-000403,species-H449,出現時期,4~10月,ハムシハンドブック,,
note-000404,species-H452,出現時期,6~8月,ハムシハンドブック,,
note-000405,species-H455,出現時期,3~10月,ハムシハンドブック,,
note-000406,species-H456,出現時期,4~10月,ハムシハンドブック,,
note-000407,species-H457,出現時期,4~9月,ハムシハンドブック,,
note-000408,species-H458,出現時期,4~9月,ハムシハンドブック,,
note-000409,species-H461,出現時期,4~10月,ハムシハンドブック,,
note-000410,species-H465,出現時期,4~10月,ハムシハンドブック,,
note-000411,species-H467,出現時期,4~6月(おそらく周年),ハムシハンドブック,,
note-000412,species-H470,出現時期,4~10月,ハムシハンドブック,,
note-000413,species-H471,出現時期,4~10月,ハムシハンドブック,,
note-000414,species-H472,出現時期,4~11月,ハムシハンドブック,,
note-000415,species-H473,出現時期,6月,ハムシハンドブック,,
note-000416,species-H476,出現時期,5~10月,ハムシハンドブック,,
note-000417,species-H477,出現時期,5~10月,ハムシハンドブック,,
note-000418,species-H478,出現時期,5~11月,ハムシハンドブック,,
note-000419,species-H479,出現時期,不明,ハムシハンドブック,,
note-000420,species-H480,出現時期,不明,ハムシハンドブック,,
note-000421,species-H484,出現時期,4~7月,ハムシハンドブック,,
note-000422,species-H485,出現時期,4~7月,ハムシハンドブック,,
note-000423,species-H486,出現時期,4~7月,ハムシハンドブック,,
note-000424,species-H487,出現時期,4~7月,ハムシハンドブック,,
note-000425,species-H488,出現時期,4~7月,ハムシハンドブック,,
note-000426,species-H489,出現時期,5~9月,ハムシハンドブック,,
note-000427,species-H492,出現時期,4~10月,ハムシハンドブック,,
note-000428,species-H494,出現時期,3~10月,ハムシハンドブック,,
note-000429,species-H495,出現時期,4~10月,ハムシハンドブック,,
note-000430,species-H498,出現時期,4~9月,ハムシハンドブック,,
note-000431,species-H504,出現時期,4~7月(山地では7~9月),ハムシハンドブック,,
note-000432,species-H507,出現時期,4~7月,ハムシハンドブック,,
note-000433,species-H510,出現時期,3~11月,ハムシハンドブック,,
note-000434,species-H513,出現時期,4~6月(低山地では5~8月),ハムシハンドブック,,
note-000435,species-H517,出現時期,6~8月,ハムシハンドブック,,
note-000436,species-H519,出現時期,4~9月,ハムシハンドブック,,
note-000437,species-H528,出現時期,3~7月,ハムシハンドブック,,
note-000438,species-H529,出現時期,3~7月,ハムシハンドブック,,
note-000439,species-H530,出現時期,5~8月,ハムシハンドブック,,
note-000440,species-H533,出現時期,4~10月,ハムシハンドブック,,
note-000441,species-H536,出現時期,6~7月,ハムシハンドブック,,
note-000442,species-H539,出現時期,4~9月,ハムシハンドブック,,
note-000443,species-H540,出現時期,6~8月,ハムシハンドブック,,
note-000444,species-H541,出現時期,6~9月,ハムシハンドブック,,
note-000445,species-H544,出現時期,5~9月,ハムシハンドブック,,
note-000446,species-H546,出現時期,6~7月,ハムシハンドブック,,
note-000447,species-H550,出現時期,3~11月,ハムシハンドブック,,
note-000448,species-H557,出現時期,3~10月,ハムシハンドブック,,
note-000449,species-H559,出現時期,4~6月,ハムシハンドブック,,
note-000450,species-H564,出現時期,6~10月,ハムシハンドブック,,
note-000451,species-H566,出現時期,5~10月,ハムシハンドブック,,
note-000452,species-H567,出現時期,4~6月(山地では6~8月),ハムシハンドブック,,
note-000453,species-H570,出現時期,4~6月,ハムシハンドブック,,
note-000454,species-H572,出現時期,4~6月,ハムシハンドブック,,
note-000455,species-H575,出現時期,5~6月(山地では7~8月),ハムシハンドブック,,
note-000456,species-H576,出現時期,5~6月(山地では7~8月),ハムシハンドブック,,
note-000457,species-H577,出現時期,5~6月(山地では7~8月),ハムシハンドブック,,
note-000458,species-H578,出現時期,5~6月(山地では7~8月),ハムシハンドブック,,
note-000459,species-H579,出現時期,5~6月(山地では7~8月),ハムシハンドブック,,
note-000460,species-H580,出現時期,5~6月(山地では7~8月),ハムシハンドブック,,
note-000461,species-H581,出現時期,5~6月(山地では7~8月),ハムシハンドブック,,
note-000462,species-H582,出現時期,6~8月,ハムシハンドブック,,
note-000463,species-H583,出現時期,5~6月(山地では7~8月),ハムシハンドブック,,
note-000464,species-H584,出現時期,4~5月(山地では6~7月),ハムシハンドブック,,
note-000465,species-H585,出現時期,4~5月(山地では6~7月),ハムシハンドブック,,
note-000466,species-H586,出現時期,4~5月(山地では6~8月),ハムシハンドブック,,
note-000467,species-H587,出現時期,4~5月(山地では6~7月),ハムシハンドブック,,
note-000468,species-H588,出現時期,4~5月(山地では6~7月),ハムシハンドブック,,
note-000469,species-H589,出現時期,4~5月(山地では6~7月),ハムシハンドブック,,
note-000470,species-H590,出現時期,4~5月(山地では6~7月),ハムシハンドブック,,
note-000471,species-H591,出現時期,4~5月(山地では6~7月),ハムシハンドブック,,
note-000472,species-H592,出現時期,4~7月,ハムシハンドブック,,
note-000473,species-H593,出現時期,4~5月(山地では6~7月),ハムシハンドブック,,
note-000474,species-H594,出現時期,4~5月(山地では6~7月),ハムシハンドブック,,
note-000475,species-H595,出現時期,4~5月(山地では6~7月),ハムシハンドブック,,
note-000476,species-H596,出現時期,4~9月,ハムシハンドブック,,
note-000477,species-H597,出現時期,4~6月(山地では6~7月),ハムシハンドブック,,
note-000478,species-H598,出現時期,4~9月,ハムシハンドブック,,
note-000479,species-H599,出現時期,4~5月(山地では6~7月),ハムシハンドブック,,
note-000480,species-H600,出現時期,4~5月(山地では6~7月),ハムシハンドブック,,
note-000481,species-H601,出現時期,4~5月(山地では6~7月),ハムシハンドブック,,
note-000482,species-H602,出現時期,5~9月,ハムシハンドブック,,
note-000483,species-H603,出現時期,4~5月(山地では6~7月),ハムシハンドブック,,
note-000484,species-H604,出現時期,6~8月,ハムシハンドブック,,
note-000485,species-H606,出現時期,3~5月,ハムシハンドブック,,
note-000486,species-H609,出現時期,6~9月,ハムシハンドブック,,
note-000487,species-H621,出現時期,4~10月,ハムシハンドブック,,
note-000488,species-H623,出現時期,4~9月,ハムシハンドブック,,
note-000489,species-H625,出現時期,5~10月,ハムシハンドブック,,
note-000490,species-LB007,出現時期,4~9月,ハムシハンドブック,,
note-000491,species-LB034,出現時期,3~10月,ハムシハンドブック,,
note-000492,species-LB037,出現時期,6~7月,ハムシハンドブック,,
note-000493,species-LB040,出現時期,3~11月,ハムシハンドブック,,
note-000494,species-LB044,出現時期,4~10月,ハムシハンドブック,,
note-000495,species-LB045,出現時期,4~9月,ハムシハンドブック,,
note-000496,species-LB047,出現時期,6~8月,ハムシハンドブック,,
note-000497,species-LB061,生態情報,葉,ハムシハンドブック,,
note-000498,species-LB071,出現時期,7~9月,ハムシハンドブック,,
note-000499,species-LB079,出現時期,5~10月,ハムシハンドブック,,
note-000500,species-LB088,出現時期,4~7月,ハムシハンドブック,,
note-000501,species-LB099,出現時期,6~10月,ハムシハンドブック,,
note-000502,species-H626,生態情報,神奈川虫報 (156): 日本産ハムシ科生態覚書 (1),ネズミモチ、コバノトネリコ、イボタノキなど,,1873
note-000503,species-H626,出現時期,小枝を傷つけて汁液を吸う。,4-6月,,1873
note-000504,species-H627,生態情報,食花粉性、食花性。,ハムシハンドブック,,
note-000505,species-H627,出現時期,低山地では4-5月,ハムシハンドブック,,
note-000506,species-H628,生態情報,5-6月,神奈川虫報 (156): 日本産ハムシ科生態覚書 (1),,1873
note-000507,species-H628,出現時期,食葉性。,4-5月,,1873
note-000508,species-H629,生態情報,葉上に産卵;幼虫は潜葉性;蛹化は地中。,神奈川虫報 (156): 日本産ハムシ科生態覚書 (1),,1885
note-000509,species-H629,出現時期,食葉性。,5-8月,,1885
note-000510,species-H630,生態情報,？ 神奈川県丹沢大山の中腹では開花期のマサキで複数の個体が採集されている。,神奈川虫報 (156): 日本産ハムシ科生態覚書 (1),,1961
note-000511,species-H630,出現時期,5月,神奈川虫報 (156): 日本産ハムシ科生態覚書 (1),,1961
note-000512,species-H632,生態情報,草地のスィープで採集された例がある。,ハムシハンドブック,,1958
note-000513,species-H633,生態情報,食葉性。,神奈川虫報 (156): 日本産ハムシ科生態覚書 (1),,1953
note-000514,species-H633,出現時期,7月,神奈川虫報 (156): 日本産ハムシ科生態覚書 (1),,1953
note-000515,species-H634,生態情報,食葉性。,神奈川虫報 (156): 日本産ハムシ科生態覚書 (1),,1951
note-000516,species-H634,出現時期,5月,神奈川虫報 (156): 日本産ハムシ科生態覚書 (1),,1951
note-000517,species-H635,出現時期,5月~10月,神奈川虫報 (156): 日本産ハムシ科生態覚書 (1),,1885
note-000518,species-H636,生態情報,葉上に産卵;幼虫は潜葉性。,神奈川虫報 (156): 日本産ハムシ科生態覚書 (1),,1885
note-000519,species-H636,出現時期,丘陵地では4-5月、山地では7-8月,神奈川虫報 (156): 日本産ハムシ科生態覚書 (1),,1885
note-000520,species-,生態情報,食葉性。,神奈川虫報 (156): 日本産ハムシ科生態覚書 (1),,
note-000521,species-,出現時期,3-6月,神奈川虫報 (156): 日本産ハムシ科生態覚書 (1),,
note-000522,species-,生態情報,食葉性。,葉上に産卵、幼虫は食葉性;地中の白い繭で蛹化。,,
note-000523,species-,出現時期,4-7月,葉上に産卵、幼虫は食葉性;地中の白い繭で蛹化。,,
note-000524,species-,生態情報,食葉性。,葉上に産卵;幼虫は集団をなし、食葉性;地中の白い繭で蛹化。,,
note-000525,species-,出現時期,4-9月,葉上に産卵;幼虫は集団をなし、食葉性;地中の白い繭で蛹化。,,
note-000526,species-,生態情報,食葉性。,神奈川虫報 (156): 日本産ハムシ科生態覚書 (1),,
note-000527,species-,出現時期,5-7月,神奈川虫報 (156): 日本産ハムシ科生態覚書 (1),,
note-000528,species-,生態情報,食葉性。,葉上に産卵、幼虫は食葉性;地中の白い繭で蛹化。,,
note-000529,species-,出現時期,5-10月,葉上に産卵、幼虫は食葉性;地中の白い繭で蛹化。,,
note-000530,species-,生態情報,食葉性。,神奈川虫報 (156): 日本産ハムシ科生態覚書 (1),,
note-000531,species-,出現時期,5-8月,神奈川虫報 (156): 日本産ハムシ科生態覚書 (1),,
note-000532,species-,生態情報,食葉性。,葉上に産卵;幼虫は食葉性;地中の白い繭で蛹化。,,
note-000533,species-,出現時期,4-11月,葉上に産卵;幼虫は食葉性;地中の白い繭で蛹化。,,
note-000534,species-,出現時期,5-9月,神奈川虫報 (156): 日本産ハムシ科生態覚書 (1),,
note-000535,species-,生態情報,食葉性。,葉上に産卵;幼虫は食葉性;葉上あるいは地表の白い繭で蛹化。,,
note-000536,species-,出現時期,4-9月,葉上に産卵;幼虫は食葉性;葉上あるいは地表の白い繭で蛹化。,,
note-000537,species-,生態情報,大陸ではエノコログサを食う。,ハムシハンドブック,,
note-000538,species-,生態情報,食葉性。,神奈川虫報 (157): 日本産ハムシ科生態覚書 (2),,
note-000539,species-,出現時期,5-8月,神奈川虫報 (157): 日本産ハムシ科生態覚書 (2),,
note-000540,species-,出現時期,5-6月,神奈川虫報 (157): 日本産ハムシ科生態覚書 (2),,
note-000541,species-CR001,生態情報,神奈川虫報 (156): 日本産ハムシ科生態覚書 (1),クススギカズラ、アスパラガス,,Jacoby
note-000542,species-CR001,出現時期,食葉性。,7月,,Jacoby
note-000543,species-CR002,生態情報,葉上に産卵;幼虫は食葉性;地中の白い繭で蛹化。,アスパラガス、キジカクシ、タチテンモンドウ,,Scopoli
note-000544,species-CR002,出現時期,食葉性。,4-10月,,Scopoli
note-000545,species-CR012,生態情報,葉上に産卵;幼虫は食葉性;地中の白い繭で蛹化。,アザミ類,,Chûjô
note-000546,species-CR012,出現時期,食葉性。,4-10月,,Chûjô
note-000547,species-CR014,生態情報,不明,ツユクサ,,Pic
note-000548,species-CR014,出現時期,食葉性。,ツユクサ,,Pic
note-000549,species-CR015,生態情報,葉上に産卵;幼虫は食葉性;地中の白い繭で蛹化。,ツユクサ,,Baly
note-000550,species-CR015,出現時期,食葉性。,4-11月,,Baly
note-000551,species-CR017,生態情報,葉上に産卵、幼虫は食葉性;地中の白い繭で蛹化。,クコ,,Gebler
note-000552,species-CR017,出現時期,食葉性。,3-11月,,Gebler
note-000553,species-CR018,生態情報,葉腋部に産卵;幼虫は茎内に潜孔;地中の白い繭で蛹化。,ツユクサ,,Baly
note-000554,species-CR018,出現時期,食葉性。,4-9月,,Baly
note-000555,species-CR019,生態情報,神奈川虫報 (156): 日本産ハムシ科生態覚書 (1),スゲ類とされるが不明,,Baly
note-000556,species-CR020,生態情報,葉上に産卵、幼虫は食葉性;地中の白い繭で蛹化。,ツユクサ,,Baly
note-000557,species-CR020,出現時期,食葉性。,4-11月,,Baly
note-000558,species-CR024,生態情報,葉上に産卵;幼虫は食葉性;地中の白い繭で蛹化。,ツユクサ,,Kraatz
note-000559,species-CR024,出現時期,食葉性。,5-8月,,Kraatz
note-000560,species-CR025,生態情報,葉上に産卵;幼虫は食葉性;地中の白い繭で蛹化。,ヤマノイモ類,,Baly
note-000561,species-CR025,出現時期,食葉性。,4-9月,,Baly
note-000562,species-CR027,生態情報,葉上に産卵;幼虫は食葉性;地中の白い繭で蛹化。,ヤマイノイモ類,,Baly
note-000563,species-CR027,出現時期,食葉性。,4-10月,,Baly
note-000564,species-CR028,出現時期,国外ではラン科を食う。,ハムシハンドブック,,Clark
note-000565,species-CR036,生態情報,葉上に産卵;幼虫は食葉性;地中の白い繭で蛹化。,イボクサ,,Suzuki
note-000566,species-CR036,出現時期,食葉性。,4-10月,,Suzuki
note-000567,species-3744,出現時期,関東地方の平地・丘陵部では2月上旬から3月上旬。ピークは2月下旬。,日本の冬尺蛾,,
note-000568,species-3745,出現時期,北海道や関東周辺の山地では4月中旬から5月上旬。標高の低い所(軽井沢等)では3月下旬から。,日本の冬尺蛾,,
note-000569,species-3746,出現時期,北海道では10月下旬から。関東地方の山地では11月上旬から下旬。ピークは11月10日前後。,日本の冬尺蛾,,
note-000570,species-3747,出現時期,関東地方では11月中旬から12月上旬。ピークは11月20日前後。,日本の冬尺蛾,,
note-000571,species-3748,出現時期,北海道では4月下旬~5月中旬。関東地方の平地では3月中旬~4月上旬。山地では4月下旬~5月上旬。,日本の冬尺蛾,,
note-000572,species-3749,出現時期,関東平地では2月中旬~3月上旬(暖冬年は1月上旬から)。山地や高緯度地域では4月中旬~5月上旬。,日本の冬尺蛾,,
note-000573,species-3750,出現時期,関東平地では12月中旬頃~1月中旬。ピークは12月下旬。,日本の冬尺蛾,,
note-000574,species-3751,出現時期,関東平地では12月中旬~1月上旬。ピークは12月下旬。山地では11月上旬~12月上旬。ピークは11月中旬。,日本の冬尺蛾,,
note-000575,species-3752,出現時期,関東から中部の山地では10月中旬~11月中旬。ピークは11月上旬。,日本の冬尺蛾,,
note-000576,species-3753,出現時期,平地では2月上旬~3月上旬、ピークは2月10日前後。山地では3月中旬~4月上旬。,日本の冬尺蛾,,
note-000577,species-3754,出現時期,関東平地から低山帯では1月上旬~3月上旬(近年は12月下旬から)。山地では4月中旬~5月中旬。,日本の冬尺蛾,,
note-000578,species-3755,出現時期,関東地方周辺の山地では4月中旬~5月上旬。,日本の冬尺蛾,,
note-000579,species-3756,出現時期,関東地方の平地から丘陵部では2月下旬~3月中旬。山地や高緯度の地域では4月中旬~5月上旬。,日本の冬尺蛾,,
note-000580,species-3757,出現時期,関東周辺では3月上旬~下旬(年によっては4月上旬まで)。,日本の冬尺蛾,,
note-000581,species-3758,出現時期,3月上旬~下旬(以前は4月上旬まで記録あり)。,日本の冬尺蛾,,
note-000582,species-3874,出現時期,関東周辺の平地・丘陵部では12月下旬~2月中旬。山地や高緯度地域では10月下旬~11月下旬。,日本の冬尺蛾,,
note-000583,species-3875,出現時期,関東の山地や東北地方では11月下旬~12月上旬。埼玉県秋ヶ瀬公園では12月中・下旬。,日本の冬尺蛾,,
note-000584,species-3876,出現時期,12月上旬から下旬。,日本の冬尺蛾,,
note-000585,species-3877,出現時期,1月中旬~3月上旬(近年は12月下旬~2月上旬に早まる傾向)。,日本の冬尺蛾,,
note-000586,species-3878,出現時期,関東周辺の低山帯では2月下旬~3月中旬。ピークは3月上旬。山地では5月上~中旬。,日本の冬尺蛾,,
note-000587,species-3879,出現時期,平地では12月下旬~3月上旬の長期出現型。山地では11月中旬~12月上旬と4月中旬~5月上旬の出現分離型。,日本の冬尺蛾,,
note-000588,species-3880,出現時期,関東周辺の平地・丘陵地では12月中旬~2月上旬。ピークは12月下旬~1月上旬。山地では11月中旬~12月上旬。,日本の冬尺蛾,,
note-000589,species-3883,出現時期,12月下旬~1月中旬。ピークは1月上旬。,日本の冬尺蛾,,
note-000590,species-3881,出現時期,山地では11月中旬~12月上旬。北海道ではほぼ同時期。,日本の冬尺蛾,,
note-000591,species-3884,出現時期,関東周辺の山地では11月中旬~12月上旬。ピークは11月20日前後。,日本の冬尺蛾,,
note-000592,species-3885,出現時期,11月上旬から下旬(地域により12月上旬まで)。,日本の冬尺蛾,,
note-000593,species-3882,出現時期,1月上旬から下旬(近年は早まる傾向)。,日本の冬尺蛾,,
note-000594,species-3886,出現時期,関東周辺の平地では2月下旬~3月上旬。山地では4月下旬~5月上旬。,日本の冬尺蛾,,
note-000595,species-3887,出現時期,関東周辺の平地・丘陵地では12月下旬~1月下旬。ピークは1月中旬頃。山地では11月中旬~12月上旬。,日本の冬尺蛾,,
note-000596,species-4253,出現時期,関東周辺の平地・丘陵部では12月下旬~1月下旬。ピークは1月上旬。,日本の冬尺蛾,,
note-000597,species-4255,出現時期,関東地方では12月下旬~1月上旬。ピークは12月下旬。,日本の冬尺蛾,,
note-000598,species-4256,出現時期,関東周辺の平地では12月上旬~下旬。秋田では10月下旬~11月中旬。,日本の冬尺蛾,,
note-000599,species-4257,出現時期,山地(日光、八ヶ岳など)では10月下旬~11月中旬。ピークは11月上旬。,日本の冬尺蛾,,
note-000600,species-4258,出現時期,平地では12月中旬~1月下旬。ピークは12月20日過ぎ。山地では10月下旬~11月下旬。,日本の冬尺蛾,,
note-000601,species-4259,出現時期,高尾山では11月下旬~12月中旬。ピークは12月上旬。山地では10月下旬~11月中旬。,日本の冬尺蛾,,
note-000602,species-5787,出現時期,3~4月,日本の冬夜蛾,,
note-000603,species-5788,出現時期,3月下旬~4月,日本の冬夜蛾,,
note-000604,species-5786,出現時期,3月下旬~5月上旬,日本の冬夜蛾,,
note-000605,species-20437,出現時期,9-10月,日本の冬夜蛾,,
note-000606,species-5789,出現時期,10~11月,日本の冬夜蛾,,
note-000607,species-5791,出現時期,10~11月,日本の冬夜蛾,,
note-000608,species-5795,出現時期,5月上旬頃から7月上旬頃まで,日本の冬夜蛾,,
note-000609,species-5793,出現時期,9~11月,日本の冬夜蛾,,
note-000610,species-5794,出現時期,11月下旬~1月,日本の冬夜蛾,,
note-000611,species-5792,出現時期,4-5月,日本の冬夜蛾,,
note-000612,species-6015,出現時期,9月中旬~11月,日本の冬夜蛾,,
note-000613,species-6014,出現時期,10月~12月,日本の冬夜蛾,,
note-000614,species-6016,出現時期,11月上旬~12月上旬,日本の冬夜蛾,,
note-000615,species-6019,出現時期,11~3月,日本の冬夜蛾,,
note-000616,species-6018,出現時期,11~3月,日本の冬夜蛾,,
note-000617,species-6017,出現時期,12~3月,日本の冬夜蛾,,
note-000618,species-6020,出現時期,11~4月,日本の冬夜蛾,,
note-000619,species-6021,出現時期,8月下旬~9月,日本の冬夜蛾,,
note-000620,species-6025,出現時期,10月頃羽化し、翌年5月頃まで,日本の冬夜蛾,,
note-000621,species-6024,出現時期,10月頃羽化し、翌年5月頃まで,日本の冬夜蛾,,
note-000622,species-6026,出現時期,10月頃羽化し、翌年5月頃まで,日本の冬夜蛾,,
note-000623,species-6022,出現時期,10月頃羽化し、翌年4月まで,日本の冬夜蛾,,
note-000624,species-6031,出現時期,10月頃羽化し、翌年5月頃まで,日本の冬夜蛾,,
note-000625,species-6023,出現時期,10月頃羽化し、翌年4月頃まで,日本の冬夜蛾,,
note-000626,species-6027,出現時期,10月頃羽化し、翌年5月頃まで,日本の冬夜蛾,,
note-000627,species-6030,出現時期,10月頃羽化し、翌年5月頃まで,日本の冬夜蛾,,
note-000628,species-6029,出現時期,10月頃羽化し、翌年5月頃まで,日本の冬夜蛾,,
note-000629,species-6028,出現時期,10月頃羽化し、翌年5月頃まで,日本の冬夜蛾,,
note-000630,species-6032,出現時期,11~12月,日本の冬夜蛾,,
note-000631,species-6038,出現時期,10月頃羽化し、翌年4月頃まで,日本の冬夜蛾,,
note-000632,species-6039,出現時期,10月頃羽化し、翌年4月頃まで,日本の冬夜蛾,,
note-000633,species-6035,出現時期,11月下旬から発生し、3月頃まで,日本の冬夜蛾,,
note-000634,species-6037,出現時期,9月下旬から発生し、越冬後5月頃まで,日本の冬夜蛾,,
note-000635,species-6036,出現時期,10月下旬頃に羽化し、翌年3月頃まで,日本の冬夜蛾,,
note-000636,species-6034,出現時期,飼育下では9月に羽化、野外では4月,日本の冬夜蛾,,
note-000637,species-6033,出現時期,9月末頃に羽化し、越冬後5月頃まで,日本の冬夜蛾,,
note-000638,species-6040,出現時期,10月~4月,日本の冬夜蛾,,
note-000639,species-6043,出現時期,12月頃から羽化し、翌年3月頃まで,日本の冬夜蛾,,
note-000640,species-6044,出現時期,10~11月 (越冬はしない),日本の冬夜蛾,,
note-000641,species-6045,出現時期,10~11月に羽化し、越冬後5月頃まで,日本の冬夜蛾,,
note-000642,species-6041,出現時期,11月頃羽化し、翌年3月頃まで,日本の冬夜蛾,,
note-000643,species-6042,出現時期,11月頃羽化し、翌年3月頃まで,日本の冬夜蛾,,
note-000644,species-6048,出現時期,11月頃羽化し、1月頃まで,日本の冬夜蛾,,
note-000645,species-6046,出現時期,11月頃に羽化し、暖地では翌年2月頃まで,日本の冬夜蛾,,
note-000646,species-6047,出現時期,10-11月に羽化し、暖地では1月頃まで,日本の冬夜蛾,,
note-000647,species-6049,出現時期,9月中旬~10月中旬,日本の冬夜蛾,,
note-000648,species-6050,出現時期,10月下旬~11月中旬,日本の冬夜蛾,,
note-000649,species-6051,出現時期,10月~11月に羽化し、3月頃まで,日本の冬夜蛾,,
note-000650,species-6057,出現時期,11月に羽化し、翌年3月頃まで,日本の冬夜蛾,,
note-000651,species-6058,出現時期,1~2月,日本の冬夜蛾,,
note-000652,species-6059,出現時期,12月下旬~2月,日本の冬夜蛾,,
note-000653,species-6056,出現時期,10~11月に羽化し、寒冷地では5月まで,日本の冬夜蛾,,
note-000654,species-6054,出現時期,10-11月に羽化し、寒冷地では4月まで,日本の冬夜蛾,,
note-000655,species-6052,出現時期,10~11月に羽化し、翌年4月頃まで,日本の冬夜蛾,,
note-000656,species-6053,出現時期,10~11月に羽化し、翌年4月頃まで,日本の冬夜蛾,,
note-000657,species-6055,出現時期,10~11月に羽化し、寒冷地では5月頃まで,日本の冬夜蛾,,
note-000658,species-6065,出現時期,10-11月頃羽化し、翌年4月頃まで,日本の冬夜蛾,,
note-000659,species-6060,出現時期,11月頃に羽化し、翌年4月頃まで,日本の冬夜蛾,,
note-000660,species-6064,出現時期,9月中旬~10月,日本の冬夜蛾,,
note-000661,species-6061,出現時期,9月下旬~10月,日本の冬夜蛾,,
note-000662,species-6062,出現時期,9月下旬~10月,日本の冬夜蛾,,
note-000663,species-6063,出現時期,9月下旬~10月,日本の冬夜蛾,,
note-000664,species-6072,出現時期,11~12月に出現し、生き残った個体は1月までみられる。,日本の冬夜蛾,,
note-000665,species-6071,出現時期,11月に発生し、生き残った個体は1月頃までみられると思われる。,日本の冬夜蛾,,
note-000666,species-6070,出現時期,11~12月,日本の冬夜蛾,,
note-000667,species-6068,出現時期,10~12月,日本の冬夜蛾,,
note-000668,species-6066,出現時期,10~11月,日本の冬夜蛾,,
note-000669,species-6067,出現時期,9月下旬に発生し、低地では11月頃まで,日本の冬夜蛾,,
note-000670,species-6069,出現時期,9月下旬~11月,日本の冬夜蛾,,
note-000671,species-6108,出現時期,10月~11月上旬,日本の冬夜蛾,,
note-000672,species-6109,出現時期,9月下旬に発生,日本の冬夜蛾,,
note-000673,species-6111,出現時期,本州では3~5月、琉球亜種は1~2月,日本の冬夜蛾,,
note-000674,species-6112,出現時期,3~5月,日本の冬夜蛾,,
note-000675,species-6116,出現時期,4-5月,日本の冬夜蛾,,
note-000676,species-6117,出現時期,4月下旬~5月,日本の冬夜蛾,,
note-000677,species-6118,出現時期,3~5月,日本の冬夜蛾,,
note-000678,species-6114,出現時期,4~5月中旬,日本の冬夜蛾,,
note-000679,species-6115,出現時期,低標高地では3月下旬から、高地では5月中旬まで,日本の冬夜蛾,,
note-000680,species-6113,出現時期,3-5月,日本の冬夜蛾,,
note-000681,species-6120,出現時期,平地では2月から、山地では3~5月,日本の冬夜蛾,,
note-000682,species-6119,出現時期,3~5月,日本の冬夜蛾,,
note-000683,species-6126,出現時期,3月下旬~4月,日本の冬夜蛾,,
note-000684,species-6121,出現時期,4~5月,日本の冬夜蛾,,
note-000685,species-6123,出現時期,3月下旬~5月上旬,日本の冬夜蛾,,
note-000686,species-6122,出現時期,3-5月,日本の冬夜蛾,,
note-000687,species-6124,出現時期,3~4月,日本の冬夜蛾,,
note-000688,species-6128,出現時期,2月下旬~4月,日本の冬夜蛾,,
note-000689,species-6125,出現時期,4~5月,日本の冬夜蛾,,
note-000690,species-6127,出現時期,3月~5月頃,日本の冬夜蛾,,
note-000691,species-6129,出現時期,2月下旬から羽化し、5月上旬まで,日本の冬夜蛾,,
note-000692,species-6130,出現時期,3~5月,日本の冬夜蛾,,
note-000693,species-6137,出現時期,4~5月,日本の冬夜蛾,,
note-000694,species-6135,出現時期,4月~5月,日本の冬夜蛾,,
note-000695,species-6131,出現時期,4~5月,日本の冬夜蛾,,
note-000696,species-6132,出現時期,3~5月,日本の冬夜蛾,,
note-000697,species-6133,出現時期,3月下旬~5月,日本の冬夜蛾,,
note-000698,species-6134,出現時期,4~5月,日本の冬夜蛾,,
note-000699,species-6136,出現時期,3-5月,日本の冬夜蛾,,
note-000700,species-6138,出現時期,4~5月,日本の冬夜蛾,,
note-000701,species-20438,出現時期,3-5月,日本の冬夜蛾,,
note-000702,species-20439,出現時期,4~5月上旬,日本の冬夜蛾,,
note-000703,species-20440,出現時期,4~5月,日本の冬夜蛾,,
note-000704,species-H637,分類情報,「日本列島の甲虫全種目録 (2025年)」ではヒメキベリトゲハムシのシノニムとされる,日本列島の甲虫全種目録 (2025年),,2025
