大図鑑カタログNo,科名,科和名,亜科名,亜科和名,族名,族和名,亜族名,亜族名_1,属名,亜属名,種小名,亜種小名,著者,公表年,類似種,和名,旧和名,別名,その他の和名,亜種範囲,標準図鑑ステータス,標準図鑑以後の変更,学名,食草,出典,備考,成虫出現時期,成虫出現時期出典,成虫出現時期備考,幼虫期,幼虫期に関する備考,亜族和名
H001,Chrysomelidae,ハムシ科,Alticinae,ヒゲナガハムシ亜科,,,,,Altica,,aenea,,,,,カミナリハムシ,,,,,,,Altica aenea,チョウジダデ、オオマツヨイグサ,ハムシハンドブック,,5~11月,ハムシハンドブック,,,,
H002,Chrysomelidae,ハムシ科,Alticinae,ヒゲナガハムシ亜科,,,,,Altica,,birmanensis,,,,,ビルマカミナリハムシ,,,,,,,Altica birmanensis,不明,,,,,,,,
H003,Chrysomelidae,ハムシ科,Alticinae,ヒゲナガハムシ亜科,,,,,Altica,,caerulescens,,,,,ヒメカミナリハムシ,,,,,,,Altica caerulescens,不明,,,,,,,,
H004,Chrysomelidae,ハムシ科,Alticinae,ヒゲナガハムシ亜科,,,,,Altica,,circaeae,,,,,ミズタマソウカミナリハムシ,,,,,,,Altica circaeae,不明,,,,,,,,
H005,Chrysomelidae,ハムシ科,Alticinae,ヒゲナガハムシ亜科,,,,,Altica,,cirsicola,,,,,アザミカミナリハムシ,,,,,,,Altica cirsicola,不明,,,,,,,,
H006,Chrysomelidae,ハムシ科,Alticinae,ヒゲナガハムシ亜科,,,,,Altica,,fragariae,,,,,イチゴカミナリハムシ,,,,,,,Altica fragariae,不明,,,,,,,,
H007,Chrysomelidae,ハムシ科,Alticinae,ヒゲナガハムシ亜科,,,,,Altica,,japonica,,,,,キタカミナリハムシ,,,,,,,Altica japonica,不明,,,,,,,,
H008,Chrysomelidae,ハムシ科,Alticinae,ヒゲナガハムシ亜科,,,,,Altica,,kimotoi,,,,,ミヤマアザミカミナリハムシ,,,,,,,Altica kimotoi,不明,,,,,,,,
H009,Chrysomelidae,ハムシ科,Alticinae,ヒゲナガハムシ亜科,,,,,Altica,,komiyai,,,,,コミヤカミナリハムシ,,,,,,,Altica komiyai,不明,,,,,,,,
H010,Chrysomelidae,ハムシ科,Alticinae,ヒゲナガハムシ亜科,,,,,Altica,,kurosawai,,,,,クロサワカミナリハムシ,,,,,,,Altica kurosawai,不明,,,,,,,,
H011,Chrysomelidae,ハムシ科,Alticinae,ヒゲナガハムシ亜科,,,,,Altica,,latericosta,,,,,スジカミナリハムシ,,,,,,,Altica latericosta,ヤナギ類,ハムシハンドブック,,4~9月,ハムシハンドブック,,,,
H013,Chrysomelidae,ハムシ科,Alticinae,ヒゲナガハムシ亜科,,,,,Altica,,nipponica,,,,,ニホンカミナリハムシ,,,,,,,Altica nipponica,不明,,,,,,,,
H014,Chrysomelidae,ハムシ科,Alticinae,ヒゲナガハムシ亜科,,,,,Altica,,oleracea,,,,,アカバナカミナリハムシ,,,,,,,Altica oleracea,オオマツヨイグサ、ヤナギラン、アカバナ,ハムシハンドブック,,3~11月,ハムシハンドブック,,,,
H015,Chrysomelidae,ハムシ科,Alticinae,ヒゲナガハムシ亜科,,,,,Altica,,sanguisorbae,,,,,クロカミナリハムシ,,,,,,,Altica sanguisorbae,不明,,,,,,,,
H016,Chrysomelidae,ハムシ科,Alticinae,ヒゲナガハムシ亜科,,,,,Altica,,viridicyanea,,,,,コカミナリハムシ,,,,,,,Altica viridicyanea,不明,,,,,,,,
H017,Chrysomelidae,ハムシ科,Alticinae,ヒゲナガハムシ亜科,,,,,Amphimela,,metallica,,,,,レモントビハムシ,,,,,,,Amphimela metallica,不明,,,,,,,,
H018,Chrysomelidae,ハムシ科,Alticinae,ヒゲナガハムシ亜科,,,,,Aphthona,,abdominalis,,,,,キイロツブノミハムシ,,,,,,,Aphthona abdominalis,不明,,,,,,,,
H019,Chrysomelidae,ハムシ科,Alticinae,ヒゲナガハムシ亜科,,,,,Aphthona,,albescens,,,,,オキナワアシナガトビハムシ,,,,,,,Aphthona albescens,不明,,,,,,,,
H020,Chrysomelidae,ハムシ科,Alticinae,ヒゲナガハムシ亜科,,,,,Aphthona,,amamiana,,,,,アマミツブノミハムシ,,,,,,,Aphthona amamiana,不明,,,,,,,,
H021,Chrysomelidae,ハムシ科,Alticinae,ヒゲナガハムシ亜科,,,,,Aphthona,,erichsoni,,,,,キアシツブノミハムシ1,,,,,,,Aphthona erichsoni,不明,,,,,,,,
H022,Chrysomelidae,ハムシ科,Alticinae,ヒゲナガハムシ亜科,,,,,Aphthona,,formosana,,,,,タイワンツブノミハムシ,,,,,,,Aphthona formosana,不明,,,,,,,,
H023,Chrysomelidae,ハムシ科,Alticinae,ヒゲナガハムシ亜科,,,,,Aphthona,,hakonensis,,,,,ハコネツブノミハムシ,,,,,,,Aphthona hakonensis,不明,,,,,,,,
H024,Chrysomelidae,ハムシ科,Alticinae,ヒゲナガハムシ亜科,,,,,Aphthona,,interstitialis,,,,,アヤメツブノミハムシ,,,,,,,Aphthona interstitialis,ハナショウブ、シャガ、アヤメ類,ハムシハンドブック,,4~9月,ハムシハンドブック,,,,
H025,Chrysomelidae,ハムシ科,Alticinae,ヒゲナガハムシ亜科,,,,,Aphthona,,kurosawai,,,,,クロサワツブノミハムシ,,,,,,,Aphthona kurosawai,不明,,,,,,,,
H026,Chrysomelidae,ハムシ科,Alticinae,ヒゲナガハムシ亜科,,,,,Aphthona,,perminuta,,,,,ツブノミハムシ,,,,,,,Aphthona perminuta,クリ、コナラ、ブナ、イヌシデ,ハムシハンドブック,,3~11月,ハムシハンドブック,,,,
H027,Chrysomelidae,ハムシ科,Alticinae,ヒゲナガハムシ亜科,,,,,Aphthona,,semiviridis,,,,,キアシツブノミハムシ2,,,,,,,Aphthona semiviridis,不明,,,,,,,,
H028,Chrysomelidae,ハムシ科,Alticinae,ヒゲナガハムシ亜科,,,,,Aphthona,,strigosa,,,,,サメハダツブノミハムシ,,,,,,,Aphthona strigosa,アカメガシワ,ハムシハンドブック,,4~10月,ハムシハンドブック,,,,
H029,Chrysomelidae,ハムシ科,Alticinae,ヒゲナガハムシ亜科,,,,,Aphthonaltica,,angustata,,,,,ホソルリトビハムシ,,,,,,,Aphthonaltica angustata,アケビ類,ハムシハンドブック,,3~7月,ハムシハンドブック,,,,
H030,Chrysomelidae,ハムシ科,Alticinae,ヒゲナガハムシ亜科,,,,,Aphthonoides,,beccaril,,,,,トゲアシトビハムシ,,,,,,,Aphthonoides beccaril,不明,,,,,,,,
H031,Chrysomelidae,ハムシ科,Alticinae,ヒゲナガハムシ亜科,,,,,Argopistes,,biplagiatus,,,,,テントウノミハムシ,,,,,,,Argopistes biplagiatus,不明,,,,,,,,
H032,Chrysomelidae,ハムシ科,Alticinae,ヒゲナガハムシ亜科,,,,,Argopistes,,rufus,,,,,ヘリグロテントウノミハムシ,,,,,,,Argopistes rufus,ヒイラギモクセイ、ヒイラギ、ネズミモチ、キンモクセイ,ハムシハンドブック,,4~11月,ハムシハンドブック,,,,
H033,Chrysomelidae,ハムシ科,Alticinae,ヒゲナガハムシ亜科,,,,,Argopistes,,ryukyuensis,,,,,リュウキュウテントウノミハムシ,,,,,,,Argopistes ryukyuensis,不明,,,,,,,,
H034,Chrysomelidae,ハムシ科,Alticinae,ヒゲナガハムシ亜科,,,,,Argopistes,,tsekooni,,,,,ヒメテントウノミハムシ,,,,,,,Argopistes tsekooni,不明,,,,,,,,
H035,Chrysomelidae,ハムシ科,Alticinae,ヒゲナガハムシ亜科,,,,,Argopistes,,unicolor,,,,,クロテントウノミハムシ,,,,,,,Argopistes unicolor,不明,,,,,,,,
H036,Chrysomelidae,ハムシ科,Alticinae,ヒゲナガハムシ亜科,,,,,Argopus,,balyi,,,,,オオキイロマルノミハムシ,,,,,,,Argopus balyi,ボタンヅル、センニンソウ,ハムシハンドブック,,5~9月,ハムシハンドブック,,,,
H037,Chrysomelidae,ハムシ科,Alticinae,ヒゲナガハムシ亜科,,,,,Argopus,,clarki,,,,,クラークマルノミハムシ,,,,,,,Argopus clarki,不明,,,,,,,,
H038,Chrysomelidae,ハムシ科,Alticinae,ヒゲナガハムシ亜科,,,,,Argopus,,clypeatus,,,,,オオアカマルノミハムシ,,,,,,,Argopus clypeatus,不明,,,,,,,,
H039,Chrysomelidae,ハムシ科,Alticinae,ヒゲナガハムシ亜科,,,,,Argopus,,nigripennis,,,,,クロバネマルノミハムシ,,,,,,,Argopus nigripennis,不明,,,,,,,,
H040,Chrysomelidae,ハムシ科,Alticinae,ヒゲナガハムシ亜科,,,,,Argopus,,punctipennis,,,,,アカイロマルノミハムシ,,,,,,,Argopus punctipennis,アザミ類,ハムシハンドブック,,4~10月,ハムシハンドブック,,,,
H041,Chrysomelidae,ハムシ科,Alticinae,ヒゲナガハムシ亜科,,,,,Argopus,,unicolor,,,,,ウスイロマルノミハムシ,,,,,,,Argopus unicolor,不明,,,,,,,,
H042,Chrysomelidae,ハムシ科,Alticinae,ヒゲナガハムシ亜科,,,,,Batophila,,acutangula,,,,,ハネナシトビハムシ,,,,,,,Batophila acutangula,不明,,,,,,,,
H043,Chrysomelidae,ハムシ科,Alticinae,ヒゲナガハムシ亜科,,,,,Batophila,,latissima,,,,,ハバビロハネナシトビハムシ,,,,,,,Batophila latissima,不明,,,,,,,,
H044,Chrysomelidae,ハムシ科,Alticinae,ヒゲナガハムシ亜科,,,,,Bikasha,,collaris,,,,,フタイロセマルトビハムシ,,,,,,,Bikasha collaris,不明,,,,,,,,
H045,Chrysomelidae,ハムシ科,Alticinae,ヒゲナガハムシ亜科,,,,,Bikasha,,nipponica,,,,,コバンマメトビハムシ,,,,,,,Bikasha nipponica,不明,,,,,,,,
H046,Chrysomelidae,ハムシ科,Alticinae,ヒゲナガハムシ亜科,,,,,Bikasha,,simplicithorax,,,,,キイロマメトビハムシ,,,,,,,Bikasha simplicithorax,不明,,,,,,,,
H047,Chrysomelidae,ハムシ科,Alticinae,ヒゲナガハムシ亜科,,,,,Cangshanaltica,,ogatai,,,,,オガタマンマルトビハムシ,,,,,,,Cangshanaltica ogatai,不明,,,,,,,,
H048,Chrysomelidae,ハムシ科,Alticinae,ヒゲナガハムシ亜科,,,,,Chaetocnema,,(Chaetocnema),,,,,オカボヒサゴトビハムシ,,,,,,,Chaetocnema (Chaetocnema),不明,,,4~10月,ハムシハンドブック,,,,
H049,Chrysomelidae,ハムシ科,Alticinae,ヒゲナガハムシ亜科,,,,,Chaetocnema,,(Chaetocnema),,,,,ヒメドウガネトビハムシ,,,,,,,Chaetocnema (Chaetocnema),不明,,,4~10月,ハムシハンドブック,,,,
H050,Chrysomelidae,ハムシ科,Alticinae,ヒゲナガハムシ亜科,,,,,Chaetocnema,,(Chaetocnema),,,,,キイチゴヒサゴトビハムシ,,,,,,,Chaetocnema (Chaetocnema),不明,,,4~10月,ハムシハンドブック,,,,
H051,Chrysomelidae,ハムシ科,Alticinae,ヒゲナガハムシ亜科,,,,,Chaetocnema,,(Chaetocnema),,,,,ムギヒサゴトビハムシ,,,,,,,Chaetocnema (Chaetocnema),不明,,,4~10月,ハムシハンドブック,,,,
H052,Chrysomelidae,ハムシ科,Alticinae,ヒゲナガハムシ亜科,,,,,Chaetocnema,,(Chaetocnema),,,,,ヤマヒサゴトビハムシ,,,,,,,Chaetocnema (Chaetocnema),不明,,,4~10月,ハムシハンドブック,,,,
H053,Chrysomelidae,ハムシ科,Alticinae,ヒゲナガハムシ亜科,,,,,Chaetocnema,,(Chaetocnema),,,,,ヒサゴトビハムシ,,,,,,,Chaetocnema (Chaetocnema),メヒシバ,ハムシハンドブック,,4~10月,ハムシハンドブック,,,,
H054,Chrysomelidae,ハムシ科,Alticinae,ヒゲナガハムシ亜科,,,,,Chaetocnema,,(Chaetocnema),,,,,ワタラセヒサゴトビハムシ,,,,,,,Chaetocnema (Chaetocnema),不明,,,4~10月,ハムシハンドブック,,,,
H055,Chrysomelidae,ハムシ科,Alticinae,ヒゲナガハムシ亜科,,,,,Chaetocnema,,(Tlanoma),,,,,フタイロヒサゴトビハムシ,,,,,,,Chaetocnema (Tlanoma),不明,,,,,,,,
H056,Chrysomelidae,ハムシ科,Alticinae,ヒゲナガハムシ亜科,,,,,Chaetocnema,,(Tlanoma),,,,,テンサイトビハムシ,,,,,,,Chaetocnema (Tlanoma),不明,,,,,,,,
H057,Chrysomelidae,ハムシ科,Alticinae,ヒゲナガハムシ亜科,,,,,Chaetocnema,,(Tlanoma),,,,,サツマイモヒサゴトビハムシ,,,,,,,Chaetocnema (Tlanoma),不明,,,,,,,,
H058,Chrysomelidae,ハムシ科,Alticinae,ヒゲナガハムシ亜科,,,,,Chaetocnema,,(Tlanoma),,,,,クサイチゴトビハムシ,,,,,,,Chaetocnema (Tlanoma),不明,,,,,,,,
H059,Chrysomelidae,ハムシ科,Alticinae,ヒゲナガハムシ亜科,,,,,Chaetocnema,,(Tlanoma),,,,,カンミヤヒサゴトビハムシ,,,,,,,Chaetocnema (Tlanoma),不明,,,,,,,,
H060,Chrysomelidae,ハムシ科,Alticinae,ヒゲナガハムシ亜科,,,,,Chaetocnema,,(Tlanoma),,,,,ニセテンサイトビハムシ,,,,,,,Chaetocnema (Tlanoma),不明,,,,,,,,
H061,Chrysomelidae,ハムシ科,Alticinae,ヒゲナガハムシ亜科,,,,,Chaetocnema,,(Tlanoma),,,,,アオバドウガネトビハムシ,,,,,,,Chaetocnema (Tlanoma),不明,,,,,,,,
H062,Chrysomelidae,ハムシ科,Alticinae,ヒゲナガハムシ亜科,,,,,Chaetocnema,,(Tlanoma),,,,,オオヒサゴトビハムシ,,,,,,,Chaetocnema (Tlanoma),不明,,,,,,,,
H063,Chrysomelidae,ハムシ科,Alticinae,ヒゲナガハムシ亜科,,,,,Chaetocnema,,(Tlanoma),,,,,キイチゴトビハムシ,,,,,,,Chaetocnema (Tlanoma),不明,,,,,,,,
H064,Chrysomelidae,ハムシ科,Alticinae,ヒゲナガハムシ亜科,,,,,Chaetocnema,,(Udorpes),,,,,タイワンヒサゴトビハムシ,,,,,,,Chaetocnema (Udorpes),不明,,,,,,,,
H065,Chrysomelidae,ハムシ科,Alticinae,ヒゲナガハムシ亜科,,,,,Chaetocnema,,(Udorpes),,,,,ウミベヒサゴトビハムシ,,,,,,,Chaetocnema (Udorpes),不明,,,,,,,,
H066,Chrysomelidae,ハムシ科,Alticinae,ヒゲナガハムシ亜科,,,,,Clavicornaltica,,nakanoi,,,,,エグリヒゲブトコマルトビハムシ,,,,,,,Clavicornaltica nakanoi,不明,,,,,,,,
H067,Chrysomelidae,ハムシ科,Alticinae,ヒゲナガハムシ亜科,,,,,Clavicornaltica,,sakishimana,,,,,サキシマヒゲブトコマルトビハムシ,,,,,,,Clavicornaltica sakishimana,不明,,,,,,,,
H068,Chrysomelidae,ハムシ科,Alticinae,ヒゲナガハムシ亜科,,,,,Clavicornaltica,,tokushigei,,,,,ツマキレヒゲブトコマルトビハムシ,,,,,,,Clavicornaltica tokushigei,不明,,,,,,,,
H069,Chrysomelidae,ハムシ科,Alticinae,ヒゲナガハムシ亜科,,,,,Crepidodera,,japonica,,,,,ミドリトビハムシ,,,,,,,Crepidodera japonica,ヤナギ類,ハムシハンドブック,,5~10月,ハムシハンドブック,,,,
H070,Chrysomelidae,ハムシ科,Alticinae,ヒゲナガハムシ亜科,,,,,Crepidodera,,sahalinensis,,,,,スズキミドリトビハムシ,,,,,,,Crepidodera sahalinensis,ヤナギ類,ハムシハンドブック,,4~10月,ハムシハンドブック,,,,
H071,Chrysomelidae,ハムシ科,Alticinae,ヒゲナガハムシ亜科,,,,,Crepidodera,,yahiroi,,,,,ヤヒロミドリトビハムシ,,,,,,,Crepidodera yahiroi,不明,,,,,,,,
H072,Chrysomelidae,ハムシ科,Alticinae,ヒゲナガハムシ亜科,,,,,Dibolia,,(Dibolia),,,,,ヤハズトビハムシ,,,,,,,Dibolia (Dibolia),不明,,,,,,,,
H073,Chrysomelidae,ハムシ科,Alticinae,ヒゲナガハムシ亜科,,,,,Disonycha,,politula,,,,,メリケントビハムシ,,,,,,,Disonycha politula,不明,,,,,,,,
H074,Chrysomelidae,ハムシ科,Alticinae,ヒゲナガハムシ亜科,,,,,Epitrix,,hirtipennis,,,,,タバコノミハムシ,,,,,,,Epitrix hirtipennis,ジャガイモ、ナス、トマトなどナス科,ハムシハンドブック,,5~11月,ハムシハンドブック,,,,
H075,Chrysomelidae,ハムシ科,Alticinae,ヒゲナガハムシ亜科,,,,,Euphitrea,,nisotroides,,,,,ニセタマトビハムシ,,,,,,,Euphitrea nisotroides,不明,,,,,,,,
H076,Chrysomelidae,ハムシ科,Alticinae,ヒゲナガハムシ亜科,,,,,Halticorcus,,duodecimmaculata,,,,,ジュウニホシニセマルトビハムシ,,,,,,,Halticorcus duodecimmaculata,不明,,,,,,,,
H077,Chrysomelidae,ハムシ科,Alticinae,ヒゲナガハムシ亜科,,,,,Halticorcus,,hiranoi,,,,,ヒラノニセマルトビハムシ,,,,,,,Halticorcus hiranoi,不明,,,,,,,,
H078,Chrysomelidae,ハムシ科,Alticinae,ヒゲナガハムシ亜科,,,,,Halticorcus,,kasuga,,,,,トホシニセマルトビハムシ,,,,,,,Halticorcus kasuga,ノキシノブ、マメヅタ,,,不明,,,,,
H079,Chrysomelidae,ハムシ科,Alticinae,ヒゲナガハムシ亜科,,,,,Halticorcus,,sauteri,,,,,ムツボシニセマルトビハムシ,,,,,,,Halticorcus sauteri,不明,,,,,,,,
H080,Chrysomelidae,ハムシ科,Alticinae,ヒゲナガハムシ亜科,,,,,Halticorcus,,sauteri,,,,,ムツボシニセマルトビハムシ　屋久島亜種,,,,,,,Halticorcus sauteri,不明,,,,,,,,
H081,Chrysomelidae,ハムシ科,Alticinae,ヒゲナガハムシ亜科,,,,,Hemipyxis,,balyi,,,,,ヨツモンミゾアシノミハムシ,,,,,,,Hemipyxis balyi,不明,,,,,,,,
H082,Chrysomelidae,ハムシ科,Alticinae,ヒゲナガハムシ亜科,,,,,Hemipyxis,,changi,,,,,ヒメマルノミハムシ,,,,,,,Hemipyxis changi,不明,,,,,,,,
H083,Chrysomelidae,ハムシ科,Alticinae,ヒゲナガハムシ亜科,,,,,Hemipyxis,,cinctipennis,,,,,キベリヒラタノミハムシ,,,,,,,Hemipyxis cinctipennis,不明,,,,,,,,
H084,Chrysomelidae,ハムシ科,Alticinae,ヒゲナガハムシ亜科,,,,,Hemipyxis,,cinctipennis,,,,,キベリヒラタノミハムシ　沖縄本島亜種,,,,,,,Hemipyxis cinctipennis,不明,,,,,,,,
H085,Chrysomelidae,ハムシ科,Alticinae,ヒゲナガハムシ亜科,,,,,Hemipyxis,,flaviabdominalis,,,,,キバラマルノミハムシ,,,,,,,Hemipyxis flaviabdominalis,不明,,,,,,,,
H086,Chrysomelidae,ハムシ科,Alticinae,ヒゲナガハムシ亜科,,,,,Hemipyxis,,flavipennis,,,,,キバネマルノミハムシ,,,,,,,Hemipyxis flavipennis,ネズミモチ、コバノトネリコ,ハムシハンドブック,,4~7月,ハムシハンドブック,,,,
H087,Chrysomelidae,ハムシ科,Alticinae,ヒゲナガハムシ亜科,,,,,Hemipyxis,,foveolata,,,,,キイロミゾアシノミハムシ,,,,,,,Hemipyxis foveolata,不明,,,,,,,,
H088,Chrysomelidae,ハムシ科,Alticinae,ヒゲナガハムシ亜科,,,,,Hemipyxis,,foveolata,,,,,キイロミゾアシノミハムシ　宮古島亜種,,,,,,,Hemipyxis foveolata,不明,,,,,,,,
H089,Chrysomelidae,ハムシ科,Alticinae,ヒゲナガハムシ亜科,,,,,Hemipyxis,,plagioderoides,,,,,ヒゲナガルリマルノミハムシ,,,,,,,Hemipyxis plagioderoides,オオバコ、クサギ、テンニンソウ,ハムシハンドブック,,4~8月,ハムシハンドブック,,,,
H090,Chrysomelidae,ハムシ科,Alticinae,ヒゲナガハムシ亜科,,,,,Hemipyxis,,shirakii,,,,,マエモンヒラタノミハムシ,,,,,,,Hemipyxis shirakii,不明,,,,,,,,
H091,Chrysomelidae,ハムシ科,Alticinae,ヒゲナガハムシ亜科,,,,,Hemipyxis,,takarai,,,,,タカラミゾアシノミハムシ,,,,,,,Hemipyxis takarai,不明,,,,,,,,
H092,Chrysomelidae,ハムシ科,Alticinae,ヒゲナガハムシ亜科,,,,,Hermaeophaga,,(Orthocrepis),,,,,ヒメトビハムシ,,,,,,,Hermaeophaga (Orthocrepis),不明,,,,,,,,
H093,Chrysomelidae,ハムシ科,Alticinae,ヒゲナガハムシ亜科,,,,,Hespera,,lomasa,,,,,シロヒゲトビハムシ,,,,,,,Hespera lomasa,不明,,,,,,,,
H094,Chrysomelidae,ハムシ科,Alticinae,ヒゲナガハムシ亜科,,,,,Hippuriphila,,babai,,,,,アカガネトビハムシ,,,,,,,Hippuriphila babai,不明,,,,,,,,
H095,Chrysomelidae,ハムシ科,Alticinae,ヒゲナガハムシ亜科,,,,,Hyphasis,,inconstans,,,,,コブアシトビハムシ,,,,,,,Hyphasis inconstans,不明,,,,,,,,
H096,Chrysomelidae,ハムシ科,Alticinae,ヒゲナガハムシ亜科,,,,,Ivalia,,bistripunctata,,,,,ムツボシトビハムシ,,,,,,,Ivalia bistripunctata,不明,,,,,,,,
H097,Chrysomelidae,ハムシ科,Alticinae,ヒゲナガハムシ亜科,,,,,Ivalia,,hiranoi,,,,,イリオモテコダマトビハムシ,,,,,,,Ivalia hiranoi,不明,,,,,,,,
H098,Chrysomelidae,ハムシ科,Alticinae,ヒゲナガハムシ亜科,,,,,Ivalia,,kodama,,,,,アマミコダマトビハムシ,,,,,,,Ivalia kodama,不明,,,,,,,,
H099,Chrysomelidae,ハムシ科,Alticinae,ヒゲナガハムシ亜科,,,,,Ivalia,,nakanoi,,,,,ナカノコダマトビハムシ,,,,,,,Ivalia nakanoi,不明,,,,,,,,
H100,Chrysomelidae,ハムシ科,Alticinae,ヒゲナガハムシ亜科,,,,,Ivalia,,variabilis,,,,,カワリコダマトビハムシ,,,,,,,Ivalia variabilis,不明,,,,,,,,
H101,Chrysomelidae,ハムシ科,Alticinae,ヒゲナガハムシ亜科,,,,,Lanka,,esakii,,,,,ヘリグロセダカトビハムシ,,,,,,,Lanka esakii,不明,,,,,,,,
H102,Chrysomelidae,ハムシ科,Alticinae,ヒゲナガハムシ亜科,,,,,Lanka,,fulva,,,,,キイロセダカトビハムシ,,,,,,,Lanka fulva,不明,,,,,,,,
H103,Chrysomelidae,ハムシ科,Alticinae,ヒゲナガハムシ亜科,,,,,Lanka,,magnoliae,,,,,ホオノキセダカトビハムシ,,,,,,,Lanka magnoliae,不明,,,,,,,,
H104,Chrysomelidae,ハムシ科,Alticinae,ヒゲナガハムシ亜科,,,,,Lanka,,nagaii,,,,,フタツメタマノミハムシ,,,,,,,Lanka nagaii,不明,,,,,,,,
H105,Chrysomelidae,ハムシ科,Alticinae,ヒゲナガハムシ亜科,,,,,Lesagealtica,,berberii,,,,,ルリチビカミナリハムシ,,,,,,,Lesagealtica berberii,不明,,,,,,,,
H106,Chrysomelidae,ハムシ科,Alticinae,ヒゲナガハムシ亜科,,,,,Lesagealtica,,flavicornis,,,,,ウスグロチビカミナリハムシ,,,,,,,Lesagealtica flavicornis,不明,,,,,,,,
H107,Chrysomelidae,ハムシ科,Alticinae,ヒゲナガハムシ亜科,,,,,Lipromela,,minutissima,,,,,セスジトビハムシ,,,,,,,Lipromela minutissima,不明,,,,,,,,
H108,Chrysomelidae,ハムシ科,Alticinae,ヒゲナガハムシ亜科,,,,,Lipromela,,okinawana,,,,,オキナワセスジトビハムシ,,,,,,,Lipromela okinawana,不明,,,,,,,,
H109,Chrysomelidae,ハムシ科,Alticinae,ヒゲナガハムシ亜科,,,,,Lipromima,,minuta,,,,,サシゲトビハムシ,,,,,,,Lipromima minuta,ヌルデ,ハムシハンドブック,,4~10月,ハムシハンドブック,,,,
H110,Chrysomelidae,ハムシ科,Alticinae,ヒゲナガハムシ亜科,,,,,Lipromorpha,,inexpectata,,,,,オキノエラブクビボソトビハムシ,,,,,,,Lipromorpha inexpectata,不明,,,,,,,,
H111,Chrysomelidae,ハムシ科,Alticinae,ヒゲナガハムシ亜科,,,,,Lipromorpha,,loochooana,,,,,リュウキュウクビボソトビハムシ,,,,,,,Lipromorpha loochooana,不明,,,,,,,,
H112,Chrysomelidae,ハムシ科,Alticinae,ヒゲナガハムシ亜科,,,,,Lipromorpha,,sakishimana,,,,,サキシマクビボソトビハムシ,,,,,,,Lipromorpha sakishimana,不明,,,,,,,,
H113,Chrysomelidae,ハムシ科,Alticinae,ヒゲナガハムシ亜科,,,,,Liprus,,punctatostriatus,,,,,ナガトビハムシ,,,,,,,Liprus punctatostriatus,ギボウシ類、キチジョウソウ,ハムシハンドブック,,4~7月,ハムシハンドブック,,,,
H114,Chrysomelidae,ハムシ科,Alticinae,ヒゲナガハムシ亜科,,,,,Longitarsus,,(Longitarsus),,,,,ヒルガオトビハムシ,,,,,,,Longitarsus (Longitarsus),不明,,,4~10月,ハムシハンドブック,,,,
H115,Chrysomelidae,ハムシ科,Alticinae,ヒゲナガハムシ亜科,,,,,Longitarsus,,(Longitarsus),,,,,クロボシトビハムシ,,,,,,,Longitarsus (Longitarsus),ネズミモチ類、イボタ,ハムシハンドブック,,4~11月,ハムシハンドブック,,,,
H116,Chrysomelidae,ハムシ科,Alticinae,ヒゲナガハムシ亜科,,,,,Longitarsus,,(Longitarsus),,,,,ミスジアシナガトビハムシ,,,,,,,Longitarsus (Longitarsus),不明,,,4~10月,ハムシハンドブック,,,,
H117,Chrysomelidae,ハムシ科,Alticinae,ヒゲナガハムシ亜科,,,,,Longitarsus,,(Longitarsus),,,,,ムラサキアシナガトビハムシ,,,,,,,Longitarsus (Longitarsus),不明,,,4~10月,ハムシハンドブック,,,,
H118,Chrysomelidae,ハムシ科,Alticinae,ヒゲナガハムシ亜科,,,,,Longitarsus,,(Longitarsus),,,,,アカアシナガトビハムシ,,,,,,,Longitarsus (Longitarsus),不明,,,4~10月,ハムシハンドブック,,,,
H119,Chrysomelidae,ハムシ科,Alticinae,ヒゲナガハムシ亜科,,,,,Longitarsus,,(Longitarsus),,,,,セアカアシナガトビハムシ,,,,,,,Longitarsus (Longitarsus),不明,,,4~10月,ハムシハンドブック,,,,
H120,Chrysomelidae,ハムシ科,Alticinae,ヒゲナガハムシ亜科,,,,,Longitarsus,,(Longitarsus),,,,,タイワンアシナガトビハムシ,,,,,,,Longitarsus (Longitarsus),不明,,,4~10月,ハムシハンドブック,,,,
H121,Chrysomelidae,ハムシ科,Alticinae,ヒゲナガハムシ亜科,,,,,Longitarsus,,(Longitarsus),,,,,イヌノフグリトビハムシ,,,,,,,Longitarsus (Longitarsus),イヌノフグリ類,ハムシハンドブック,,3~11月,ハムシハンドブック,,,,
H122,Chrysomelidae,ハムシ科,Alticinae,ヒゲナガハムシ亜科,,,,,Longitarsus,,(Longitarsus),,,,,イシガキアシナガトビハムシ,,,,,,,Longitarsus (Longitarsus),不明,,,4~10月,ハムシハンドブック,,,,
H123,Chrysomelidae,ハムシ科,Alticinae,ヒゲナガハムシ亜科,,,,,Longitarsus,,(Longitarsus),,,,,コミヤアシナガトビハムシ,,,,,,,Longitarsus (Longitarsus),不明,,,4~10月,ハムシハンドブック,,,,
H124,Chrysomelidae,ハムシ科,Alticinae,ヒゲナガハムシ亜科,,,,,Longitarsus,,(Longitarsus),,,,,オオバコアシナガトビハムシ,,,,,,,Longitarsus (Longitarsus),不明,,,4~10月,ハムシハンドブック,,,,
H125,Chrysomelidae,ハムシ科,Alticinae,ヒゲナガハムシ亜科,,,,,Longitarsus,,(Longitarsus),,,,,クガイソウアシナガトビハムシ,,,,,,,Longitarsus (Longitarsus),不明,,,4~10月,ハムシハンドブック,,,,
H126,Chrysomelidae,ハムシ科,Alticinae,ヒゲナガハムシ亜科,,,,,Longitarsus,,(Longitarsus),,,,,コクロアシナガトビハムシ,,,,,,,Longitarsus (Longitarsus),不明,,,4~10月,ハムシハンドブック,,,,
H127,Chrysomelidae,ハムシ科,Alticinae,ヒゲナガハムシ亜科,,,,,Longitarsus,,(Longitarsus),,,,,ハッカアシナガトビハムシ,,,,,,,Longitarsus (Longitarsus),不明,,,4~10月,ハムシハンドブック,,,,
H128,Chrysomelidae,ハムシ科,Alticinae,ヒゲナガハムシ亜科,,,,,Longitarsus,,(Longitarsus),,,,,ヒヨドリバナアシナガトビハムシ,,,,,,,Longitarsus (Longitarsus),不明,,,4~10月,ハムシハンドブック,,,,
H129,Chrysomelidae,ハムシ科,Alticinae,ヒゲナガハムシ亜科,,,,,Longitarsus,,(Longitarsus),,,,,オオアシナガトビハムシ,,,,,,,Longitarsus (Longitarsus),不明,,,4~10月,ハムシハンドブック,,,,
H130,Chrysomelidae,ハムシ科,Alticinae,ヒゲナガハムシ亜科,,,,,Longitarsus,,(Longitarsus),,,,,チュウジョウアシナガトビハムシ,,,,,,,Longitarsus (Longitarsus),不明,,,4~10月,ハムシハンドブック,,,,
H131,Chrysomelidae,ハムシ科,Alticinae,ヒゲナガハムシ亜科,,,,,Longitarsus,,(Longitarsus),,,,,ヒナノウスツボアシナガトビハムシ,,,,,,,Longitarsus (Longitarsus),不明,,,4~10月,ハムシハンドブック,,,,
H132,Chrysomelidae,ハムシ科,Alticinae,ヒゲナガハムシ亜科,,,,,Longitarsus,,(Longitarsus),,,,,トウヨウアシナガトビハムシ,,,,,,,Longitarsus (Longitarsus),不明,,,4~10月,ハムシハンドブック,,,,
H133,Chrysomelidae,ハムシ科,Alticinae,ヒゲナガハムシ亜科,,,,,Longitarsus,,(Longitarsus),,,,,マルアシナガトビハムシ,,,,,,,Longitarsus (Longitarsus),不明,,,4~10月,ハムシハンドブック,,,,
H134,Chrysomelidae,ハムシ科,Alticinae,ヒゲナガハムシ亜科,,,,,Longitarsus,,(Longitarsus),,,,,カクムネアシナガトビハムシ,,,,,,,Longitarsus (Longitarsus),不明,,,4~10月,ハムシハンドブック,,,,
H135,Chrysomelidae,ハムシ科,Alticinae,ヒゲナガハムシ亜科,,,,,Longitarsus,,(Longitarsus),,,,,タツナミソウアシナガトビハムシ,,,,,,,Longitarsus (Longitarsus),不明,,,4~10月,ハムシハンドブック,,,,
H136,Chrysomelidae,ハムシ科,Alticinae,ヒゲナガハムシ亜科,,,,,Longitarsus,,(Longitarsus),,,,,オオバコトビハムシ,,,,,,,Longitarsus (Longitarsus),オオバコ、エゾオオバコ,ハムシハンドブック,,4~11月,ハムシハンドブック,,,,
H137,Chrysomelidae,ハムシ科,Alticinae,ヒゲナガハムシ亜科,,,,,Longitarsus,,(Longitarsus),,,,,ヨモギトビハムシ,,,,,,,Longitarsus (Longitarsus),イワヨモギ、オトコヨモギ、ヨモギ、ヤマヨモギなどヨモギ類、ツワブキ,ハムシハンドブック,,4~10月,ハムシハンドブック,,,,
H138,Chrysomelidae,ハムシ科,Alticinae,ヒゲナガハムシ亜科,,,,,Longitarsus,,(Longitarsus),,,,,ハンゴンソウアシナガトビハムシ,,,,,,,Longitarsus (Longitarsus),不明,,,4~10月,ハムシハンドブック,,,,
H139,Chrysomelidae,ハムシ科,Alticinae,ヒゲナガハムシ亜科,,,,,Longitarsus,,(Longitarsus),,,,,スズキアシナガトビハムシ,,,,,,,Longitarsus (Longitarsus),不明,,,4~10月,ハムシハンドブック,,,,
H140,Chrysomelidae,ハムシ科,Alticinae,ヒゲナガハムシ亜科,,,,,Longitarsus,,(Longitarsus),,,,,トカラアシナガトビハムシ,,,,,,,Longitarsus (Longitarsus),不明,,,4~10月,ハムシハンドブック,,,,
H141,Chrysomelidae,ハムシ科,Alticinae,ヒゲナガハムシ亜科,,,,,Longitarsus,,(Longitarsus),,,,,カクバネアシナガトビハムシ,,,,,,,Longitarsus (Longitarsus),不明,,,4~10月,ハムシハンドブック,,,,
H142,Chrysomelidae,ハムシ科,Alticinae,ヒゲナガハムシ亜科,,,,,Luperomorpha,,amamiana,,,,,アマミホソトビハムシ,,,,,,,Luperomorpha amamiana,不明,,,,,,,,
H143,Chrysomelidae,ハムシ科,Alticinae,ヒゲナガハムシ亜科,,,,,Luperomorpha,,birmanica,,,,,マエアカホソトビハムシ,,,,,,,Luperomorpha birmanica,不明,,,,,,,,
H144,Chrysomelidae,ハムシ科,Alticinae,ヒゲナガハムシ亜科,,,,,Luperomorpha,,collaris,,,,,ムネアカオオトビハムシ,,,,,,,Luperomorpha collaris,不明,,,,,,,,
H145,Chrysomelidae,ハムシ科,Alticinae,ヒゲナガハムシ亜科,,,,,Luperomorpha,,funesta,,,,,クワノミハムシ,,,,,,,Luperomorpha funesta,マメ類、柑橘類、クワ、コウゾ、サトウダイコン、ナス、サクラ類,ハムシハンドブック,,4~9月,ハムシハンドブック,,,,
H146,Chrysomelidae,ハムシ科,Alticinae,ヒゲナガハムシ亜科,,,,,Luperomorpha,,hidakai,,,,,ヒダカホソトビハムシ,,,,,,,Luperomorpha hidakai,不明,,,,,,,,
H147,Chrysomelidae,ハムシ科,Alticinae,ヒゲナガハムシ亜科,,,,,Luperomorpha,,pryeri,,,,,クビアカトビハムシ,,,,,,,Luperomorpha pryeri,サンショウ、イヌザンショウ,ハムシハンドブック,,7~8月,ハムシハンドブック,,,,
H148,Chrysomelidae,ハムシ科,Alticinae,ヒゲナガハムシ亜科,,,,,Luperomorpha,,sakishimana,,,,,サキシマホソトビハムシ,,,,,,,Luperomorpha sakishimana,不明,,,,,,,,
H149,Chrysomelidae,ハムシ科,Alticinae,ヒゲナガハムシ亜科,,,,,Luperomorpha,,tenebrosa,,,,,キアシノミハムシ,,,,,,,Luperomorpha tenebrosa,不明,,,,,,,,
H150,Chrysomelidae,ハムシ科,Alticinae,ヒゲナガハムシ亜科,,,,,Luperomorpha,,tokejii,,,,,トケジホソトビハムシ,,,,,,,Luperomorpha tokejii,不明,,,,,,,,
H151,Chrysomelidae,ハムシ科,Alticinae,ヒゲナガハムシ亜科,,,,,Lythraria,,komiyamai,,,,,コナスビトビハムシ,,,,,,,Lythraria komiyamai,不明,,,,,,,,
H152,Chrysomelidae,ハムシ科,Alticinae,ヒゲナガハムシ亜科,,,,,Lythraria,,salicariae,,,,,トラノオトビハムシ,,,,,,,Lythraria salicariae,不明,,,,,,,,
H153,Chrysomelidae,ハムシ科,Alticinae,ヒゲナガハムシ亜科,,,,,Manobia,,aoshimense,,,,,ケシタマノミハムシ,,,,,,,Manobia aoshimense,不明,,,,,,,,
H154,Chrysomelidae,ハムシ科,Alticinae,ヒゲナガハムシ亜科,,,,,Manobia,,formosana,,,,,チャイロケシトビハムシ,,,,,,,Manobia formosana,不明,,,,,,,,
H155,Chrysomelidae,ハムシ科,Alticinae,ヒゲナガハムシ亜科,,,,,Manobia,,gressitti,,,,,サキシマコトビハムシ,,,,,,,Manobia gressitti,不明,,,,,,,,
H156,Chrysomelidae,ハムシ科,Alticinae,ヒゲナガハムシ亜科,,,,,Manobia,,lewisi,,,,,ルイスコトビハムシ,,,,,,,Manobia lewisi,不明,,,,,,,,
H157,Chrysomelidae,ハムシ科,Alticinae,ヒゲナガハムシ亜科,,,,,Manobia,,parvula,,,,,クロコトビハムシ,,,,,,,Manobia parvula,エノキグサの1種、コニシキソウ,ハムシハンドブック,,4~10月,ハムシハンドブック,,,,
H158,Chrysomelidae,ハムシ科,Alticinae,ヒゲナガハムシ亜科,,,,,Mantura,,(Mantura),,,,,スイバトビハムシ,,,,,,,Mantura (Mantura),スイバ、ギシギシ,ハムシハンドブック,,5~6月,ハムシハンドブック,,,,
H159,Chrysomelidae,ハムシ科,Alticinae,ヒゲナガハムシ亜科,,,,,Mantura,,(Mantura),,,,,カタバミトビハムシ,,,,,,,Mantura (Mantura),不明,,,5~6月,ハムシハンドブック,,,,
H160,Chrysomelidae,ハムシ科,Alticinae,ヒゲナガハムシ亜科,,,,,Mantura,,(Mantura),,,,,ニホンハモグリトビハムシ,,,,,,,Mantura (Mantura),不明,,,5~6月,ハムシハンドブック,,,,
H161,Chrysomelidae,ハムシ科,Alticinae,ヒゲナガハムシ亜科,,,,,Mantura,,(Mantura),,,,,セマルトビハムシ,,,,,,,Mantura (Mantura),不明,,,5~6月,ハムシハンドブック,,,,
H162,Chrysomelidae,ハムシ科,Alticinae,ヒゲナガハムシ亜科,,,,,Neocrepidodera,,acuminata,,,,,トガリカクムネトビハムシ,,,,,,,Neocrepidodera acuminata,不明,,,,,,,,
H163,Chrysomelidae,ハムシ科,Alticinae,ヒゲナガハムシ亜科,,,,,Neocrepidodera,,gruevi,,,,,セダカカクムネトビハムシ,,,,,,,Neocrepidodera gruevi,不明,,,,,,,,
H164,Chrysomelidae,ハムシ科,Alticinae,ヒゲナガハムシ亜科,,,,,Neocrepidodera,,hiranoi,,,,,ヒラノカクムネトビハムシ,,,,,,,Neocrepidodera hiranoi,不明,,,,,,,,
H165,Chrysomelidae,ハムシ科,Alticinae,ヒゲナガハムシ亜科,,,,,Neocrepidodera,,interpunctata,,,,,ホソカクムネトビハムシ,,,,,,,Neocrepidodera interpunctata,不明,,,,,,,,
H166,Chrysomelidae,ハムシ科,Alticinae,ヒゲナガハムシ亜科,,,,,Neocrepidodera,,komatsui,,,,,クロカクムネトビハムシ,,,,,,,Neocrepidodera komatsui,不明,,,,,,,,
H167,Chrysomelidae,ハムシ科,Alticinae,ヒゲナガハムシ亜科,,,,,Neocrepidodera,,laevicollis,,,,,カクムネトビハムシ,,,,,,,Neocrepidodera laevicollis,不明,ハムシハンドブック,,6~11月,ハムシハンドブック,,,,
H168,Chrysomelidae,ハムシ科,Alticinae,ヒゲナガハムシ亜科,,,,,Neocrepidodera,,obscuritarsis,,,,,オオキイロノミハムシ,,,,,,,Neocrepidodera obscuritarsis,ミゾソバ、オオバコ類,ハムシハンドブック,,6~10月,ハムシハンドブック,,,,
H169,Chrysomelidae,ハムシ科,Alticinae,ヒゲナガハムシ亜科,,,,,Neocrepidodera,,ohkawai,,,,,ワタラセカクムネトビハムシ,,,,,,,Neocrepidodera ohkawai,不明,,,,,,,,
H170,Chrysomelidae,ハムシ科,Alticinae,ヒゲナガハムシ亜科,,,,,Neocrepidodera,,recticollis,,,,,カクムネチビトビハムシ,,,,,,,Neocrepidodera recticollis,不明,,,,,,,,
H171,Chrysomelidae,ハムシ科,Alticinae,ヒゲナガハムシ亜科,,,,,Neocrepidodera,,satoi,,,,,アジサイカクムネトビハムシ,,,,,,,Neocrepidodera satoi,不明,,,,,,,,
H172,Chrysomelidae,ハムシ科,Alticinae,ヒゲナガハムシ亜科,,,,,Neocrepidodera,,sibirica,,,,,クサレダマハムシ,,,,,,,Neocrepidodera sibirica,不明,,,,,,,,
H173,Chrysomelidae,ハムシ科,Alticinae,ヒゲナガハムシ亜科,,,,,Neocrepidodera,,sublaevis,,,,,アラメカクムネトビハムシ,,,,,,,Neocrepidodera sublaevis,不明,,,,,,,,
H174,Chrysomelidae,ハムシ科,Alticinae,ヒゲナガハムシ亜科,,,,,Neocrepidodera,,takara,,,,,キイロチビトビハムシ,,,,,,,Neocrepidodera takara,不明,,,,,,,,
H175,Chrysomelidae,ハムシ科,Alticinae,ヒゲナガハムシ亜科,,,,,Nonarthra,,amamiana,,,,,カワリヒゲブトノミハムシ,,,,,,,Nonarthra amamiana,不明,,,,,,,,
H176,Chrysomelidae,ハムシ科,Alticinae,ヒゲナガハムシ亜科,,,,,Nonarthra,,cyanea,,,,,ルリマルノミハムシ,,,,,,,Nonarthra cyanea,タンポポなどの花（成虫）、スギゴケ類（幼虫）,ハムシハンドブック,,3~11月,ハムシハンドブック,,,,
H177,Chrysomelidae,ハムシ科,Alticinae,ヒゲナガハムシ亜科,,,,,Nonarthra,,tibialis,,,,,コマルノミハムシ,,,,,,,Nonarthra tibialis,リョウブ、ヒメジョオン、ノイバラ、イタドリなどの花,ハムシハンドブック,,5~10月,ハムシハンドブック,,,,
H178,Chrysomelidae,ハムシ科,Alticinae,ヒゲナガハムシ亜科,,,,,Orthaltica,,okinawana,,,,,キイロケナガトビハムシ,,,,,,,Orthaltica okinawana,不明,,,,,,,,
H179,Chrysomelidae,ハムシ科,Alticinae,ヒゲナガハムシ亜科,,,,,Orthaltica,,shirozui,,,,,ケナガトビハムシ,,,,,,,Orthaltica shirozui,不明,,,,,,,,
H180,Chrysomelidae,ハムシ科,Alticinae,ヒゲナガハムシ亜科,,,,,Parategyrius,,unicolor,,,,,ニセアシナガトビハムシ,,,,,,,Parategyrius unicolor,不明,,,,,,,,
H181,Chrysomelidae,ハムシ科,Alticinae,ヒゲナガハムシ亜科,,,,,Parazipangia,,okiana,,,,,ニセグミトビハムシ,,,,,,,Parazipangia okiana,不明,,,,,,,,
H182,Chrysomelidae,ハムシ科,Alticinae,ヒゲナガハムシ亜科,,,,,Philopona,,vibex,,,,,タマアシトビハムシ,,,,,,,Philopona vibex,オオバコ,ハムシハンドブック,,3~11月,ハムシハンドブック,,,,
H183,Chrysomelidae,ハムシ科,Alticinae,ヒゲナガハムシ亜科,,,,,Phygasia,,fulvipennis,,,,,チャバネツヤハムシ,,,,,,,Phygasia fulvipennis,ガガイモ,ハムシハンドブック,,4~7月,ハムシハンドブック,,,,
H184,Chrysomelidae,ハムシ科,Alticinae,ヒゲナガハムシ亜科,,,,,Phyllotreta,,chujoe,,,,,チュウジョウキスジノミハムシ,,,,,,,Phyllotreta chujoe,不明,,,,,,,,
H185,Chrysomelidae,ハムシ科,Alticinae,ヒゲナガハムシ亜科,,,,,Phyllotreta,,ezoensis,,,,,ムモンキスジノミハムシ,,,,,,,Phyllotreta ezoensis,不明,,,,,,,,
H186,Chrysomelidae,ハムシ科,Alticinae,ヒゲナガハムシ亜科,,,,,Phyllotreta,,ochripes,,,,,キアシキスジノミハムシ,,,,,,,Phyllotreta ochripes,不明,,,,,,,,
H187,Chrysomelidae,ハムシ科,Alticinae,ヒゲナガハムシ亜科,,,,,Phyllotreta,,rectilineata,,,,,ホソキスジノミハムシ,,,,,,,Phyllotreta rectilineata,不明,,,,,,,,
H188,Chrysomelidae,ハムシ科,Alticinae,ヒゲナガハムシ亜科,,,,,Phyllotreta,,shirahatai,,,,,シラハタキスジノミハムシ,,,,,,,Phyllotreta shirahatai,不明,,,,,,,,
H189,Chrysomelidae,ハムシ科,Alticinae,ヒゲナガハムシ亜科,,,,,Phyllotreta,,striolata,,,,,キスジノミハムシ,,,,,,,Phyllotreta striolata,ダイコン、カブなどアブラナ科,ハムシハンドブック,,3~11月,ハムシハンドブック,,,,
H190,Chrysomelidae,ハムシ科,Alticinae,ヒゲナガハムシ亜科,,,,,Podagricomela,,weisei,,,,,カラタチトビハムシ,,,,,,,Podagricomela weisei,カラタチ,ハムシハンドブック,,4~6月(?),ハムシハンドブック,,,,
H191,Chrysomelidae,ハムシ科,Alticinae,ヒゲナガハムシ亜科,,,,,Podontia,,quatordecimpunctata,,,,,ジュウシホシキイロオオハムシ,,,,,,,Podontia quatordecimpunctata,不明,,,,,,,,
H192,Chrysomelidae,ハムシ科,Alticinae,ヒゲナガハムシ亜科,,,,,Pseudodera,,xanthospila,,,,,フタホシオオノミハムシ,,,,,,,Pseudodera xanthospila,サルトリイバラ,ハムシハンドブック,,4~7月,ハムシハンドブック,,,,
H193,Chrysomelidae,ハムシ科,Alticinae,ヒゲナガハムシ亜科,,,,,Pseudoliprus,,hirtus,,,,,クビボソトビハムシ,,,,,,,Pseudoliprus hirtus,ノブドウ、ヤマブドウ、エビヅル,ハムシハンドブック,,5~8月,ハムシハンドブック,,,,
H194,Chrysomelidae,ハムシ科,Alticinae,ヒゲナガハムシ亜科,,,,,Pseudoliprus,,komiyai,,,,,コミヤクビボソトビハムシ,,,,,,,Pseudoliprus komiyai,不明,,,,,,,,
H195,Chrysomelidae,ハムシ科,Alticinae,ヒゲナガハムシ亜科,,,,,Pseudoliprus,,kurosawai,,,,,クロサワクビボソトビハムシ,,,,,,,Pseudoliprus kurosawai,不明,,,,,,,,
H196,Chrysomelidae,ハムシ科,Alticinae,ヒゲナガハムシ亜科,,,,,Pseudoliprus,,nigritus,,,,,アラメクビボソトビハムシ,,,,,,,Pseudoliprus nigritus,不明,,,,,,,,
H197,Chrysomelidae,ハムシ科,Alticinae,ヒゲナガハムシ亜科,,,,,Pseudoliprus,,nigritus,,,,,アラメクビボソトビハムシ　伊豆諸島亜種,,,,,,,Pseudoliprus nigritus,不明,,,,,,,,
H198,Chrysomelidae,ハムシ科,Alticinae,ヒゲナガハムシ亜科,,,,,Pseudoliprus,,suturalis,,,,,セスジクビボソトビハムシ,,,,,,,Pseudoliprus suturalis,不明,,,,,,,,
H199,Chrysomelidae,ハムシ科,Alticinae,ヒゲナガハムシ亜科,,,,,Psylliodes,,(Psylliodes),,,,,アサトビハムシ,,,,,,,Psylliodes (Psylliodes),不明,,,4~10月,ハムシハンドブック,,,,
H200,Chrysomelidae,ハムシ科,Alticinae,ヒゲナガハムシ亜科,,,,,Psylliodes,,(Psylliodes),,,,,ベーリーナガスネトビハムシ,,,,,,,Psylliodes (Psylliodes),不明,,,4~10月,ハムシハンドブック,,,,
H201,Chrysomelidae,ハムシ科,Alticinae,ヒゲナガハムシ亜科,,,,,Psylliodes,,(Psylliodes),,,,,ルリナガスネトビハムシ,,,,,,,Psylliodes (Psylliodes),ナス、ジャガイモ、ホオズキ、イヌホオズキ,ハムシハンドブック,,4~10月,ハムシハンドブック,,,,
H202,Chrysomelidae,ハムシ科,Alticinae,ヒゲナガハムシ亜科,,,,,Psylliodes,,(Psylliodes),,,,,チュウジョウナガスネトビハムシ,,,,,,,Psylliodes (Psylliodes),不明,,,4~10月,ハムシハンドブック,,,,
H203,Chrysomelidae,ハムシ科,Alticinae,ヒゲナガハムシ亜科,,,,,Psylliodes,,(Psylliodes),,,,,ナトビハムシ,,,,,,,Psylliodes (Psylliodes),コンロンソウ、ダイコンなどアブラナ科の野菜類,ハムシハンドブック,,3~11月,ハムシハンドブック,,,,
H204,Chrysomelidae,ハムシ科,Alticinae,ヒゲナガハムシ亜科,,,,,Psylliodes,,(Psylliodes),,,,,ヒロアシナガスネトビハムシ,,,,,,,Psylliodes (Psylliodes),不明,,,4~10月,ハムシハンドブック,,,,
H205,Chrysomelidae,ハムシ科,Alticinae,ヒゲナガハムシ亜科,,,,,Psylliodes,,(Psylliodes),,,,,ダイコンナガスネトビハムシ,,,,,,,Psylliodes (Psylliodes),不明,,,4~10月,ハムシハンドブック,,,,
H206,Chrysomelidae,ハムシ科,Alticinae,ヒゲナガハムシ亜科,,,,,Psylliodes,,(Psylliodes),,,,,ナスナガスネトビハムシ,,,,,,,Psylliodes (Psylliodes),不明,,,4~10月,ハムシハンドブック,,,,
H207,Chrysomelidae,ハムシ科,Alticinae,ヒゲナガハムシ亜科,,,,,Psylliodes,,(Semicnema),,,,,キイロナガスネトビハムシ,,,,,,,Psylliodes (Semicnema),不明,,,,,,,,
H208,Chrysomelidae,ハムシ科,Alticinae,ヒゲナガハムシ亜科,,,,,Sangariola,,punctatostriata,,,,,カタクリハムシ,,,,,,,Sangariola punctatostriata,オニユリ、オオウバユリ、ホトトギス類,ハムシハンドブック,,4~6月,ハムシハンドブック,,,,
H209,Chrysomelidae,ハムシ科,Alticinae,ヒゲナガハムシ亜科,,,,,Sphaeroderma,,akebia,,,,,アケビタマノミハムシ,,,,,,,Sphaeroderma akebia,不明,,,,,,,,
H210,Chrysomelidae,ハムシ科,Alticinae,ヒゲナガハムシ亜科,,,,,Sphaeroderma,,apicale,,,,,ツマキタマノミハムシ,,,,,,,Sphaeroderma apicale,ススキ類,ハムシハンドブック,,4~11月,ハムシハンドブック,,,,
H211,Chrysomelidae,ハムシ科,Alticinae,ヒゲナガハムシ亜科,,,,,Sphaeroderma,,atrum,,,,,クロタマノミハムシ,,,,,,,Sphaeroderma atrum,不明,,,,,,,,
H212,Chrysomelidae,ハムシ科,Alticinae,ヒゲナガハムシ亜科,,,,,Sphaeroderma,,balyi,,,,,フキタマノミハムシ,,,,,,,Sphaeroderma balyi,不明,,,,,,,,
H213,Chrysomelidae,ハムシ科,Alticinae,ヒゲナガハムシ亜科,,,,,Sphaeroderma,,flavonotatum,,,,,キモンタマノミハムシ,,,,,,,Sphaeroderma flavonotatum,不明,,,,,,,,
H214,Chrysomelidae,ハムシ科,Alticinae,ヒゲナガハムシ亜科,,,,,Sphaeroderma,,fulvoapicale,,,,,リュウキュウツマキマルノミハムシ,,,,,,,Sphaeroderma fulvoapicale,不明,,,,,,,,
H215,Chrysomelidae,ハムシ科,Alticinae,ヒゲナガハムシ亜科,,,,,Sphaeroderma,,inaizumii,,,,,イナイズミタマノミハムシ,,,,,,,Sphaeroderma inaizumii,不明,,,,,,,,
H216,Chrysomelidae,ハムシ科,Alticinae,ヒゲナガハムシ亜科,,,,,Sphaeroderma,,japanum,,,,,ヒゲナガタマノミハムシ,,,,,,,Sphaeroderma japanum,不明,,,,,,,,
H217,Chrysomelidae,ハムシ科,Alticinae,ヒゲナガハムシ亜科,,,,,Sphaeroderma,,kuroashi,,,,,クロアシタマノミハムシ,,,,,,,Sphaeroderma kuroashi,不明,,,,,,,,
H218,Chrysomelidae,ハムシ科,Alticinae,ヒゲナガハムシ亜科,,,,,Sphaeroderma,,morimotoi,,,,,モリモトタマノミハムシ,,,,,,,Sphaeroderma morimotoi,不明,,,,,,,,
H219,Chrysomelidae,ハムシ科,Alticinae,ヒゲナガハムシ亜科,,,,,Sphaeroderma,,nigricolle,,,,,アカバネタマノミハムシ,,,,,,,Sphaeroderma nigricolle,不明,,,,,,,,
H220,Chrysomelidae,ハムシ科,Alticinae,ヒゲナガハムシ亜科,,,,,Sphaeroderma,,obscurum,,,,,ウスグロタマノミハムシ,,,,,,,Sphaeroderma obscurum,不明,,,,,,,,
H221,Chrysomelidae,ハムシ科,Alticinae,ヒゲナガハムシ亜科,,,,,Sphaeroderma,,ohkuboi,,,,,ヘリグロタマノミハムシ,,,,,,,Sphaeroderma ohkuboi,不明,,,,,,,,
H222,Chrysomelidae,ハムシ科,Alticinae,ヒゲナガハムシ亜科,,,,,Sphaeroderma,,placidum,,,,,ムネアカタマノミハムシ,,,,,,,Sphaeroderma placidum,ボタンヅル,ハムシハンドブック,,3~7月,ハムシハンドブック,,,,
H223,Chrysomelidae,ハムシ科,Alticinae,ヒゲナガハムシ亜科,,,,,Sphaeroderma,,quadrimaculatum,,,,,ヨツモンタマノミハムシ,,,,,,,Sphaeroderma quadrimaculatum,不明,,,,,,,,
H224,Chrysomelidae,ハムシ科,Alticinae,ヒゲナガハムシ亜科,,,,,Sphaeroderma,,separatum,,,,,ヒメアオタマノミハムシ,,,,,,,Sphaeroderma separatum,不明,,,,,,,,
H225,Chrysomelidae,ハムシ科,Alticinae,ヒゲナガハムシ亜科,,,,,Sphaeroderma,,seriatum,,,,,ヌカキビタマトビハムシ,,,,,,,Sphaeroderma seriatum,不明,,,,,,,,
H226,Chrysomelidae,ハムシ科,Alticinae,ヒゲナガハムシ亜科,,,,,Sphaeroderma,,tarsatum,,,,,ヒロアシタマノミハムシ,,,,,,,Sphaeroderma tarsatum,チシマザサ,ハムシハンドブック,,4~9月,ハムシハンドブック,,,,
H227,Chrysomelidae,ハムシ科,Alticinae,ヒゲナガハムシ亜科,,,,,Sphaeroderma,,unicolor,,,,,キイロタマノミハムシ,,,,,,,Sphaeroderma unicolor,センニンソウ,ハムシハンドブック,,4~9月,ハムシハンドブック,,,,
H228,Chrysomelidae,ハムシ科,Alticinae,ヒゲナガハムシ亜科,,,,,Stenoluperus,,bicarinatus,,,,,チビウスバハムシ,,,,,,,Stenoluperus bicarinatus,不明,,,,,,,,
H229,Chrysomelidae,ハムシ科,Alticinae,ヒゲナガハムシ亜科,,,,,Stenoluperus,,cyaneus,,,,,ルリウスバハムシ,,,,,,,Stenoluperus cyaneus,不明,,,,,,,,
H230,Chrysomelidae,ハムシ科,Alticinae,ヒゲナガハムシ亜科,,,,,Stenoluperus,,nipponensis,,,,,ヒゲナガウスバハムシ,,,,,,,Stenoluperus nipponensis,不明,,,,,,,,
H231,Chrysomelidae,ハムシ科,Alticinae,ヒゲナガハムシ亜科,,,,,Trachytetra,,amamiana,,,,,アマミアラハダトビハムシ,,,,,,,Trachytetra amamiana,不明,,,,,,,,
H232,Chrysomelidae,ハムシ科,Alticinae,ヒゲナガハムシ亜科,,,,,Trachytetra,,collaris,,,,,コゲチャアラハダトビハムシ,,,,,,,Trachytetra collaris,不明,,,,,,,,
H233,Chrysomelidae,ハムシ科,Alticinae,ヒゲナガハムシ亜科,,,,,Trachytetra,,imasakai,,,,,イマサカアラハダトビハムシ,,,,,,,Trachytetra imasakai,不明,,,,,,,,
H234,Chrysomelidae,ハムシ科,Alticinae,ヒゲナガハムシ亜科,,,,,Trachytetra,,lewisi,,,,,アラハダトビハムシ,,,,,,,Trachytetra lewisi,不明,,,,,,,,
H235,Chrysomelidae,ハムシ科,Alticinae,ヒゲナガハムシ亜科,,,,,Trachytetra,,nigricornis,,,,,クロヒゲアラハダトビハムシ,,,,,,,Trachytetra nigricornis,不明,,,,,,,,
H236,Chrysomelidae,ハムシ科,Alticinae,ヒゲナガハムシ亜科,,,,,Trachytetra,,nigrita,,,,,クロアラハダトビハムシ,,,,,,,Trachytetra nigrita,不明,,,,,,,,
H237,Chrysomelidae,ハムシ科,Alticinae,ヒゲナガハムシ亜科,,,,,Trachytetra,,nishii,,,,,ニシアラハダトビハムシ,,,,,,,Trachytetra nishii,不明,,,,,,,,
H238,Chrysomelidae,ハムシ科,Alticinae,ヒゲナガハムシ亜科,,,,,Trachytetra,,obscura,,,,,ガマズミトビハムシ,,,,,,,Trachytetra obscura,ガマズミ、ヤブウツギ,ハムシハンドブック,,4~8月,ハムシハンドブック,,,,
H239,Chrysomelidae,ハムシ科,Alticinae,ヒゲナガハムシ亜科,,,,,Trachytetra,,okinawana,,,,,オキナワアラハダトビハムシ,,,,,,,Trachytetra okinawana,不明,,,,,,,,
H240,Chrysomelidae,ハムシ科,Alticinae,ヒゲナガハムシ亜科,,,,,Trachytetra,,sordida,,,,,ヒゲナガアラハダトビハムシ,,,,,,,Trachytetra sordida,不明,,,,,,,,
H241,Chrysomelidae,ハムシ科,Alticinae,ヒゲナガハムシ亜科,,,,,Zipanginia,,bungoensis,,,,,キュウシュウグミトビハムシ,,,,,,,Zipanginia bungoensis,不明,,,,,,,,
H242,Chrysomelidae,ハムシ科,Alticinae,ヒゲナガハムシ亜科,,,,,Zipanginia,,iwatensis,,,,,ホオノキコミヤトビハムシ,,,,,,,Zipanginia iwatensis,不明,,,,,,,,
H243,Chrysomelidae,ハムシ科,Alticinae,ヒゲナガハムシ亜科,,,,,Zipanginia,,loochooensis,,,,,リュウキュウグミトビハムシ,,,,,,,Zipanginia loochooensis,不明,,,,,,,,
H244,Chrysomelidae,ハムシ科,Alticinae,ヒゲナガハムシ亜科,,,,,Zipanginia,,miyatakei,,,,,ムネアカグミトビハムシ,,,,,,,Zipanginia miyatakei,不明,,,,,,,,
H245,Chrysomelidae,ハムシ科,Alticinae,ヒゲナガハムシ亜科,,,,,Zipanginia,,picipes,,,,,チビカミナリハムシ,,,,,,,Zipanginia picipes,不明,,,,,,,,
H246,Chrysomelidae,ハムシ科,Alticinae,ヒゲナガハムシ亜科,,,,,Zipanginia,,picipes,,,,,チビカミナリハムシ　亜種,,,,,,,Zipanginia picipes,不明,,,,,,,,
H247,Chrysomelidae,ハムシ科,Alticinae,ヒゲナガハムシ亜科,,,,,Zipanginia,,sakishimana,,,,,サキシマグミトビハムシ,,,,,,,Zipanginia sakishimana,不明,,,,,,,,
H248,Chrysomelidae,ハムシ科,Alticinae,ヒゲナガハムシ亜科,,,,,Zipanginia,,tosana,,,,,シコクグミトビハムシ,,,,,,,Zipanginia tosana,不明,,,,,,,,
H249,Chrysomelidae,ハムシ科,Alticinae,ヒゲナガハムシ亜科,,,,,Zipanginia,,tuberosa,,,,,シリダコグミトビハムシ,,,,,,,Zipanginia tuberosa,不明,,,,,,,,
H250,Chrysomelidae,ハムシ科,Alticinae,ヒゲナガハムシ亜科,,,,,Apophylia,,elongata,,,,,オキナワアオバホソハムシ,,,,,,,Apophylia elongata,不明,,,,,,,,
H251,Chrysomelidae,ハムシ科,Alticinae,ヒゲナガハムシ亜科,,,,,Apophylia,,nigriceps,,,,,ヒメアオバホソハムシ,,,,,,,Apophylia nigriceps,不明,,,,,,,,
H252,Chrysomelidae,ハムシ科,Alticinae,ヒゲナガハムシ亜科,,,,,Apophylia,,viridipennis,,,,,アオバホソハムシ,,,,,,,Apophylia viridipennis,不明,,,,,,,,
H253,Chrysomelidae,ハムシ科,Alticinae,ヒゲナガハムシ亜科,,,,,Chujoa,,uetsukii,,,,,ウエツキブナハムシ,,,,,,,Chujoa uetsukii,ブナ,ハムシハンドブック,,7~9月,ハムシハンドブック,,,,
H254,Chrysomelidae,ハムシ科,Alticinae,ヒゲナガハムシ亜科,,,,,Galeruca,,(Galeruca),,,,,アザミオオハムシ,,,,,,,Galeruca (Galeruca),アザミ、ギボウシ、フキ,ハムシハンドブック,,6~10月,ハムシハンドブック,,,,
H255,Chrysomelidae,ハムシ科,Alticinae,ヒゲナガハムシ亜科,,,,,Galeruca,,(Galeruca),,,,,ネギオオアラメハムシ,,,,,,,Galeruca (Galeruca),不明,,,6~10月,ハムシハンドブック,,,,
H256,Chrysomelidae,ハムシ科,Alticinae,ヒゲナガハムシ亜科,,,,,Galeruca,,(Galeruca),,,,,スジグロオオハムシ,,,,,,,Galeruca (Galeruca),不明,,,6~10月,ハムシハンドブック,,,,
H257,Chrysomelidae,ハムシ科,Alticinae,ヒゲナガハムシ亜科,,,,,Galeruca,,(Galeruca),,,,,スミイロオオアラメハムシ,,,,,,,Galeruca (Galeruca),不明,,,6~10月,ハムシハンドブック,,,,
H258,Chrysomelidae,ハムシ科,Alticinae,ヒゲナガハムシ亜科,,,,,Galerucella,,(Galerucella),,,,,チュウジョウヒゲナガハムシ,,,,,,,Galerucella (Galerucella),不明,,,4~11月,ハムシハンドブック,,,,
H259,Chrysomelidae,ハムシ科,Alticinae,ヒゲナガハムシ亜科,,,,,Galerucella,,(Galerucella),,,,,イチゴハムシ,,,,,,,Galerucella (Galerucella),ミゾソバ、イタドリ、ギシギシ、オランダイチゴ,ハムシハンドブック,,4~11月,ハムシハンドブック,,,,
H260,Chrysomelidae,ハムシ科,Alticinae,ヒゲナガハムシ亜科,,,,,Galerucella,,(Galerucella),,,,,ジュンサイハムシ,,,,,,,Galerucella (Galerucella),不明,,,4~11月,ハムシハンドブック,,,,
H261,Chrysomelidae,ハムシ科,Alticinae,ヒゲナガハムシ亜科,,,,,Galerucella,,(Galerucella),,,,,オオクラヒゲナガハムシ,,,,,,,Galerucella (Galerucella),不明,,,4~11月,ハムシハンドブック,,,,
H262,Chrysomelidae,ハムシ科,Alticinae,ヒゲナガハムシ亜科,,,,,Galerucella,,(Galerucella),,,,,オゼタデハムシ,,,,,,,Galerucella (Galerucella),不明,,,4~11月,ハムシハンドブック,,,,
H263,Chrysomelidae,ハムシ科,Alticinae,ヒゲナガハムシ亜科,,,,,Galerucella,,(Neogalerucella),,,,,ミソハギハムシ,,,,,,,Galerucella (Neogalerucella),不明,,,,,,,,
H264,Chrysomelidae,ハムシ科,Alticinae,ヒゲナガハムシ亜科,,,,,Galerucella,,(Neogalerucella),,,,,ハシバミハムシ,,,,,,,Galerucella (Neogalerucella),不明,,,,,,,,
H265,Chrysomelidae,ハムシ科,Alticinae,ヒゲナガハムシ亜科,,,,,Lochmaea,,caprea,,,,,ズグロアラメハムシ,,,,,,,Lochmaea caprea,不明,,,,,,,,
H266,Chrysomelidae,ハムシ科,Alticinae,ヒゲナガハムシ亜科,,,,,Menippus,,doeberli,,,,,オキナワウスバハムシ,,,,,,,Menippus doeberli,不明,,,,,,,,
H267,Chrysomelidae,ハムシ科,Alticinae,ヒゲナガハムシ亜科,,,,,Menippus,,issikii,,,,,アマミウスバハムシ,,,,,,,Menippus issikii,不明,,,,,,,,
H268,Chrysomelidae,ハムシ科,Alticinae,ヒゲナガハムシ亜科,,,,,Menippus,,sakishimanus,,,,,サキシマウスバハムシ,,,,,,,Menippus sakishimanus,不明,,,,,,,,
H269,Chrysomelidae,ハムシ科,Alticinae,ヒゲナガハムシ亜科,,,,,Ophraella,,communa,,,,,ブタクサハムシ,,,,,,,Ophraella communa,ブタクサ、オオブタクサ,ハムシハンドブック,,3~10月,ハムシハンドブック,,,,
H270,Chrysomelidae,ハムシ科,Alticinae,ヒゲナガハムシ亜科,,,,,Pyrrhalta,,annulicornis,,,,,ブチヒゲケブカハムシ,,,,,,,Pyrrhalta annulicornis,ガマズミ類、オオカメノキ、ゴマギ,ハムシハンドブック,,5~10月,ハムシハンドブック,,,,
H271,Chrysomelidae,ハムシ科,Alticinae,ヒゲナガハムシ亜科,,,,,Pyrrhalta,,esakii,,,,,エグリバケブカハムシ,,,,,,,Pyrrhalta esakii,不明,,,,,,,,
H272,Chrysomelidae,ハムシ科,Alticinae,ヒゲナガハムシ亜科,,,,,Pyrrhalta,,fuscipennis,,,,,イタヤハムシ,,,,,,,Pyrrhalta fuscipennis,カエデ類、ハコヤナギ類,ハムシハンドブック,,5月、7~10月,ハムシハンドブック,,,,
H273,Chrysomelidae,ハムシ科,Alticinae,ヒゲナガハムシ亜科,,,,,Pyrrhalta,,kawashimai,,,,,カワシマケブカハムシ,,,,,,,Pyrrhalta kawashimai,不明,,,,,,,,
H274,Chrysomelidae,ハムシ科,Alticinae,ヒゲナガハムシ亜科,,,,,Pyrrhalta,,konishii,,,,,コニシケブカハムシ,,,,,,,Pyrrhalta konishii,不明,,,,,,,,
H275,Chrysomelidae,ハムシ科,Alticinae,ヒゲナガハムシ亜科,,,,,Pyrrhalta,,lineatipes,,,,,サンゴジュハムシ,,,,,,,Pyrrhalta lineatipes,サンゴジュ、ガマズミ類、ゴマギ,ハムシハンドブック,,5~10月(7~8月は夏眠),ハムシハンドブック,,,,
H276,Chrysomelidae,ハムシ科,Alticinae,ヒゲナガハムシ亜科,,,,,Pyrrhalta,,semifulva,,,,,アカタデハムシ,,,,,,,Pyrrhalta semifulva,サクラ、トサミズキ,ハムシハンドブック,,4~9月,ハムシハンドブック,,,,
H277,Chrysomelidae,ハムシ科,Alticinae,ヒゲナガハムシ亜科,,,,,Pyrrhalta,,takeii,,,,,オオサクラケブカハムシ,,,,,,,Pyrrhalta takeii,不明,,,,,,,,
H278,Chrysomelidae,ハムシ科,Alticinae,ヒゲナガハムシ亜科,,,,,Pyrrhalta,,tibialis,,,,,エノキハムシ,,,,,,,Pyrrhalta tibialis,エノキ,ハムシハンドブック,,5~9月,ハムシハンドブック,,,,
H279,Chrysomelidae,ハムシ科,Alticinae,ヒゲナガハムシ亜科,,,,,Pyrrhalta,,yasumatsui,,,,,ヤスマツケブカハムシ,,,,,,,Pyrrhalta yasumatsui,不明,,,,,,,,
H280,Chrysomelidae,ハムシ科,Alticinae,ヒゲナガハムシ亜科,,,,,Pyrrhalta,,yoshimotoi,,,,,ヨシモトケブカハムシ,,,,,,,Pyrrhalta yoshimotoi,不明,,,,,,,,
H281,Chrysomelidae,ハムシ科,Alticinae,ヒゲナガハムシ亜科,,,,,Xanthogaleruca,,maculicollis,,,,,ニレハムシ,,,,,,,Xanthogaleruca maculicollis,ニレ類、ケヤキ,ハムシハンドブック,,4~10月,ハムシハンドブック,,,,
H282,Chrysomelidae,ハムシ科,Alticinae,ヒゲナガハムシ亜科,,,,,Xanthogaleruca,,nigromarginata,,,,,クロヘリウスチャハムシ,,,,,,,Xanthogaleruca nigromarginata,不明,,,,,,,,
H283,Chrysomelidae,ハムシ科,Alticinae,ヒゲナガハムシ亜科,,,,,Xanthogaleruca,,seminigra,,,,,カエデハムシ,,,,,,,Xanthogaleruca seminigra,不明,,,,,,,,
H284,Chrysomelidae,ハムシ科,Alticinae,ヒゲナガハムシ亜科,,,,,Agelasa,,nigriceps,,,,,キクビアオハムシ,,,,,,,Agelasa nigriceps,サルナシ、オオバアサガラ、枯れ葉（幼虫）,ハムシハンドブック,,4~5月、8月(山地では6~7月、9~10月),ハムシハンドブック,,,,
H285,Chrysomelidae,ハムシ科,Alticinae,ヒゲナガハムシ亜科,,,,,Agelastica,,coerulea,,,,,ハンノキハムシ,,,,,,,Agelastica coerulea,ハンノキ、ヤシャブシ類、シラカバ,ハムシハンドブック,,4~8月(山地では8~10月),ハムシハンドブック,,,,
H286,Chrysomelidae,ハムシ科,Alticinae,ヒゲナガハムシ亜科,,,,,Arthrotus,,niger,,,,,ムナグロツヤハムシ,,,,,,,Arthrotus niger,ハンノキ、クワ、イタヤカエデ,ハムシハンドブック,,3~10月,ハムシハンドブック,,,,
H287,Chrysomelidae,ハムシ科,Alticinae,ヒゲナガハムシ亜科,,,,,Dercetina,,azumai,,,,,アオバヒゲナガハムシ,,,,,,,Dercetina azumai,不明,,,,,,,,
H288,Chrysomelidae,ハムシ科,Alticinae,ヒゲナガハムシ亜科,,,,,Gallerucida,,bifasciata,,,,,イタドリハムシ,,,,,,,Gallerucida bifasciata,イタドリ、オオイタドリ、スイバ,ハムシハンドブック,,3~9月,ハムシハンドブック,,,,
H289,Chrysomelidae,ハムシ科,Alticinae,ヒゲナガハムシ亜科,,,,,Gallerucida,,flavipennis,,,,,ズグロアカハムシ,,,,,,,Gallerucida flavipennis,不明,,,,,,,,
H290,Chrysomelidae,ハムシ科,Alticinae,ヒゲナガハムシ亜科,,,,,Gallerucida,,lewisi,,,,,ムツキボシハムシ,,,,,,,Gallerucida lewisi,不明,,,,,,,,
H291,Chrysomelidae,ハムシ科,Alticinae,ヒゲナガハムシ亜科,,,,,Gallerucida,,oshimana,,,,,アマミカバイロハムシ,,,,,,,Gallerucida oshimana,不明,,,,,,,,
H292,Chrysomelidae,ハムシ科,Alticinae,ヒゲナガハムシ亜科,,,,,Hamushia,,eburata,,,,,ヨツキボシハムシ,,,,,,,Hamushia eburata,ウシハコベ、ハコベ,ハムシハンドブック,,3~7月,ハムシハンドブック,,,,
H293,Chrysomelidae,ハムシ科,Alticinae,ヒゲナガハムシ亜科,,,,,Hamushia,,konishii,,,,,ヨモギモンキハムシ,,,,,,,Hamushia konishii,不明,,,,,,,,
H294,Chrysomelidae,ハムシ科,Alticinae,ヒゲナガハムシ亜科,,,,,Morphosphaera,,caerulea,,,,,オキナワイチモンジハムシ,,,,,,,Morphosphaera caerulea,不明,,,,,,,,
H295,Chrysomelidae,ハムシ科,Alticinae,ヒゲナガハムシ亜科,,,,,Morphosphaera,,japonica,,,,,イチモンジハムシ,,,,,,,Morphosphaera japonica,イヌビワ、イタビ類,ハムシハンドブック,,4~7月,ハムシハンドブック,,,,
H296,Chrysomelidae,ハムシ科,Alticinae,ヒゲナガハムシ亜科,,,,,Sphenoraia,,intermedia,,,,,アオバノコヒゲハムシ,,,,,,,Sphenoraia intermedia,不明,,,,,,,,
H297,Chrysomelidae,ハムシ科,Alticinae,ヒゲナガハムシ亜科,,,,,Atrachya,,flavomaculata,,,,,モンキウリハムシモドキ,,,,,,,Atrachya flavomaculata,不明,,,,,,,,
H298,Chrysomelidae,ハムシ科,Alticinae,ヒゲナガハムシ亜科,,,,,Atrachya,,menetriesi,,,,,ウリハムシモドキ,,,,,,,Atrachya menetriesi,マメ科,ハムシハンドブック,,5~10月,ハムシハンドブック,,,,
H299,Chrysomelidae,ハムシ科,Alticinae,ヒゲナガハムシ亜科,,,,,Aulacophora,,bicolor,,,,,フタイロウリハムシ,,,,,,,Aulacophora bicolor,不明,,,,,,,,
H300,Chrysomelidae,ハムシ科,Alticinae,ヒゲナガハムシ亜科,,,,,Aulacophora,,indica,,,,,ウリハムシ,,,,,,,Aulacophora indica,ウリ類、カボチャ,ハムシハンドブック,,4~10月,ハムシハンドブック,,,,
H301,Chrysomelidae,ハムシ科,Alticinae,ヒゲナガハムシ亜科,,,,,Aulacophora,,lewisii,,,,,ヒメクロウリハムシ,,,,,,,Aulacophora lewisii,不明,,,,,,,,
H302,Chrysomelidae,ハムシ科,Alticinae,ヒゲナガハムシ亜科,,,,,Aulacophora,,loochooensis,,,,,ルリバネウリハムシ,,,,,,,Aulacophora loochooensis,不明,,,,,,,,
H303,Chrysomelidae,ハムシ科,Alticinae,ヒゲナガハムシ亜科,,,,,Aulacophora,,nigripennis,,,,,クロウリハムシ,,,,,,,Aulacophora nigripennis,ウリ類,ハムシハンドブック,,4~10月,ハムシハンドブック,,,,
H304,Chrysomelidae,ハムシ科,Alticinae,ヒゲナガハムシ亜科,,,,,Aulacophora,,nigripennis,,,,,クロウリハムシ　奄美沖縄亜種,,,,,,,Aulacophora nigripennis,ウリ類,ハムシハンドブック,,4~10月,ハムシハンドブック,,,,
H305,Chrysomelidae,ハムシ科,Alticinae,ヒゲナガハムシ亜科,,,,,Aulacophora,,nigripennis,,,,,クロウリハムシ　伊豆諸島亜種,,,,,,,Aulacophora nigripennis,ウリ類,ハムシハンドブック,,4~10月,ハムシハンドブック,,,,
H306,Chrysomelidae,ハムシ科,Alticinae,ヒゲナガハムシ亜科,,,,,Cerophysa,,miyatakei,,,,,オキナワヒメナガハムシ,,,,,,,Cerophysa miyatakei,不明,,,,,,,,
H307,Chrysomelidae,ハムシ科,Alticinae,ヒゲナガハムシ亜科,,,,,Cerophysa,,tibialis,,,,,クロバヒゲナガハムシ,,,,,,,Cerophysa tibialis,ハンノキ類,ハムシハンドブック,,6~8月,ハムシハンドブック,,,,
H308,Chrysomelidae,ハムシ科,Alticinae,ヒゲナガハムシ亜科,,,,,Cerophysella,,basalis,,,,,カクムネヒゲナガハムシ,,,,,,,Cerophysella basalis,不明,,,,,,,,
H309,Chrysomelidae,ハムシ科,Alticinae,ヒゲナガハムシ亜科,,,,,Charaea,,costatum,,,,,アトスジヒメハムシ,,,,,,,Charaea costatum,不明,,,,,,,,
H310,Chrysomelidae,ハムシ科,Alticinae,ヒゲナガハムシ亜科,,,,,Clerotilia,,flavomarginata,,,,,キアシヒゲナガアオハムシ,,,,,,,Clerotilia flavomarginata,ネコノチチ、クマヤナギ類,ハムシハンドブック,,7~9月,ハムシハンドブック,,,,
H311,Chrysomelidae,ハムシ科,Alticinae,ヒゲナガハムシ亜科,,,,,Cneorane,,elegans,,,,,キムネアオハムシ,,,,,,,Cneorane elegans,不明,,,,,,,,
H312,Chrysomelidae,ハムシ科,Alticinae,ヒゲナガハムシ亜科,,,,,Epaenidea,,elegans,,,,,アオバヒメハムシ,,,,,,,Epaenidea elegans,不明,,,,,,,,
H313,Chrysomelidae,ハムシ科,Alticinae,ヒゲナガハムシ亜科,,,,,Epaenidea,,reoi,,,,,ケラマヒメハムシ,,,,,,,Epaenidea reoi,不明,,,,,,,,
H314,Chrysomelidae,ハムシ科,Alticinae,ヒゲナガハムシ亜科,,,,,Epiluperodes,,ryukyuana,,,,,キイロヒメハムシ,,,,,,,Epiluperodes ryukyuana,不明,,,,,,,,
H315,Chrysomelidae,ハムシ科,Alticinae,ヒゲナガハムシ亜科,,,,,Euliroetis,,abdominalis,,,,,クロバハラグリハムシ,,,,,,,Euliroetis abdominalis,ダイズ,ハムシハンドブック,,5~6月,ハムシハンドブック,,,,
H316,Chrysomelidae,ハムシ科,Alticinae,ヒゲナガハムシ亜科,,,,,Euliroetis,,nigripes,,,,,クロアシハラグリハムシ,,,,,,,Euliroetis nigripes,不明,,,,,,,,
H317,Chrysomelidae,ハムシ科,Alticinae,ヒゲナガハムシ亜科,,,,,Euliroetis,,ornata,,,,,シロモンハラグリハムシ,,,,,,,Euliroetis ornata,不明,,,,,,,,
H318,Chrysomelidae,ハムシ科,Alticinae,ヒゲナガハムシ亜科,,,,,Fleutiauxia,,armata,,,,,クワハムシ,,,,,,,Fleutiauxia armata,クワ、コウゾ、ヤマノイモ、クリ、フジ、ヤマノイモ類,ハムシハンドブック,,3~8月,ハムシハンドブック,,,,
H319,Chrysomelidae,ハムシ科,Alticinae,ヒゲナガハムシ亜科,,,,,Haplosomoides,,costata,,,,,ホソセスジハムシ,,,,,,,Haplosomoides costata,不明,,,,,,,,
H320,Chrysomelidae,ハムシ科,Alticinae,ヒゲナガハムシ亜科,,,,,Haplosomoides,,miyamotoi,,,,,キセスジハムシ,,,,,,,Haplosomoides miyamotoi,不明,,,,,,,,
H321,Chrysomelidae,ハムシ科,Alticinae,ヒゲナガハムシ亜科,,,,,Hesperomorpha,,hirsuta,,,,,ケブカクロナガハムシ,,,,,,,Hesperomorpha hirsuta,ミズナラ、コナラ,ハムシハンドブック,,4~7月,ハムシハンドブック,,,,
H322,Chrysomelidae,ハムシ科,Alticinae,ヒゲナガハムシ亜科,,,,,Japonitata,,nigrita,,,,,クロセスジハムシ,,,,,,,Japonitata nigrita,不明,,,,,,,,
H323,Chrysomelidae,ハムシ科,Alticinae,ヒゲナガハムシ亜科,,,,,Liroetis,,coeruleipennis,,,,,ルリバネナガハムシ,,,,,,,Liroetis coeruleipennis,不明,,,,,,,,
H324,Chrysomelidae,ハムシ科,Alticinae,ヒゲナガハムシ亜科,,,,,Luperus,,laricis,,,,,ムナキホソヒゲナガハムシ,,,,,,,Luperus laricis,不明,,,,,,,,
H325,Chrysomelidae,ハムシ科,Alticinae,ヒゲナガハムシ亜科,,,,,Luperus,,laricis,,,,,ムナキホソヒゲナガハムシ　本州亜種,,,,,,,Luperus laricis,不明,,,,,,,,
H326,Chrysomelidae,ハムシ科,Alticinae,ヒゲナガハムシ亜科,,,,,Luperus,,moorii,,,,,クロウスバハムシ,,,,,,,Luperus moorii,不明,,,,,,,,
H327,Chrysomelidae,ハムシ科,Alticinae,ヒゲナガハムシ亜科,,,,,Medythia,,nigrobilineata,,,,,フタスジヒメハムシ,,,,,,,Medythia nigrobilineata,マメ科、ダイズ,ハムシハンドブック,,5~10月,ハムシハンドブック,,,,
H328,Chrysomelidae,ハムシ科,Alticinae,ヒゲナガハムシ亜科,,,,,Medythia,,suturalis,,,,,フトスジヒメハムシ,,,,,,,Medythia suturalis,不明,,,,,,,,
H329,Chrysomelidae,ハムシ科,Alticinae,ヒゲナガハムシ亜科,,,,,Monolepta,,chujoi,,,,,コモンアシナガハムシ,,,,,,,Monolepta chujoi,不明,,,,,,,,
H330,Chrysomelidae,ハムシ科,Alticinae,ヒゲナガハムシ亜科,,,,,Monolepta,,dichroa,,,,,ホタルハムシ,,,,,,,Monolepta dichroa,ヨモギ、ヨメナ、タデ類、イネ科、マメ科,ハムシハンドブック,イネ科、マメ科牧草の害虫 ,6~11月,ハムシハンドブック,,,,
H331,Chrysomelidae,ハムシ科,Alticinae,ヒゲナガハムシ亜科,,,,,Monolepta,,fulvicollis,,,,,アオバアシナガハムシ,,,,,,,Monolepta fulvicollis,不明,,,,,,,,
H332,Chrysomelidae,ハムシ科,Alticinae,ヒゲナガハムシ亜科,,,,,Monolepta,,hiurai,,,,,ヒウラアシナガハムシ,,,,,,,Monolepta hiurai,不明,,,,,,,,
H333,Chrysomelidae,ハムシ科,Alticinae,ヒゲナガハムシ亜科,,,,,Monolepta,,kurosawai,,,,,ムネアカウスイロハムシ,,,,,,,Monolepta kurosawai,不明,,,,,,,,
H334,Chrysomelidae,ハムシ科,Alticinae,ヒゲナガハムシ亜科,,,,,Monolepta,,minor,,,,,ヒメアシナガハムシ,,,,,,,Monolepta minor,不明,,,,,,,,
H335,Chrysomelidae,ハムシ科,Alticinae,ヒゲナガハムシ亜科,,,,,Monolepta,,miyamotoi,,,,,ミヤモトアシナガハムシ,,,,,,,Monolepta miyamotoi,不明,,,,,,,,
H336,Chrysomelidae,ハムシ科,Alticinae,ヒゲナガハムシ亜科,,,,,Monolepta,,nojiriensis,,,,,ヒメウスイロハムシ,,,,,,,Monolepta nojiriensis,不明,,,,,,,,
H337,Chrysomelidae,ハムシ科,Alticinae,ヒゲナガハムシ亜科,,,,,Monolepta,,pallidula,,,,,キイロクワハムシ,,,,,,,Monolepta pallidula,柑橘類、クヌギ、ミズナラ、ハイビスカス、ポンカン類,ハムシハンドブック,,7~10月,ハムシハンドブック,,,,
H338,Chrysomelidae,ハムシ科,Alticinae,ヒゲナガハムシ亜科,,,,,Monolepta,,quadriguttata,,,,,モンキアシナガハムシ,,,,,,,Monolepta quadriguttata,ダイズ、ウリ類,ハムシハンドブック,,5~10月,ハムシハンドブック,,,,
H339,Chrysomelidae,ハムシ科,Alticinae,ヒゲナガハムシ亜科,,,,,Monolepta,,sakishimana,,,,,サキシマアシナガハムシ,,,,,,,Monolepta sakishimana,不明,,,,,,,,
H340,Chrysomelidae,ハムシ科,Alticinae,ヒゲナガハムシ亜科,,,,,Monolepta,,shirozui,,,,,シロウズアシナガハムシ,,,,,,,Monolepta shirozui,不明,,,,,,,,
H341,Chrysomelidae,ハムシ科,Alticinae,ヒゲナガハムシ亜科,,,,,Paridea,,(Paridea),,,,,アトボシハムシ,,,,,,,Paridea (Paridea),アマチャヅル、カラスウリ,ハムシハンドブック,,3~11月,ハムシハンドブック,,,,
H342,Chrysomelidae,ハムシ科,Alticinae,ヒゲナガハムシ亜科,,,,,Paridea,,(Paridea),,,,,ヨツボシハムシ,,,,,,,Paridea (Paridea),シラヤマギク、ヨメナ,ハムシハンドブック,,4~9月,ハムシハンドブック,,,,
H343,Chrysomelidae,ハムシ科,Alticinae,ヒゲナガハムシ亜科,,,,,Taphinellina,,akkoae,,,,,ハラマダラヒメハムシ,,,,,,,Taphinellina akkoae,不明,,,,,,,,
H344,Chrysomelidae,ハムシ科,Alticinae,ヒゲナガハムシ亜科,,,,,Taphinellina,,amamiensis,,,,,アマミキバラヒメハムシ,,,,,,,Taphinellina amamiensis,不明,,,,,,,,
H345,Chrysomelidae,ハムシ科,Alticinae,ヒゲナガハムシ亜科,,,,,Taphinellina,,chujoi,,,,,ニセキバラヒメハムシ,,,,,,,Taphinellina chujoi,不明,,,,,,,,
H346,Chrysomelidae,ハムシ科,Alticinae,ヒゲナガハムシ亜科,,,,,Taphinellina,,cyanea,,,,,ハラグロヒメハムシ,,,,,,,Taphinellina cyanea,キブシ、ボタンヅル、センニンソウ、ウツギなどを訪花,ハムシハンドブック,,4~9月,ハムシハンドブック,,,,
H347,Chrysomelidae,ハムシ科,Alticinae,ヒゲナガハムシ亜科,,,,,Taphinellina,,flaviventris,,,,,キバラヒメハムシ,,,,,,,Taphinellina flaviventris,クリ、ノリウツギなどを訪花,ハムシハンドブック,,5~9月,ハムシハンドブック,,,,
H348,Chrysomelidae,ハムシ科,Alticinae,ヒゲナガハムシ亜科,,,,,Taphinellina,,iniqua,,,,,ルリヒラタヒメハムシ,,,,,,,Taphinellina iniqua,不明,,,,,,,,
H349,Chrysomelidae,ハムシ科,Alticinae,ヒゲナガハムシ亜科,,,,,Taphinellina,,nobyi,,,,,オオルリヒメハムシ,,,,,,,Taphinellina nobyi,不明,,,,,,,,
H350,Chrysomelidae,ハムシ科,Alticinae,ヒゲナガハムシ亜科,,,,,Theopea,,aureoviridis,,,,,キンリョクヒゲナガハムシ,,,,,,,Theopea aureoviridis,不明,,,,,,,,
H351,Chrysomelidae,ハムシ科,Alticinae,ヒゲナガハムシ亜科,,,,,Oides,,bowringii,,,,,キベリハムシ,,,,,,,Oides bowringii,ビナンカズラ,ハムシハンドブック,,6~8月,ハムシハンドブック著者: 尾園暁出版社: 文一総合出版発行年: 2014,,,,
H352,Chrysomelidae,ハムシ科,Criocerinae,クビボソハムシ亜科,,,,,Syneta,,adamsi,,,,,カバノキハムシ,,ホソハムシ,コカバノキハムシ,,,,Syneta adamsi,カンバ、シデ、ブナ,ハムシハンドブック,,4~9月,ハムシハンドブック著者: 尾園暁出版社: 文一総合出版発行年: 2014,,,,
H353,Chrysomelidae,ハムシ科,Criocerinae,クビボソハムシ亜科,,,,,Syneta,,brevitibialis,,,,,ヒメカバノキハムシ,,,,,,,Syneta brevitibialis,不明,,,,,,,,
H354,Chrysomelidae,ハムシ科,コガネハムシ亜科,コガネハムシ亜科,,,,,Sagra,,femorata,,,,,フェモラータオオモモブトハムシ,,フェモラータモモブトハムシ,,,,,Sagra femorata,クズ、マメ科、ヒルガオ科、ヤマノイモ科、柑橘類、コーヒー,ハムシハンドブック,,7~8月,ハムシハンドブック,,,,
H355,Chrysomelidae,ハムシ科,Bruchinae,マメゾウムシ亜科,,,,,Spermophagus,,rufiventris,,,,,イクビマメゾウムシ,,,,,,,Spermophagus rufiventris,コクララの実、フジマメ、ヒルガオ、カエデ、ウツギ、ミズキなどの花,ハムシハンドブック,,不明,ハムシハンドブック,,,,
H356,Chrysomelidae,ハムシ科,Bruchinae,マメゾウムシ亜科,,,,,Spermophagus,,testaceicolor,,,,,チャイロイクビマメゾウムシ,,,,,,,Spermophagus testaceicolor,不明,,,,,,,,
H357,Chrysomelidae,ハムシ科,Bruchinae,マメゾウムシ亜科,,,,,Zabrotes,,subfasciatus,,,,,ブラジルマメゾウムシ,,,,,,,Zabrotes subfasciatus,インゲン、ベニバナインゲン、アズキ,,,不明,,,,,
H358,Chrysomelidae,ハムシ科,Bruchinae,マメゾウムシ亜科,,,,,Acanthoscelides,,griseolus,,,,,キョウトマメゾウムシ,,,,,,,Acanthoscelides griseolus,不明,,,,,,,,
H359,Chrysomelidae,ハムシ科,Bruchinae,マメゾウムシ亜科,,,,,Acanthoscelides,,obtectus,,,,,インゲンマメゾウムシ,,,,,,,Acanthoscelides obtectus,貯蔵インゲン,ハムシハンドブック,,7~9月,ハムシハンドブック,,,,
H360,Chrysomelidae,ハムシ科,Bruchinae,マメゾウムシ亜科,,,,,Acanthoscelides,,pallidipennis,,,,,イタチハギマメゾウムシ,,,,,,,Acanthoscelides pallidipennis,イタチハギ,,,不明,,,,,
H361,Chrysomelidae,ハムシ科,Bruchinae,マメゾウムシ亜科,,,,,Acanthoscelides,,pusillimus,,,,,チビマメゾウムシ,,,,,,,Acanthoscelides pusillimus,不明,,,,,,,,
H362,Chrysomelidae,ハムシ科,Bruchinae,マメゾウムシ亜科,,,,,Borowiecius,,ademptus,,,,,チャバラマメゾウムシ,,,,,,,Borowiecius ademptus,不明,,,,,,,,
H363,Chrysomelidae,ハムシ科,Bruchinae,マメゾウムシ亜科,,,,,Bruchidius,,japonicus,,,,,サムライマメゾウムシ,,,,,,,Bruchidius japonicus,ヤマハギの実、ニセアカシアなどの花,ハムシハンドブック,,不明,ハムシハンドブック,,,,
H364,Chrysomelidae,ハムシ科,Bruchinae,マメゾウムシ亜科,,,,,Bruchidius,,lautus,,,,,ヒゲナガマメゾウムシ,,,,,,,Bruchidius lautus,不明,,,,,,,,
H365,Chrysomelidae,ハムシ科,Bruchinae,マメゾウムシ亜科,,,,,Bruchidius,,serricollis,,,,,シリグロマメゾウムシ,,,,,,,Bruchidius serricollis,不明,,,,,,,,
H366,Chrysomelidae,ハムシ科,Bruchinae,マメゾウムシ亜科,,,,,Bruchidius,,terreus,,,,,ネムノキマメゾウムシ,,,,,,,Bruchidius terreus,不明,,,,,,,,
H367,Chrysomelidae,ハムシ科,Bruchinae,マメゾウムシ亜科,,,,,Bruchidius,,urbanus,,,,,シリアカマメゾウムシ,,,,,,,Bruchidius urbanus,不明,,,,,,,,
H368,Chrysomelidae,ハムシ科,Bruchinae,マメゾウムシ亜科,,,,,Callosobruchus,,analis,,,,,ワモンマメゾウムシ,,,,,,,Callosobruchus analis,不明,,,,,,,,
H369,Chrysomelidae,ハムシ科,Bruchinae,マメゾウムシ亜科,,,,,Callosobruchus,,chinensis,,,,,アズキマメゾウムシ,,,,,,,Callosobruchus chinensis,アズキ、ヤブツルアズキ、ヒメクズ,ハムシハンドブック,,不明,ハムシハンドブック,,,,
H370,Chrysomelidae,ハムシ科,Bruchinae,マメゾウムシ亜科,,,,,Callosobruchus,,maculatus,,,,,ヨツモンマメゾウムシ,,,,,,,Callosobruchus maculatus,アズキ類などマメ類,ハムシハンドブック,,不明,ハムシハンドブック,,,,
H371,Chrysomelidae,ハムシ科,Bruchinae,マメゾウムシ亜科,,,,,Callosobruchus,,phaseoli,,,,,タテモンマメゾウムシ,,,,,,,Callosobruchus phaseoli,不明,,,,,,,,
H372,Chrysomelidae,ハムシ科,Bruchinae,マメゾウムシ亜科,,,,,Megabruchidius,,dorsalis,,,,,サイカチマメゾウムシ,,,,,,,Megabruchidius dorsalis,サイカチの実,ハムシハンドブック,,不明,ハムシハンドブック,,,,
H373,Chrysomelidae,ハムシ科,Bruchinae,マメゾウムシ亜科,,,,,Megabruchidius,,sophorae,,,,,エンジュマメゾウムシ,,,,,,,Megabruchidius sophorae,エンジュ、マユミなどの花,ハムシハンドブック,,不明,ハムシハンドブック,,,,
H374,Chrysomelidae,ハムシ科,Bruchinae,マメゾウムシ亜科,,,,,Sennius,,lebasi,,,,,クロモンマメゾウムシ,,,,,,,Sennius lebasi,不明,,,,,,,,
H375,Chrysomelidae,ハムシ科,Bruchinae,マメゾウムシ亜科,,,,,Sulcobruchus,,sauteri,,,,,ザウテルマメゾウムシ,,,,,,,Sulcobruchus sauteri,不明,,,,,,,,
H376,Chrysomelidae,ハムシ科,Bruchinae,マメゾウムシ亜科,,,,,Bruchus,,loti,,,,,ミヤコグサマメゾウムシ,,,,,,,Bruchus loti,ミヤコグサ、ハマエンドウの実,,,不明,,,,,
H377,Chrysomelidae,ハムシ科,Bruchinae,マメゾウムシ亜科,,,,,Bruchus,,pisorum,,,,,エンドウゾウムシ,,,,,,,Bruchus pisorum,エンドウ,,,年1回発生,ハムシハンドブック,,,,
H378,Chrysomelidae,ハムシ科,Bruchinae,マメゾウムシ亜科,,,,,Bruchus,,rufimanus,,,,,ソラマメゾウムシ,,,,,,,Bruchus rufimanus,ソラマメ,,,年1回発生,ハムシハンドブック,,,,
H379,Chrysomelidae,ハムシ科,Bruchinae,マメゾウムシ亜科,,,,,Kytorhinus,,senilis,,,,,シャープマメゾウムシ,,,,,,,Kytorhinus senilis,不明,,,,,,,,
H380,Chrysomelidae,ハムシ科,Donaciinae,ネクイハムシ亜科,Donaciini,ネクイハムシ族,,,Donacia,,lenzi,,"Schönfeldt, 1888",1888,,ガガブタネクイハムシ,,,,,,,Donacia lenzi,不明,,,,,,,,
H381,Chrysomelidae,ハムシ科,Donaciinae,ネクイハムシ亜科,Donaciini,ネクイハムシ族,,,Donacia,,provostii,,"Fairmaire, 1866",1866,,イネネクイハムシ,,,,,,,Donacia provostii,ジュンサイ、コウホネ、ヒルムシロ、ヒツジグサ、ヒシ、イネの根,ハムシハンドブック,,5~11月,ハムシハンドブック,,,,
H382,Chrysomelidae,ハムシ科,Donaciinae,ネクイハムシ亜科,Donaciini,ネクイハムシ族,,,Donacia,,sera,,"Jacobson, 1906",1906,,セラネクイハムシ,,,,,,,Donacia sera,不明,,,,,,,,
H383,Chrysomelidae,ハムシ科,Donaciinae,ネクイハムシ亜科,Donaciini,ネクイハムシ族,,,Donacia,,vulgaris,,"Zschach, 1788",1788,,コウホネネクイハムシ,,,,,,,Donacia vulgaris,不明,,,,,,,,
H384,Chrysomelidae,ハムシ科,Donaciinae,ネクイハムシ亜科,Donaciini,ネクイハムシ族,,,Donacia,,thalassina,,"Germar, 1811",1811,,キアシネクイハムシ,,,,,,,Donacia thalassina,不明,,,,,,,,
H385,Chrysomelidae,ハムシ科,Donaciinae,ネクイハムシ亜科,Donaciini,ネクイハムシ族,,,Donacia,,crassipes,,"Fabricius, 1775",1775,,フトネクイハムシ,,,,,,,Donacia crassipes,不明,,,,,,,,
H386,Chrysomelidae,ハムシ科,Donaciinae,ネクイハムシ亜科,Donaciini,ネクイハムシ族,,,Donacia,,semicuprea,,"Panzer, 1796",1796,,クロガネネクイハムシ,,,,,,,Donacia semicuprea,不明,,,,,,,,
H387,Chrysomelidae,ハムシ科,Donaciinae,ネクイハムシ亜科,Donaciini,ネクイハムシ族,,,Donacia,,aquatica,,"Linnaeus, 1758",1758,,アオノネクイハムシ,,,,,,,Donacia aquatica,不明,,,,,,,,
H388,Chrysomelidae,ハムシ科,Donaciinae,ネクイハムシ亜科,Donaciini,ネクイハムシ族,,,Donacia,,bicolora,,"Zschach, 1788",1788,,アカガネネクイハムシ,,,,,,,Donacia bicolora,不明,,,,,,,,
H389,Chrysomelidae,ハムシ科,Donaciinae,ネクイハムシ亜科,Donaciini,ネクイハムシ族,,,Donacia,,sparganii,,"Ahrens, 1810",1810,,キンイロネクイハムシ,,,,,,,Donacia sparganii,ミクリ類、スゲ類の花,ハムシハンドブック,,4~10月,ハムシハンドブック,,,,
H390,Chrysomelidae,ハムシ科,Donaciinae,ネクイハムシ亜科,Donaciini,ネクイハムシ族,,,Donacia,,clavareaui,,"Jacobson, 1906",1906,,カツラネクイハムシ,,,,,,,Donacia clavareaui,不明,,,,,,,,
H391,Chrysomelidae,ハムシ科,Donaciinae,ネクイハムシ亜科,Donaciini,ネクイハムシ族,,,Donacia,,nitidior,,"Nakane, 1963",1963,,ツヤネクイハムシ,,,,,,,Donacia nitidior,不明,,,,,,,,
H392,Chrysomelidae,ハムシ科,Donaciinae,ネクイハムシ亜科,Donaciini,ネクイハムシ族,,,Donacia,,tomentosa,,"Ahrens, 1810",1810,,アシボソネクイハムシ,,,,,,,Donacia tomentosa,不明,,,,,,,,
H393,Chrysomelidae,ハムシ科,Donaciinae,ネクイハムシ亜科,Donaciini,ネクイハムシ族,,,Donacia,,ozensis,,"Nakane, 1963",1963,,キタヒラタネクイハムシ,,,,,,,Donacia ozensis,不明,,,,,,,,
H394,Chrysomelidae,ハムシ科,Donaciinae,ネクイハムシ亜科,Donaciini,ネクイハムシ族,,,Donacia,,ozensis,honshuensis,"Nakane, 1963",1963,,キタヒラタネクイハムシ 本州亜種,,,,,,,Donacia ozensis honshuensis,不明,,,,,,,,
H395,Chrysomelidae,ハムシ科,Donaciinae,ネクイハムシ亜科,Donaciini,ネクイハムシ族,,,Donacia,,yersinensis,,"Pic, 1929",1929,,ニセヒラタネクイハムシ,,,,,,,Donacia yersinensis,不明,,; 保全状況: NT,,,,,,
H396,Chrysomelidae,ハムシ科,Donaciinae,ネクイハムシ亜科,Donaciini,ネクイハムシ族,,,Donacia,,hirashimai,,"Nakane, 1963",1963,,ホソネクイハムシ,,,,,,,Donacia hirashimai,不明,,; 保全状況: DD,,,,,,
H439,Chrysomelidae,ハムシ科,Cassidinae,カメノコハムシ亜科,Aspidimorphini,ジンガサハムシ族,,,Aspidimorpha,,(Aspidimorpha),,,,,ジンガサハムシ,,,,,,,Aspidimorpha (Aspidimorpha),ヒルガオ類,ハムシハンドブック,,4~9月,ハムシハンドブック,,,,
H440,Chrysomelidae,ハムシ科,Cassidinae,カメノコハムシ亜科,Aspidimorphini,ジンガサハムシ族,,,Aspidimorpha,,(Aspidimorpha),,,,,ゴマダラジンガサハムシ,,,,,,,Aspidimorpha (Aspidimorpha),不明,,,4~11月,ハムシハンドブック,,,,
H441,Chrysomelidae,ハムシ科,Cassidinae,カメノコハムシ亜科,Aspidimorphini,ジンガサハムシ族,,,Aspidimorpha,,(Aspidimorpha),,,,,スキバジンガサハムシ,,,,,,,Aspidimorpha (Aspidimorpha),ヒルガオ類,ハムシハンドブック,,4~11月,ハムシハンドブック,,,,
H442,Chrysomelidae,ハムシ科,Cassidinae,カメノコハムシ亜科,Aspidimorphini,ジンガサハムシ族,,,Laccoptera,,(Laccopteroidea),,,,,ヨツモンカメノコハムシ,,,,,,,Laccoptera (Laccopteroidea),サツマイモ、ノアサガオ,ハムシハンドブック,,4~12月,ハムシハンドブック,,,,
H443,Chrysomelidae,ハムシ科,Cassidinae,カメノコハムシ亜科,Cassidini,カメノコハムシ族,,,Cassida,,circumdata,,,,,タテスジヒメジンガサハムシ,,,,,,,Cassida circumdata,サツマイモ、ハマヒルガオ,ハムシハンドブック,,3~8月,ハムシハンドブック,,,,
H444,Chrysomelidae,ハムシ科,Cassidinae,カメノコハムシ亜科,Cassidini,カメノコハムシ族,,,Cassida,,concha,,,,,キイロカメノコハムシ,,,,,,,Cassida concha,不明,,,,,,,,
H445,Chrysomelidae,ハムシ科,Cassidinae,カメノコハムシ亜科,Cassidini,カメノコハムシ族,,,Cassida,,crucifera,,,,,セモンジンガサハムシ,,,,,,,Cassida crucifera,サクラ、リンゴ、ナシ,ハムシハンドブック,,4~10月,ハムシハンドブック,,,,
H446,Chrysomelidae,ハムシ科,Cassidinae,カメノコハムシ亜科,Cassidini,カメノコハムシ族,,,Cassida,,erudita,,,,,ミドリカメノコハムシ,,,,,,,Cassida erudita,アキチョウジ、ヒメシロネ、カメバヒキオコシ、ウツボグサ,ハムシハンドブック,,5~7月,ハムシハンドブック,,,,
H447,Chrysomelidae,ハムシ科,Cassidinae,カメノコハムシ亜科,Cassidini,カメノコハムシ族,,,Cassida,,ferruginea,,,,,イカリアオカメノコハムシ,,,,,,,Cassida ferruginea,不明,,,,,,,,
H448,Chrysomelidae,ハムシ科,Cassidinae,カメノコハムシ亜科,Cassidini,カメノコハムシ族,,,Cassida,,fuscorufa,,,,,ヒメジンガサハムシ,,,,,,,Cassida fuscorufa,ヨモギ,ハムシハンドブック,,4~11月,ハムシハンドブック,,,,
H449,Chrysomelidae,ハムシ科,Cassidinae,カメノコハムシ亜科,Cassidini,カメノコハムシ族,,,Cassida,,japana,,,,,イノコズチカメノコハムシ,,,,,,,Cassida japana,イノコヅチ,ハムシハンドブック,,4~10月,ハムシハンドブック,,,,
H450,Chrysomelidae,ハムシ科,Cassidinae,カメノコハムシ亜科,Cassidini,カメノコハムシ族,,,Cassida,,lineola,,,,,クロスジカメノコハムシ,,,,,,,Cassida lineola,不明,,,,,,,,
H451,Chrysomelidae,ハムシ科,Cassidinae,カメノコハムシ亜科,Cassidini,カメノコハムシ族,,,Cassida,,mongolica,,,,,クロカメノコハムシ,,,,,,,Cassida mongolica,不明,,,,,,,,
H452,Chrysomelidae,ハムシ科,Cassidinae,カメノコハムシ亜科,Cassidini,カメノコハムシ族,,,Cassida,,murraea,,,,,ベニカメノコハムシ,,,,,,,Cassida murraea,ヤブタバコ、サジガンクビソウ、ミズギク,ハムシハンドブック,,6~8月,ハムシハンドブック,,,,
H453,Chrysomelidae,ハムシ科,Cassidinae,カメノコハムシ亜科,Cassidini,カメノコハムシ族,,,Cassida,,nebulosa,,,,,ナミカメノコハムシ,,カメノコハムシ,,,,,Cassida nebulosa,アカザ、シロザ,ハムシハンドブック,,,,,,,
H454,Chrysomelidae,ハムシ科,Cassidinae,カメノコハムシ亜科,Cassidini,カメノコハムシ族,,,Cassida,,nobilis,,,,,スジキイロカメノコハムシ,,チャイロカメノコハムシ,,,,,Cassida nobilis,不明,,,,,,,,
H455,Chrysomelidae,ハムシ科,Cassidinae,カメノコハムシ亜科,Cassidini,カメノコハムシ族,,,Cassida,,obtusata,,,,,ミカンカメノコハムシ,,,,,,,Cassida obtusata,柑橘類、イヌビユ、ケイトウなどヒユ科,ハムシハンドブック,,3~10月,ハムシハンドブック,,,,
H456,Chrysomelidae,ハムシ科,Cassidinae,カメノコハムシ亜科,Cassidini,カメノコハムシ族,,,Cassida,,piperata,,,,,ヒメカメノコハムシ,,,,,,,Cassida piperata,アカザ、シロザ、イヌビユ,ハムシハンドブック,,4~10月,ハムシハンドブック,,,,
H457,Chrysomelidae,ハムシ科,Cassidinae,カメノコハムシ亜科,Cassidini,カメノコハムシ族,,,Cassida,,rubiginosa,,,,,アオカメノコハムシ,,,,,,,Cassida rubiginosa,アザミ類,ハムシハンドブック,,4~9月,ハムシハンドブック,,,,
H458,Chrysomelidae,ハムシ科,Cassidinae,カメノコハムシ亜科,,,,,Cassida,,rubiginosa,,,,,アオカメノコハムシ　対馬亜種,,,,,,,Cassida rubiginosa,アザミ類,ハムシハンドブック,,4~9月,ハムシハンドブック,,,,
H459,Chrysomelidae,ハムシ科,Cassidinae,カメノコハムシ亜科,Cassidini,カメノコハムシ族,,,Cassida,,sigillata,,,,,イカリヒメジンガサハムシ,,,,,,,Cassida sigillata,不明,,,,,,,,
H460,Chrysomelidae,ハムシ科,Cassidinae,カメノコハムシ亜科,Cassidini,カメノコハムシ族,,,Cassida,,velaris,,,,,チャイロカメノコハムシ,,,,,,,Cassida velaris,不明,,,,,,,,
H461,Chrysomelidae,ハムシ科,Cassidinae,カメノコハムシ亜科,Cassidini,カメノコハムシ族,,,Cassida,,vespertina,,,,,コガタカメノコハムシ,,セダカカメノコハムシ,,,,,Cassida vespertina,ボタンヅル,ハムシハンドブック,,4~10月,ハムシハンドブック,,,,
H462,Chrysomelidae,ハムシ科,Cassidinae,カメノコハムシ亜科,Cassidini,カメノコハムシ族,,,Cassida,,vibex,,,,,セスジカメノコハムシ,,,,,,,Cassida vibex,不明,,,,,,,,
H463,Chrysomelidae,ハムシ科,Cassidinae,カメノコハムシ亜科,Cassidini,カメノコハムシ族,,,Cassida,,vittata,,,,,スジミドリカメノコハムシ,,,,,,,Cassida vittata,不明,,,,,,,,
H464,Chrysomelidae,ハムシ科,Cassidinae,カメノコハムシ亜科,Cassidini,カメノコハムシ族,,,Glyphocassis,,spilota,,,,,クロマダラカメノコハムシ,,,,,,,Glyphocassis spilota,不明,,,,,,,,
H465,Chrysomelidae,ハムシ科,Cassidinae,カメノコハムシ亜科,Cassidini,カメノコハムシ族,,,Thlaspida,,cribrosa,,,,,イチモンジカメノコハムシ,,,,,,,Thlaspida cribrosa,ムラサキシキブ、ヤブムラサキ,ハムシハンドブック,,4~10月,ハムシハンドブック,,,,
H466,Chrysomelidae,ハムシ科,Cassidinae,カメノコハムシ亜科,Cassidini,カメノコハムシ族,,,Thlaspida,,lewisii,,,,,ルイスジンガサハムシ,,,,,,,Thlaspida lewisii,不明,,,,,,,,
H467,Chrysomelidae,ハムシ科,Cassidinae,カメノコハムシ亜科,Cryptonychini,ナガヒラタハムシ族,,,Brontispa,,longissima,,,,,ナガヒラタハムシ,,,,,,,Brontispa longissima,ココヤシなどヤシ類,ハムシハンドブック,,4~6月(おそらく周年),ハムシハンドブック,,,,
H468,Chrysomelidae,ハムシ科,Cassidinae,カメノコハムシ亜科,Gonophorini,ホソヒラタハムシ族,,,Agonita,,omoro,,,,,オキナワホソヒラタハムシ,,,,,,,Agonita omoro,不明,,,,,,,,
H469,Chrysomelidae,ハムシ科,Cassidinae,カメノコハムシ亜科,Hispini,トゲハムシ族,,,Asamangulia,,yonakuni,,,,,ヨナグニトゲハムシ,,,,,,,Asamangulia yonakuni,不明,,,,,,,,
H470,Chrysomelidae,ハムシ科,Cassidinae,カメノコハムシ亜科,Hispini,トゲハムシ族,,,Dactylispa,,(Platypriella),,,,,タケトゲハムシ,,イッシキトゲハムシ,,,,,Dactylispa (Platypriella),不明,,,4~10月,ハムシハンドブック,,,,
H471,Chrysomelidae,ハムシ科,Cassidinae,カメノコハムシ亜科,Hispini,トゲハムシ族,,,Dactylispa,,(Platypriella),,,,,カタビロトゲハムシ,,,,,,,Dactylispa (Platypriella),カシワ、クヌギ、アラカシ,ハムシハンドブック,,4~10月,ハムシハンドブック,,,,
H472,Chrysomelidae,ハムシ科,Cassidinae,カメノコハムシ亜科,Hispini,トゲハムシ族,,,Dactylispa,,(Triplispa),,,,,ヒメキベリトゲハムシ,,,,,,,Dactylispa (Triplispa),サクラ、コナラ、ヤマハッカ,ハムシハンドブック,,4~11月,ハムシハンドブック,,,,
H473,Chrysomelidae,ハムシ科,Cassidinae,カメノコハムシ亜科,Hispini,トゲハムシ族,,,Dactylispa,,(Triplispa),,,,,ヒゴトゲハムシ,,,,,,,Dactylispa (Triplispa),ムラサキシキブ,ハムシハンドブック,,6月,ハムシハンドブック,,,,
H474,Chrysomelidae,ハムシ科,Cassidinae,カメノコハムシ亜科,Hispini,トゲハムシ族,,,Dicladispa,,armigera,,,,,イネトゲハムシ,,,,,,,Dicladispa armigera,不明,,,,,,,,
H475,Chrysomelidae,ハムシ科,Cassidinae,カメノコハムシ亜科,Hispini,トゲハムシ族,,,Hispellinus,,moerens,,,,,クロトゲハムシ,,,,,,,Hispellinus moerens,不明,,,,,,,,
H476,Chrysomelidae,ハムシ科,Cassidinae,カメノコハムシ亜科,Hispini,トゲハムシ族,,,Platypria,,(Platypria),,,,,ヘリビロトゲハムシ,,,,,,,Platypria (Platypria),不明,,,5~10月,ハムシハンドブック,,,,
H477,Chrysomelidae,ハムシ科,Cassidinae,カメノコハムシ亜科,Hispini,トゲハムシ族,,,Platypria,,(Platypria),,,,,ツシマヘリビロトゲハムシ,,,,,,,Platypria (Platypria),ケンポナシ,ハムシハンドブック,,5~10月,ハムシハンドブック,,,,
H478,Chrysomelidae,ハムシ科,Cassidinae,カメノコハムシ亜科,Hispini,トゲハムシ族,,,Rhadinosa,,nigrocyanea,,,,,クロルリトゲハムシ,,,,,,,Rhadinosa nigrocyanea,ススキ,ハムシハンドブック,,5~11月,ハムシハンドブック,,,,
H479,Chrysomelidae,ハムシ科,Cassidinae,カメノコハムシ亜科,Leptispini,ホソヒラタハムシ族,,,Leptispa,,miyamotoi,,,,,ミヤモトホソヒラタハムシ,,,,,,,Leptispa miyamotoi,不明,,,不明,,,,,
H480,Chrysomelidae,ハムシ科,Cassidinae,カメノコハムシ亜科,Leptispini,ホソヒラタハムシ族,,,Leptispa,,taguchii,,,,,タグチホソヒラタハムシ,,,,,,,Leptispa taguchii,不明,,,不明,,,,,
H481,Chrysomelidae,ハムシ科,Cassidinae,カメノコハムシ亜科,Notosacanthini,ヒラタカメノコハムシ族,,,Notosacantha,,ihai,,,,,アカヒラタカメノコハムシ,,,,,,,Notosacantha ihai,不明,,,,,,,,
H482,Chrysomelidae,ハムシ科,Cassidinae,カメノコハムシ亜科,Notosacanthini,ヒラタカメノコハムシ族,,,Notosacantha,,loochooana,,,,,チャイロヒラタカメノコハムシ,,,,,,,Notosacantha loochooana,不明,,,,,,,,
H483,Chrysomelidae,ハムシ科,Cassidinae,カメノコハムシ亜科,Notosacanthini,ヒラタカメノコハムシ族,,,Notosacantha,,nishiyamai,,,,,キイロヒラタカメノコハムシ,,,,,,,Notosacantha nishiyamai,不明,,,,,,,,
H484,Chrysomelidae,ハムシ科,Eumolpinae,サルハムシ亜科,,,,,Acrothinium,,gaschkevitchii,,,,,アカガネサルハムシ,,,,,,,Acrothinium gaschkevitchii,ノブドウ、エビツル、ブドウ,ハムシハンドブック,,4~7月,ハムシハンドブック,,,,
H485,Chrysomelidae,ハムシ科,Eumolpinae,サルハムシ亜科,,,,,Acrothinium,,gaschkevitchii,,,,,アカガネサルハムシ　沖永良部島亜種,,,,,,,Acrothinium gaschkevitchii,ノブドウ、エビツル、ブドウ,ハムシハンドブック,,4~7月,ハムシハンドブック,,,,
H486,Chrysomelidae,ハムシ科,Eumolpinae,サルハムシ亜科,,,,,Acrothinium,,gaschkevitchii,,,,,アカガネサルハムシ　沖縄亜種,,,,,,,Acrothinium gaschkevitchii,ノブドウ、エビツル、ブドウ,ハムシハンドブック,,4~7月,ハムシハンドブック,,,,
H487,Chrysomelidae,ハムシ科,Eumolpinae,サルハムシ亜科,,,,,Acrothinium,,gaschkevitchii,,,,,アカガネサルハムシ　奄美亜種,,,,,,,Acrothinium gaschkevitchii,ノブドウ、エビツル、ブドウ,ハムシハンドブック,,4~7月,ハムシハンドブック,,,,
H488,Chrysomelidae,ハムシ科,Eumolpinae,サルハムシ亜科,,,,,Acrothinium,,gaschkevitchii,,,,,アカガネサルハムシ　吐噶喇亜種,,,,,,,Acrothinium gaschkevitchii,ノブドウ、エビツル、ブドウ,ハムシハンドブック,,4~7月,ハムシハンドブック,,,,
H489,Chrysomelidae,ハムシ科,Eumolpinae,サルハムシ亜科,,,,,Bromius,,obscurus,,,,,ブドウサルハムシ,,,,,,,Bromius obscurus,フキ、ノブドウ類、ヤナギラン、ハコヤナギ,ハムシハンドブック,,5~9月,ハムシハンドブック,,,,
H490,Chrysomelidae,ハムシ科,Eumolpinae,サルハムシ亜科,,,,,Demotina,,aurosquama,,,,,コアラゲサルハムシ,,,,,,,Demotina aurosquama,不明,,,,,,,,
H491,Chrysomelidae,ハムシ科,Eumolpinae,サルハムシ亜科,,,,,Demotina,,bipunctata,,,,,フタモンアラゲサルハムシ,,,,,,,Demotina bipunctata,不明,,,,,,,,
H492,Chrysomelidae,ハムシ科,Eumolpinae,サルハムシ亜科,,,,,Demotina,,decorata,,,,,チビカサハラハムシ,,,,,,,Demotina decorata,コナラ、ツバキ、ヒサカキ、ヤマグワ,ハムシハンドブック,,4~10月,ハムシハンドブック,,,,
H493,Chrysomelidae,ハムシ科,Eumolpinae,サルハムシ亜科,,,,,Demotina,,elegans,,,,,ヤクカサハラハムシ,,,,,,,Demotina elegans,不明,,,,,,,,
H494,Chrysomelidae,ハムシ科,Eumolpinae,サルハムシ亜科,,,,,Demotina,,fasciata,,,,,クロオビカサハラハムシ,,,,,,,Demotina fasciata,カシワ類,ハムシハンドブック,,3~10月,ハムシハンドブック,,,,
H495,Chrysomelidae,ハムシ科,Eumolpinae,サルハムシ亜科,,,,,Demotina,,fasciculata,,,,,マダラアラゲサルハムシ,,,,,,,Demotina fasciculata,カシ類、ナラ類、チャノキ、ツバキ,ハムシハンドブック,,4~10月,ハムシハンドブック,,,,
H496,Chrysomelidae,ハムシ科,Eumolpinae,サルハムシ亜科,,,,,Demotina,,imasakai,,,,,イマサカアラゲサルハムシ,,,,,,,Demotina imasakai,不明,,,,,,,,
H497,Chrysomelidae,ハムシ科,Eumolpinae,サルハムシ亜科,,,,,Demotina,,major,,,,,オオアラゲサルハムシ,,,,,,,Demotina major,不明,,,,,,,,
H498,Chrysomelidae,ハムシ科,Eumolpinae,サルハムシ亜科,,,,,Demotina,,modesta,,,,,カサハラハムシ,,,,,,,Demotina modesta,ナラ類、クヌギ、コジイ,ハムシハンドブック,,4~9月,ハムシハンドブック,,,,
H499,Chrysomelidae,ハムシ科,Eumolpinae,サルハムシ亜科,,,,,Demotina,,sasakawai,,,,,ササカワアラゲサルハムシ,,,,,,,Demotina sasakawai,不明,,,,,,,,
H500,Chrysomelidae,ハムシ科,Eumolpinae,サルハムシ亜科,,,,,Demotina,,serriventris,,,,,クシバアラゲサルハムシ,,,,,,,Demotina serriventris,不明,,,,,,,,
H501,Chrysomelidae,ハムシ科,Eumolpinae,サルハムシ亜科,,,,,Demotina,,squamosa,,,,,アラゲサルハムシ,,,,,,,Demotina squamosa,不明,,,,,,,,
H502,Chrysomelidae,ハムシ科,Eumolpinae,サルハムシ亜科,,,,,Demotina,,tuberosa,,,,,コブアラゲサルハムシ,,,,,,,Demotina tuberosa,不明,,,,,,,,
H503,Chrysomelidae,ハムシ科,Eumolpinae,サルハムシ亜科,,,,,Demotina,,vernalis,,,,,ヒメアラゲサルハムシ,,,,,,,Demotina vernalis,不明,,,,,,,,
H504,Chrysomelidae,ハムシ科,Eumolpinae,サルハムシ亜科,,,,,Fidia,,atra,,,,,リンゴコフキハムシ,,,,,,,Fidia atra,リンゴ、ナシ、ウメ、クルミ,ハムシハンドブック,,4~7月(山地では7~9月),ハムシハンドブック,,,,
H505,Chrysomelidae,ハムシ科,Eumolpinae,サルハムシ亜科,,,,,Fidia,,fulva,,,,,セアカケブカサルハムシ,,,,,,,Fidia fulva,不明,,,,,,,,
H506,Chrysomelidae,ハムシ科,Eumolpinae,サルハムシ亜科,,,,,Fidia,,itoi,,,,,スギケブカサルハムシ,,,,,,,Fidia itoi,不明,,,,,,,,
H507,Chrysomelidae,ハムシ科,Eumolpinae,サルハムシ亜科,,,,,Fidia,,japonica,,,,,ニホンケブカサルハムシ,,,,,,,Fidia japonica,コナラ、ツバキ類、ケヤキ,ハムシハンドブック,,4~7月,ハムシハンドブック,,,,
H508,Chrysomelidae,ハムシ科,Eumolpinae,サルハムシ亜科,,,,,Fidia,,kiiensis,,,,,セスジケブカサルハムシ,,,,,,,Fidia kiiensis,不明,,,,,,,,
H509,Chrysomelidae,ハムシ科,Eumolpinae,サルハムシ亜科,,,,,Fidia,,lewisi,,,,,ケブカサルハムシ,,,,,,,Fidia lewisi,不明,,,,,,,,
H510,Chrysomelidae,ハムシ科,Eumolpinae,サルハムシ亜科,,,,,Heteraspis,,lewisii,,,,,ドウガネサルハムシ,,,,,,,Heteraspis lewisii,ヤブガラシ、ノブドウ、エビヅル、クサギ,ハムシハンドブック,,3~11月,ハムシハンドブック,,,,
H511,Chrysomelidae,ハムシ科,Eumolpinae,サルハムシ亜科,,,,,Heteraspis,,sauteri,,,,,シワドウガネサルハムシ,,,,,,,Heteraspis sauteri,不明,,,,,,,,
H512,Chrysomelidae,ハムシ科,Eumolpinae,サルハムシ亜科,,,,,Osnaparis,,nucea,,,,,アカチャサルハムシ,,,,,,,Osnaparis nucea,不明,,,,,,,,
H513,Chrysomelidae,ハムシ科,Eumolpinae,サルハムシ亜科,,,,,Trichochrysea,,japana,,,,,トビサルハムシ,,,,,,,Trichochrysea japana,クリ、クヌギ,ハムシハンドブック,,4~6月(低山地では5~8月),ハムシハンドブック,,,,
H514,Chrysomelidae,ハムシ科,Eumolpinae,サルハムシ亜科,,,,,Trichochrysea,,okinawana,,,,,オキナワトビサルハムシ,,,,,,,Trichochrysea okinawana,不明,,,,,,,,
H515,Chrysomelidae,ハムシ科,Eumolpinae,サルハムシ亜科,,,,,Trichochrysea,,okinawana,,,,,オキナワトビサルハムシ　九州亜種,,,,,,,Trichochrysea okinawana,不明,,,,,,,,
H516,Chrysomelidae,ハムシ科,Eumolpinae,サルハムシ亜科,,,,,Trichochrysea,,sakishimana,,,,,サキシマトビサルハムシ,,,,,,,Trichochrysea sakishimana,不明,,,,,,,,
H517,Chrysomelidae,ハムシ科,Eumolpinae,サルハムシ亜科,,,,,Xanthonia,,placida,,,,,キカサハラハムシ,,,,,,,Xanthonia placida,クワ、ヤマグワ,ハムシハンドブック,,6~8月,ハムシハンドブック,,,,
H518,Chrysomelidae,ハムシ科,Eumolpinae,サルハムシ亜科,,,,,Abirus,,fortunei,,,,,ツツサルハムシ,,,,,,,Abirus fortunei,不明,,,,,,,,
H519,Chrysomelidae,ハムシ科,Eumolpinae,サルハムシ亜科,,,,,Chrysochus,,chinensis,,,,,オオサルハムシ,,,,,,,Chrysochus chinensis,イヨカズラ、ガガイモ、シロバナカモメヅル、サツマイモ,ハムシハンドブック,,4~9月,ハムシハンドブック,,,,
H520,Chrysomelidae,ハムシ科,Eumolpinae,サルハムシ亜科,,,,,Colaspoides,,amamianus,,,,,アマミミドリサルハムシ,,,,,,,Colaspoides amamianus,不明,,,,,,,,
H521,Chrysomelidae,ハムシ科,Eumolpinae,サルハムシ亜科,,,,,Colaspoides,,fulvus,,,,,シャシャンポサルハムシ,,,,,,,Colaspoides fulvus,不明,,,,,,,,
H522,Chrysomelidae,ハムシ科,Eumolpinae,サルハムシ亜科,,,,,Colaspoides,,imasakai,,,,,イマサカミドリサルハムシ,,,,,,,Colaspoides imasakai,不明,,,,,,,,
H523,Chrysomelidae,ハムシ科,Eumolpinae,サルハムシ亜科,,,,,Colaspoides,,japanus,,,,,ミドリサルハムシ,,,,,,,Colaspoides japanus,不明,,,,,,,,
H524,Chrysomelidae,ハムシ科,Eumolpinae,サルハムシ亜科,,,,,Colaspoides,,kasaharai,,,,,カサハラミドリサルハムシ,,,,,,,Colaspoides kasaharai,不明,,,,,,,,
H525,Chrysomelidae,ハムシ科,Eumolpinae,サルハムシ亜科,,,,,Colaspoides,,okinawanus,,,,,オキナワミドリサルハムシ,,,,,,,Colaspoides okinawanus,不明,,,,,,,,
H526,Chrysomelidae,ハムシ科,Eumolpinae,サルハムシ亜科,,,,,Colaspoides,,suginoi,,,,,スギノミドリサルハムシ,,,,,,,Colaspoides suginoi,不明,,,,,,,,
H527,Chrysomelidae,ハムシ科,Eumolpinae,サルハムシ亜科,,,,,Massiea,,costata,,,,,ムネアカナガミドリサルハムシ,,,,,,,Massiea costata,不明,,,,,,,,
H528,Chrysomelidae,ハムシ科,Eumolpinae,サルハムシ亜科,,,,,Platycorynus,,japonicus,,,,,オオミドリサルハムシ,,,,,,,Platycorynus japonicus,リュウキュウテイカカズラ,ハムシハンドブック,,3~7月,ハムシハンドブック,,,,
H529,Chrysomelidae,ハムシ科,Eumolpinae,サルハムシ亜科,,,,,Platycorynus,,japonicus,,,,,オオミドリサルハムシ　沖永良部島亜種,,,,,,,Platycorynus japonicus,リュウキュウテイカカズラ,ハムシハンドブック,,3~7月,ハムシハンドブック,,,,
H530,Chrysomelidae,ハムシ科,Eumolpinae,サルハムシ亜科,,,,,Colasposoma,,dauricum,,,,,イモサルハムシ,,,,,,,Colasposoma dauricum,サツマイモ、ヒルガオ,ハムシハンドブック,,5~8月,ハムシハンドブック,,,,
H531,Chrysomelidae,ハムシ科,Eumolpinae,サルハムシ亜科,,,,,Colasposoma,,viridicoeruleum,,,,,オキナワイモサルハムシ,,,,,,,Colasposoma viridicoeruleum,不明,,,,,,,,
H532,Chrysomelidae,ハムシ科,Eumolpinae,サルハムシ亜科,,,,,Basilepta,,amamiensis,,,,,ヨツモンサルハムシ,,,,,,,Basilepta amamiensis,不明,,,,,,,,
H533,Chrysomelidae,ハムシ科,Eumolpinae,サルハムシ亜科,,,,,Basilepta,,balyi,,,,,チャイロサルハムシ,,,,,,,Basilepta balyi,ハンノキ,ハムシハンドブック,,4~10月,ハムシハンドブック,,,,
H534,Chrysomelidae,ハムシ科,Eumolpinae,サルハムシ亜科,,,,,Basilepta,,borodinensis,,,,,ダイトウサルハムシ,,,,,,,Basilepta borodinensis,不明,,,,,,,,
H535,Chrysomelidae,ハムシ科,Eumolpinae,サルハムシ亜科,,,,,Basilepta,,davidi,,,,,ダビッドサルハムシ,,,,,,,Basilepta davidi,不明,,,,,,,,
H536,Chrysomelidae,ハムシ科,Eumolpinae,サルハムシ亜科,,,,,Basilepta,,fulvipes,,,,,アオバネサルハムシ,,,,,,,Basilepta fulvipes,ヨモギ,ハムシハンドブック,,6~7月,ハムシハンドブック,,,,
H537,Chrysomelidae,ハムシ科,Eumolpinae,サルハムシ亜科,,,,,Basilepta,,hirayamai,,,,,ニセウスイロサルハムシ,,,,,,,Basilepta hirayamai,不明,,,,,,,,
H538,Chrysomelidae,ハムシ科,Eumolpinae,サルハムシ亜科,,,,,Basilepta,,hirticollis,,,,,ムナゲクロサルハムシ,,,,,,,Basilepta hirticollis,不明,,,,,,,,
H539,Chrysomelidae,ハムシ科,Eumolpinae,サルハムシ亜科,,,,,Basilepta,,modesta,,,,,ルリサルハムシ,,,,,,,Basilepta modesta,ウツギ類,ハムシハンドブック,,4~9月,ハムシハンドブック,,,,
H540,Chrysomelidae,ハムシ科,Eumolpinae,サルハムシ亜科,,,,,Basilepta,,pallidula,,,,,ウスイロサルハムシ,,,,,,,Basilepta pallidula,マツ類、スギ類、ヒノキ、コナラ、クリ,ハムシハンドブック,,6~8月,ハムシハンドブック,,,,
H541,Chrysomelidae,ハムシ科,Eumolpinae,サルハムシ亜科,,,,,Basilepta,,ruficollis,,,,,ムネアカサルハムシ,,,,,,,Basilepta ruficollis,クマイチゴ、クリの花,ハムシハンドブック,,6~9月,ハムシハンドブック,,,,
H542,Chrysomelidae,ハムシ科,Eumolpinae,サルハムシ亜科,,,,,Basilepta,,uenoi,,,,,ドウイロムナゲサルハムシ,,,,,,,Basilepta uenoi,不明,,,,,,,,
H543,Chrysomelidae,ハムシ科,Eumolpinae,サルハムシ亜科,,,,,Basilepta,,varicolor,,,,,シイサルハムシ,,,,,,,Basilepta varicolor,不明,,,,,,,,
H544,Chrysomelidae,ハムシ科,Eumolpinae,サルハムシ亜科,,,,,Cleoporus,,lateralis,,,,,サクラサルハムシ,,,,,,,Cleoporus lateralis,サクラ、ウメ、ナシ、リンゴ,ハムシハンドブック,,5~9月,ハムシハンドブック,,,,
H545,Chrysomelidae,ハムシ科,Eumolpinae,サルハムシ亜科,,,,,Cleorina,,aeneomicans,,,,,イクビルリハムシ,,,,,,,Cleorina aeneomicans,不明,,,,,,,,
H546,Chrysomelidae,ハムシ科,Eumolpinae,サルハムシ亜科,,,,,Nodina,,chalcosoma,,,,,アオガネヒメサルハムシ,,,,,,,Nodina chalcosoma,ブドウ、テリハノイバラ、ノボタン,ハムシハンドブック,,6~7月,ハムシハンドブック,,,,
H547,Chrysomelidae,ハムシ科,Eumolpinae,サルハムシ亜科,,,,,Nodina,,kraussi,,,,,クラウスチビサルハムシ,,,,,,,Nodina kraussi,不明,,,,,,,,
H548,Chrysomelidae,ハムシ科,Eumolpinae,サルハムシ亜科,,,,,Nodina,,morimotoi,,,,,モリモトチビサルハムシ,,,,,,,Nodina morimotoi,不明,,,,,,,,
H549,Chrysomelidae,ハムシ科,Eumolpinae,サルハムシ亜科,,,,,Nodina,,sauteri,,,,,ザウターチビサルハムシ,,,,,,,Nodina sauteri,不明,,,,,,,,
H550,Chrysomelidae,ハムシ科,Eumolpinae,サルハムシ亜科,,,,,Pagria,,consimilis,,,,,ムネアカキバネサルハムシ,,,,,,,Pagria consimilis,クズ、ハギ類,ハムシハンドブック,,3~11月,ハムシハンドブック,,,,
H551,Chrysomelidae,ハムシ科,Eumolpinae,サルハムシ亜科,,,,,Pagria,,flavopustulata,,,,,ツヤキバネサルハムシ,,,,,,,Pagria flavopustulata,不明,,,,,,,,
H552,Chrysomelidae,ハムシ科,Eumolpinae,サルハムシ亜科,,,,,Pagria,,ingibbosa,,,,,チビキバネサルハムシ,,,,,,,Pagria ingibbosa,不明,,,,,,,,
H553,Chrysomelidae,ハムシ科,Eumolpinae,サルハムシ亜科,,,,,Pagria,,ussuriensis,,,,,マルキバネサルハムシ,,,,,,,Pagria ussuriensis,不明,,,,,,,,
H554,Chrysomelidae,ハムシ科,Eumolpinae,サルハムシ亜科,,,,,Parascela,,cribrata,,,,,ヒメムクゲサルハムシ,,,,,,,Parascela cribrata,不明,,,,,,,,
H555,Chrysomelidae,ハムシ科,Eumolpinae,サルハムシ亜科,,,,,Rhyparida,,lineolata,,,,,セスジサルハムシ,,,,,,,Rhyparida lineolata,不明,,,,,,,,
H556,Chrysomelidae,ハムシ科,Eumolpinae,サルハムシ亜科,,,,,Rhyparida,,sakisimensis,,,,,モモブトサルハムシ,,,,,,,Rhyparida sakisimensis,不明,,,,,,,,
H557,Chrysomelidae,ハムシ科,ツヤハムシ亜科,ツヤハムシ亜科,,,,,Oomorphoides,,cupreatus,,,,,ドウガネツヤハムシ,,,,,,,Oomorphoides cupreatus,タラノキ,ハムシハンドブック,,3~10月,ハムシハンドブック,,,,
H558,Chrysomelidae,ハムシ科,ツヤハムシ亜科,ツヤハムシ亜科,,,,,Oomorphoides,,loochooensis,,,,,リュウキュウツヤハムシ,,,,,,,Oomorphoides loochooensis,不明,,,,,,,,
H559,Chrysomelidae,ハムシ科,ツヤハムシ亜科,ツヤハムシ亜科,,,,,Oomorphoides,,nigrocaeruleus,,,,,アオグロツヤハムシ,,,,,,,Oomorphoides nigrocaeruleus,キヅタ、センノキ、タラノキ,ハムシハンドブック,,4~6月,ハムシハンドブック,,,,
H560,Chrysomelidae,ハムシ科,ツヤハムシ亜科,ツヤハムシ亜科,,,,,Oomorphoides,,okinawensis,,,,,オキナワツヤハムシ,,,,,,,Oomorphoides okinawensis,不明,,,,,,,,
H561,Chrysomelidae,ハムシ科,ツヤハムシ亜科,ツヤハムシ亜科,,,,,Oomorphoides,,sakishimanus,,,,,サキシマツヤハムシ,,,,,,,Oomorphoides sakishimanus,不明,,,,,,,,
H562,Chrysomelidae,ハムシ科,ツヤハムシ亜科,ツヤハムシ亜科,,,,,Oomorphus,,(Oomorphus),,,,,ヒメツヤハムシ,,,,,,,Oomorphus (Oomorphus),不明,,,,,,,,
H563,Chrysomelidae,ハムシ科,Cryptocephalinae,ツツハムシ亜科,Clytrini,ナガツツハムシ族,Clytrina,,Aetheomorpha,,taiwana,,,,,タイワンカタハリナガツツハムシ,,,,,,,Aetheomorpha taiwana,不明,,,,,,,,Clytrina
H564,Chrysomelidae,ハムシ科,Cryptocephalinae,ツツハムシ亜科,Clytrini,ナガツツハムシ族,Clytrina,,Clytra,,(Clytra),,,,,ヨツボシナガツツハムシ,,,,,,,Clytra (Clytra),ハギ類、ヤナギ類、カンバ、ブナ（成虫）、ヤマアリ類の巣材の一部（幼虫）,ハムシハンドブック,,6~10月,ハムシハンドブック,,,,Clytrina
H565,Chrysomelidae,ハムシ科,Cryptocephalinae,ツツハムシ亜科,Clytrini,ナガツツハムシ族,Clytrina,,Coptocephala,,orientalis,,,,,ヨツボシアカツツハムシ,,ズグロヨツボシナガツツハムシ; ヨモギナガツツハムシ,,,,,Coptocephala orientalis,不明,,,,,,,,Clytrina
H566,Chrysomelidae,ハムシ科,Cryptocephalinae,ツツハムシ亜科,Clytrini,ナガツツハムシ族,Clytrina,,Physosmaragdina,,nigrifrons,,,,,クロオビツツハムシ,,,,,,,Physosmaragdina nigrifrons,イタドリ、マルバハギ、ナツフジ,ハムシハンドブック,,5~10月,ハムシハンドブック,,,,Clytrina
H567,Chrysomelidae,ハムシ科,Cryptocephalinae,ツツハムシ亜科,Clytrini,ナガツツハムシ族,Clytrina,,Smaragdina,,aurita,,,,,キボシルリハムシ,,キボシナガツツハムシ,,,,,Smaragdina aurita,カンバ、ヤナギ、ハギ,ハムシハンドブック,,4~6月(山地では6~8月),ハムシハンドブック,,,,Clytrina
H568,Chrysomelidae,ハムシ科,Cryptocephalinae,ツツハムシ亜科,Clytrini,ナガツツハムシ族,Clytrina,,Smaragdina,,ihai,,,,,ツルグミナガツツハムシ,,,,,,,Smaragdina ihai,不明,,,,,,,,Clytrina
H569,Chrysomelidae,ハムシ科,Cryptocephalinae,ツツハムシ亜科,Clytrini,ナガツツハムシ族,Clytrina,,Smaragdina,,mandzhura,,,,,ルリナガツツハムシ,,,,,,,Smaragdina mandzhura,不明,,,,,,,,Clytrina
H570,Chrysomelidae,ハムシ科,Cryptocephalinae,ツツハムシ亜科,Clytrini,ナガツツハムシ族,Clytrina,,Smaragdina,,nipponensis,,,,,キイロナガツツハムシ,,ヤナギナガツツハムシ,,,,,Smaragdina nipponensis,エノキ、ミズキ、イヌシデ、クリ、クヌギ、コナラ,ハムシハンドブック,,4~6月,ハムシハンドブック,,,,Clytrina
H571,Chrysomelidae,ハムシ科,Cryptocephalinae,ツツハムシ亜科,Clytrini,ナガツツハムシ族,Clytrina,,Smaragdina,,quadratomaculata,,,,,アザミナガツツハムシ,,,,,,,Smaragdina quadratomaculata,不明,,,,,,,,Clytrina
H572,Chrysomelidae,ハムシ科,Cryptocephalinae,ツツハムシ亜科,Clytrini,ナガツツハムシ族,Clytrina,,Smaragdina,,semiaurantiaca,,,,,ムナキルリハムシ,,キムネナガツツハムシ,,,,,Smaragdina semiaurantiaca,ヤナギ、カンバ類,ハムシハンドブック,,4~6月,ハムシハンドブック,,,,Clytrina
H573,Chrysomelidae,ハムシ科,Cryptocephalinae,ツツハムシ亜科,Cryptocephalini,ツツハムシ族,Cryptocephalina,,Cryptocephalus,,(Asionus),,,,,アイヌツツハムシ,,,,,,,Cryptocephalus (Asionus),不明,,,,,,,,Cryptocephalina
H574,Chrysomelidae,ハムシ科,Cryptocephalinae,ツツハムシ亜科,Cryptocephalini,ツツハムシ族,Cryptocephalina,,Cryptocephalus,,(Asionus),,,,,セメノフツツハムシ,,ミスジツツハムシ,,,,,Cryptocephalus (Asionus),不明,,,,,,,,Cryptocephalina
H575,Chrysomelidae,ハムシ科,Cryptocephalinae,ツツハムシ亜科,Cryptocephalini,ツツハムシ族,Cryptocephalina,,Cryptocephalus,,(Burlinius),,,,,フタスジツツハムシ,,,,,,,Cryptocephalus (Burlinius),不明,,,5~6月(山地では7~8月),ハムシハンドブック,,,,Cryptocephalina
H576,Chrysomelidae,ハムシ科,Cryptocephalinae,ツツハムシ亜科,Cryptocephalini,ツツハムシ族,Cryptocephalina,,Cryptocephalus,,(Burlinius),,,,,チビルリツツハムシ,,,,,,,Cryptocephalus (Burlinius),コナラ,ハムシハンドブック,,5~6月(山地では7~8月),ハムシハンドブック,,,,Cryptocephalina
H577,Chrysomelidae,ハムシ科,Cryptocephalinae,ツツハムシ亜科,Cryptocephalini,ツツハムシ族,Cryptocephalina,,Cryptocephalus,,(Burlinius),,,,,エジマツツハムシ,,,,,,,Cryptocephalus (Burlinius),不明,,,5~6月(山地では7~8月),ハムシハンドブック,,,,Cryptocephalina
H578,Chrysomelidae,ハムシ科,Cryptocephalinae,ツツハムシ亜科,Cryptocephalini,ツツハムシ族,Cryptocephalina,,Cryptocephalus,,(Burlinius),,,,,キアシチビツツハムシ,,モモグロチビツツハムシ,,,,,Cryptocephalus (Burlinius),不明,,,5~6月(山地では7~8月),ハムシハンドブック,,,,Cryptocephalina
H579,Chrysomelidae,ハムシ科,Cryptocephalinae,ツツハムシ亜科,Cryptocephalini,ツツハムシ族,Cryptocephalina,,Cryptocephalus,,(Burlinius),,,,,ウスグロスジツツハムシ,,ウスグロチビツツハムシ,,,,,Cryptocephalus (Burlinius),不明,,,5~6月(山地では7~8月),ハムシハンドブック,,,,Cryptocephalina
H580,Chrysomelidae,ハムシ科,Cryptocephalinae,ツツハムシ亜科,Cryptocephalini,ツツハムシ族,Cryptocephalina,,Cryptocephalus,,(Burlinius),,,,,アカムネチビツツハムシ,,,,,,,Cryptocephalus (Burlinius),不明,,,5~6月(山地では7~8月),ハムシハンドブック,,,,Cryptocephalina
H581,Chrysomelidae,ハムシ科,Cryptocephalinae,ツツハムシ亜科,Cryptocephalini,ツツハムシ族,Cryptocephalina,,Cryptocephalus,,(Burlinius),,,,,キモトツツハムシ,,,,,,,Cryptocephalus (Burlinius),不明,,,5~6月(山地では7~8月),ハムシハンドブック,,,,Cryptocephalina
H582,Chrysomelidae,ハムシ科,Cryptocephalinae,ツツハムシ亜科,Cryptocephalini,ツツハムシ族,Cryptocephalina,,Cryptocephalus,,(Burlinius),,,,,タテスジキツツハムシ,,クロスジツツハムシ,,,,,Cryptocephalus (Burlinius),ヤマハギ、ハシバミ、ヤナギ,ハムシハンドブック,,6~8月,ハムシハンドブック,,,,Cryptocephalina
H583,Chrysomelidae,ハムシ科,Cryptocephalinae,ツツハムシ亜科,Cryptocephalini,ツツハムシ族,Cryptocephalina,,Cryptocephalus,,(Burlinius),,,,,ハコネチビツツハムシ,,,,,,,Cryptocephalus (Burlinius),不明,,,5~6月(山地では7~8月),ハムシハンドブック,,,,Cryptocephalina
H584,Chrysomelidae,ハムシ科,Cryptocephalinae,ツツハムシ亜科,Cryptocephalini,ツツハムシ族,Cryptocephalina,,Cryptocephalus,,(Cryptocephalus),,,,,ルリツツハムシ,,,,,,,Cryptocephalus (Cryptocephalus),不明,,,4~5月(山地では6~7月),ハムシハンドブック,,,,Cryptocephalina
H585,Chrysomelidae,ハムシ科,Cryptocephalinae,ツツハムシ亜科,Cryptocephalini,ツツハムシ族,Cryptocephalina,,Cryptocephalus,,(Cryptocephalus),,,,,キアシルリツツハムシ,,バラルリツツハムシ,,,,,Cryptocephalus (Cryptocephalus),不明,,,4~5月(山地では6~7月),ハムシハンドブック,,,,Cryptocephalina
H586,Chrysomelidae,ハムシ科,Cryptocephalinae,ツツハムシ亜科,Cryptocephalini,ツツハムシ族,Cryptocephalina,,Cryptocephalus,,(Cryptocephalus),,,,,コヤツボシツツハムシ,,,,,,,Cryptocephalus (Cryptocephalus),ヤナギ類、ハンノキ、ハギ類、ズミ,ハムシハンドブック,,4~5月(山地では6~8月),ハムシハンドブック,,,,Cryptocephalina
H587,Chrysomelidae,ハムシ科,Cryptocephalinae,ツツハムシ亜科,Cryptocephalini,ツツハムシ族,Cryptocephalina,,Cryptocephalus,,(Cryptocephalus),,,,,ニセセスジツツハムシ,,,,,,,Cryptocephalus (Cryptocephalus),不明,,,4~5月(山地では6~7月),ハムシハンドブック,,,,Cryptocephalina
H588,Chrysomelidae,ハムシ科,Cryptocephalinae,ツツハムシ亜科,Cryptocephalini,ツツハムシ族,Cryptocephalina,,Cryptocephalus,,(Cryptocephalus),,,,,カラフトツツハムシ,,,,,,,Cryptocephalus (Cryptocephalus),不明,,,4~5月(山地では6~7月),ハムシハンドブック,,,,Cryptocephalina
H589,Chrysomelidae,ハムシ科,Cryptocephalinae,ツツハムシ亜科,Cryptocephalini,ツツハムシ族,Cryptocephalina,,Cryptocephalus,,(Cryptocephalus),,,,,キスジツツハムシ,,,,,,,Cryptocephalus (Cryptocephalus),不明,,,4~5月(山地では6~7月),ハムシハンドブック,,,,Cryptocephalina
H590,Chrysomelidae,ハムシ科,Cryptocephalinae,ツツハムシ亜科,Cryptocephalini,ツツハムシ族,Cryptocephalina,,Cryptocephalus,,(Cryptocephalus),,,,,リュウキュウツツハムシ,,,,,,,Cryptocephalus (Cryptocephalus),不明,,,4~5月(山地では6~7月),ハムシハンドブック,,,,Cryptocephalina
H591,Chrysomelidae,ハムシ科,Cryptocephalinae,ツツハムシ亜科,,,,,Cryptocephalus,,(Cryptocephalus),,,,,リュウキュウツツハムシ　宮古島亜種,,,,,,,Cryptocephalus (Cryptocephalus),不明,,,4~5月(山地では6~7月),ハムシハンドブック,,,,
H592,Chrysomelidae,ハムシ科,Cryptocephalinae,ツツハムシ亜科,Cryptocephalini,ツツハムシ族,Cryptocephalina,,Cryptocephalus,,(Cryptocephalus),,,,,クロボシツツハムシ,,ニセクロボシツツハムシ,,,,,Cryptocephalus (Cryptocephalus),ナシ、クリ、ノイバラ,ハムシハンドブック,,4~7月,ハムシハンドブック,,,,Cryptocephalina
H593,Chrysomelidae,ハムシ科,Cryptocephalinae,ツツハムシ亜科,Cryptocephalini,ツツハムシ族,Cryptocephalina,,Cryptocephalus,,(Cryptocephalus),,,,,ツヤルリツツハムシ,,,,,,,Cryptocephalus (Cryptocephalus),不明,,,4~5月(山地では6~7月),ハムシハンドブック,,,,Cryptocephalina
H594,Chrysomelidae,ハムシ科,Cryptocephalinae,ツツハムシ亜科,Cryptocephalini,ツツハムシ族,Cryptocephalina,,Cryptocephalus,,(Cryptocephalus),,,,,ヨツモンクロツツハムシ,,ヨツモンツツハムシ,,,,,Cryptocephalus (Cryptocephalus),カシワ、ウワミズザクラ,ハムシハンドブック,,4~5月(山地では6~7月),ハムシハンドブック,,,,Cryptocephalina
H595,Chrysomelidae,ハムシ科,Cryptocephalinae,ツツハムシ亜科,Cryptocephalini,ツツハムシ族,Cryptocephalina,,Cryptocephalus,,(Cryptocephalus),,,,,ムツキボシツツハムシ,,,,,,,Cryptocephalus (Cryptocephalus),不明,,,4~5月(山地では6~7月),ハムシハンドブック,,,,Cryptocephalina
H596,Chrysomelidae,ハムシ科,Cryptocephalinae,ツツハムシ亜科,Cryptocephalini,ツツハムシ族,Cryptocephalina,,Cryptocephalus,,(Cryptocephalus),,,,,セスジツツハムシ,,,,,,,Cryptocephalus (Cryptocephalus),カンバ類、ヤナギ類、ハンノキ、シデ類、ミズナラ,ハムシハンドブック,,4~9月,ハムシハンドブック,,,,Cryptocephalina
H597,Chrysomelidae,ハムシ科,Cryptocephalinae,ツツハムシ亜科,Cryptocephalini,ツツハムシ族,Cryptocephalina,,Cryptocephalus,,(Cryptocephalus),,,,,ヤツボシツツハムシ,,ヨツボシツツハムシ,,,,,Cryptocephalus (Cryptocephalus),クヌギ、コナラ、クリ、イタドリ、ワレモコウ,ハムシハンドブック,,4~6月(山地では6~7月),ハムシハンドブック,,,,Cryptocephalina
H598,Chrysomelidae,ハムシ科,Cryptocephalinae,ツツハムシ亜科,Cryptocephalini,ツツハムシ族,Cryptocephalina,,Cryptocephalus,,(Cryptocephalus),,,,,キボシツツハムシ,,,,,,,Cryptocephalus (Cryptocephalus),コナラ、シイ類,ハムシハンドブック,,4~9月,ハムシハンドブック,,,,Cryptocephalina
H599,Chrysomelidae,ハムシ科,Cryptocephalinae,ツツハムシ亜科,,,,,Cryptocephalus,,(Cryptocephalus),,,,,キボシツツハムシ　琉球亜種,,,,,,,Cryptocephalus (Cryptocephalus),不明,,,4~5月(山地では6~7月),ハムシハンドブック,,,,
H600,Chrysomelidae,ハムシ科,Cryptocephalinae,ツツハムシ亜科,,,,,Cryptocephalus,,(Cryptocephalus),,,,,キボシツツハムシ　宮古島亜種,,,,,,,Cryptocephalus (Cryptocephalus),不明,,,4~5月(山地では6~7月),ハムシハンドブック,,,,
H601,Chrysomelidae,ハムシ科,Cryptocephalinae,ツツハムシ亜科,,,,,Cryptocephalus,,(Cryptocephalus),,,,,キボシツツハムシ　与那国島亜種,,,,,,,Cryptocephalus (Cryptocephalus),不明,,,4~5月(山地では6~7月),ハムシハンドブック,,,,
H602,Chrysomelidae,ハムシ科,Cryptocephalinae,ツツハムシ亜科,Cryptocephalini,ツツハムシ族,Cryptocephalina,,Cryptocephalus,,(Cryptocephalus),,,,,カシワツツハムシ,,,,,,,Cryptocephalus (Cryptocephalus),コナラ、カシワ,ハムシハンドブック,,5~9月,ハムシハンドブック,,,,Cryptocephalina
H603,Chrysomelidae,ハムシ科,Cryptocephalinae,ツツハムシ亜科,Cryptocephalini,ツツハムシ族,Cryptocephalina,,Cryptocephalus,,(Cryptocephalus),,,,,ムツボシツツハムシ,,,,,,,Cryptocephalus (Cryptocephalus),不明,,,4~5月(山地では6~7月),ハムシハンドブック,,,,Cryptocephalina
H604,Chrysomelidae,ハムシ科,Cryptocephalinae,ツツハムシ亜科,Cryptocephalini,ツツハムシ族,Cryptocephalina,,Cryptocephalus,,(Cryptocephalus),,,,,ジュウシホシツツハムシ,,,,,,,Cryptocephalus (Cryptocephalus),ヌマトラノオ、オカトラノオ、マルバハギ,ハムシハンドブック,,6~8月,ハムシハンドブック,,,,Cryptocephalina
H605,Chrysomelidae,ハムシ科,Cryptocephalinae,ツツハムシ亜科,Cryptocephalini,ツツハムシ族,Cryptocephalina,,Cryptocephalus,,(Disopus),,,,,ツマキクロツツハムシ,,,,,,,Cryptocephalus (Disopus),不明,,,,,,,,Cryptocephalina
H606,Chrysomelidae,ハムシ科,Cryptocephalinae,ツツハムシ亜科,Cryptocephalini,ツツハムシ族,Cryptocephalina,,Diachus,,auratus,,,,,ヒロヒゲツツハムシ,,,,,,,Diachus auratus,ギンネム,ハムシハンドブック,,3~5月,ハムシハンドブック,,,,Cryptocephalina
H607,Chrysomelidae,ハムシ科,Cryptocephalinae,ツツハムシ亜科,Cryptocephalini,ツツハムシ族,Cryptocephalina,,Melixanthus,,babai,,,,,ババチビツツハムシ,,,,,,,Melixanthus babai,不明,,,,,,,,Cryptocephalina
H608,Chrysomelidae,ハムシ科,Cryptocephalinae,ツツハムシ亜科,Cryptocephalini,ツツハムシ族,Cryptocephalina,,Melixanthus,,pumilio,,,,,アオチビツツハムシ,,,,,,,Melixanthus pumilio,不明,,,,,,,,Cryptocephalina
H609,Chrysomelidae,ハムシ科,Cryptocephalinae,ツツハムシ亜科,Cryptocephalini,ツツハムシ族,Monachulina,,Adiscus,,lewisii,,,,,タマツツハムシ,,,,,,,Adiscus lewisii,クヌギ、コナラ、ヤマハンノキ,ハムシハンドブック,,6~9月,ハムシハンドブック,,,,Monachulina
H610,Chrysomelidae,ハムシ科,Cryptocephalinae,ツツハムシ亜科,Cryptocephalini,ツツハムシ族,Monachulina,,Adiscus,,nigripennis,,,,,リュウキュウタマツツハムシ,,,,,,,Adiscus nigripennis,不明,,,,,,,,Monachulina
H611,Chrysomelidae,ハムシ科,Cryptocephalinae,ツツハムシ亜科,Cryptocephalini,ツツハムシ族,Monachulina,,Coenobius,,nigrocastaneus,,,,,ウスグロヒメツツハムシ,,,,,,,Coenobius nigrocastaneus,不明,,,,,,,,Monachulina
H612,Chrysomelidae,ハムシ科,Cryptocephalinae,ツツハムシ亜科,Cryptocephalini,ツツハムシ族,Monachulina,,Coenobius,,obscuripennis,,,,,ウスアカヒメツツハムシ,,,,,,,Coenobius obscuripennis,不明,,,,,,,,Monachulina
H613,Chrysomelidae,ハムシ科,Cryptocephalinae,ツツハムシ亜科,Cryptocephalini,ツツハムシ族,Monachulina,,Coenobius,,piceipes,,,,,クロアシヒメツツハムシ,,,,,,,Coenobius piceipes,不明,,,,,,,,Monachulina
H614,Chrysomelidae,ハムシ科,Cryptocephalinae,ツツハムシ亜科,Cryptocephalini,ツツハムシ族,Monachulina,,Coenobius,,piceus,,,,,クロヒメツツハムシ,,,,,,,Coenobius piceus,不明,,,,,,,,Monachulina
H615,Chrysomelidae,ハムシ科,Cryptocephalinae,ツツハムシ亜科,Cryptocephalini,ツツハムシ族,Monachulina,,Coenobius,,sulcicollis,,,,,ムネミゾヒメツツハムシ,,,,,,,Coenobius sulcicollis,不明,,,,,,,,Monachulina
H616,Chrysomelidae,ハムシ科,Cryptocephalinae,ツツハムシ亜科,Fulcidacini,コブハムシ族,,,Chlamisus,,consimilis,,,,,カシワコブハムシ,,,,,,,Chlamisus consimilis,不明,,,,,,,,
H617,Chrysomelidae,ハムシ科,Cryptocephalinae,ツツハムシ亜科,Fulcidacini,コブハムシ族,,,Chlamisus,,diminutus,,,,,ヒメコブハムシ,,,,,,,Chlamisus diminutus,不明,,,,,,,,
H618,Chrysomelidae,ハムシ科,Cryptocephalinae,ツツハムシ亜科,Fulcidacini,コブハムシ族,,,Chlamisus,,geniculatus,,,,,アマミコブハムシ,,,,,,,Chlamisus geniculatus,不明,,,,,,,,
H619,Chrysomelidae,ハムシ科,Cryptocephalinae,ツツハムシ亜科,Fulcidacini,コブハムシ族,,,Chlamisus,,interjectus,,,,,ミズキコブハムシ,,,,,,,Chlamisus interjectus,不明,,,,,,,,
H620,Chrysomelidae,ハムシ科,Cryptocephalinae,ツツハムシ亜科,Fulcidacini,コブハムシ族,,,Chlamisus,,japonicus,,,,,ハバビロコブハムシ,,,,,,,Chlamisus japonicus,不明,,,,,,,,
H621,Chrysomelidae,ハムシ科,Cryptocephalinae,ツツハムシ亜科,Fulcidacini,コブハムシ族,,,Chlamisus,,laticollis,,,,,ツツジコブハムシ,,,,,,,Chlamisus laticollis,ツツジ類、サツキ,ハムシハンドブック,,4~10月,ハムシハンドブック,,,,
H622,Chrysomelidae,ハムシ科,Cryptocephalinae,ツツハムシ亜科,Fulcidacini,コブハムシ族,,,Chlamisus,,lewisii,,,,,ツバキコブハムシ,,,,,,,Chlamisus lewisii,不明,,,,,,,,
H623,Chrysomelidae,ハムシ科,Cryptocephalinae,ツツハムシ亜科,Fulcidacini,コブハムシ族,,,Chlamisus,,spilotus,,,,,ムシクソハムシ,,クヌギコブハムシ,,,,,Chlamisus spilotus,コナラ、ヤナギ類、サクラ、ミズキ、ウツギ類,ハムシハンドブック,,4~9月,ハムシハンドブック,,,,
H624,Chrysomelidae,ハムシ科,Cryptocephalinae,ツツハムシ亜科,Fulcidacini,コブハムシ族,,,Chlamisus,,yakushimanus,,,,,ヤクシマコブハムシ,,,,,,,Chlamisus yakushimanus,不明,,,,,,,,
H625,Chrysomelidae,ハムシ科,Cryptocephalinae,ツツハムシ亜科,Pachybrachini,ハギツツハムシ族,,,Pachybrachis,,(Pachybrachis),,,,,ハギツツハムシ,,,,,,,Pachybrachis (Pachybrachis),ハギ、ヤナギ類,ハムシハンドブック,,5~10月,ハムシハンドブック,,,,
LB007,Chrysomelidae,ハムシ科,,,,,,,,,,,,,,スゲハムシ (キスジツヤハムシ),,,,,,,Plateumaris sericea,スゲ類,ハムシハンドブック,,4~9月,ハムシハンドブック,,,,
LB008,Chrysomelidae,ハムシ科,,,,,,,,,,,,,,クリオホソハムシ,,,,,,,Crioceris quatuordecimpunctata,アスパラガス、クサスギカズラ,ハムシハンドブック,,,,,,,
LB009,Chrysomelidae,ハムシ科,,,,,,,,,,,,,,ルイスクビナガハムシ,,,,,,,Lilioceris lewisi,マイヅルソウ、ナルコユリ,ハムシハンドブック,,,,,,,
LB010,Chrysomelidae,ハムシ科,,,,,,,,,,,,,,キイロクビナガハムシ,,,,,,,Lilioceris lugens,ヤマノイモ、オニドコロ,ハムシハンドブック,,,,,,,
LB011,Chrysomelidae,ハムシ科,,,,,,,,,,,,,,アカクビナガハムシ,,,,,,,Lilioceris subpolita,サルトリイバラ、シオデ,ハムシハンドブック,,,,,,,
LB012,Chrysomelidae,ハムシ科,,,,,,,,,,,,,,キイロホソハムシ,,,,,,,Lema coronata,アゼガヤ,ハムシハンドブック,,,,,,,
LB014,Chrysomelidae,ハムシ科,,,,,,,,,,,,,,キバラルリクビボソハムシ,,,,,,,Lema concinnipennis,ツユクサ,ハムシハンドブック,,,,,,,
LB015,Chrysomelidae,ハムシ科,,,,,,,,,,,,,,アワカクビボソハムシ,,,,,,,Lema diversa,ツユクサ,ハムシハンドブック,,,,,,,
LB020,Chrysomelidae,ハムシ科,,,,,,,,,,,,,,ヤナギハムシ,,,,,,,Clytra arida,ハギ類,ハムシハンドブック,,,,,,,
LB021,Chrysomelidae,ハムシ科,,,,,,,,,,,,,,クロオビハムシ,,,,,,,Physosmaragdia nigrifrons,ドリ、マルバハギ,ハムシハンドブック,,,,,,,
LB025,Chrysomelidae,ハムシ科,,,,,,,,,,,,,,バラルリツツハムシ,,,,,,,Cryptocephalus approximatus,イタドリ,ハムシハンドブック,,,,,,,
LB028,Chrysomelidae,ハムシ科,,,,,,,,,,,,,,ヨツボシツツハムシ,,,,,,,Cryptocephalus instabilis,ヤナギ類,ハムシハンドブック,,,,,,,
LB033,Chrysomelidae,ハムシ科,,,,,,,,,,,,,,コブハムシ,,,,,,,Chlamisus chujoi,ツツジ類,ハムシハンドブック,,,,,,,
LB034,Chrysomelidae,ハムシ科,,,,,,,,,,,,,,ツヤハムシ,,,,,,,Oomorphoides cupreatus,タラノキ,ハムシハンドブック,,3~10月,ハムシハンドブック,,,,
LB037,Chrysomelidae,ハムシ科,,,,,,,,,,,,,,アオガネサルハムシ,,,,,,,Nodina chalcosoma,フドウ、テリハノイバラ,ハムシハンドブック,,6~7月,ハムシハンドブック,,,,
LB040,Chrysomelidae,ハムシ科,,,,,,,,,,,,,,ムネアカアオサルハムシ,,,,,,,Pagria consimilis,クズ,ハムシハンドブック,,3~11月,ハムシハンドブック,,,,
LB042,Chrysomelidae,ハムシ科,,,,,,,,,,,,,,クロオビタカハシハムシ,,,,,,,Hyperaxis fasciata,コナラ,ハムシハンドブック,,,,,,,
LB044,Chrysomelidae,ハムシ科,,,,,,,,,,,,,,チビヒゲナガハムシ,,,,,,,Demotina decorata,コナラ,ハムシハンドブック,,4~10月,ハムシハンドブック,,,,
LB045,Chrysomelidae,ハムシ科,,,,,,,,,,,,,,ササハムシ,,,,,,,Demotina modesta,クヌギ,ハムシハンドブック,,4~9月,ハムシハンドブック,,,,
LB047,Chrysomelidae,ハムシ科,,,,,,,,,,,,,,キクカサハムシ,,,,,,,Xanthonia placida,ハマギク,ハムシハンドブック,,6~8月,ハムシハンドブック,,,,
LB049,Chrysomelidae,ハムシ科,,,,,,,,,,,,,,ヨコグロケブカサルハムシ,,,,,,,Fidia pubicollis,ウメ,ハムシハンドブック,,,,,,,
LB052,Chrysomelidae,ハムシ科,,,,,,,,,,,,,,ヤナギルリハムシ,,,,,,,Plagiodera versicolora,ヤナギ類,ハムシハンドブック,,,,,,,
LB053,Chrysomelidae,ハムシ科,,,,,,,,,,,,,,ダイコンハムシ,,,,,,,Phaedon brassicae,アブラナ科野菜,ハムシハンドブック,,,,,,,
LB054,Chrysomelidae,ハムシ科,,,,,,,,,,,,,,ハッカハムシ,,,,,,,Chrysolina exanthematica,ハッカ,ハムシハンドブック,,,,,,,
LB055,Chrysomelidae,ハムシ科,,,,,,,,,,,,,,キリガミネハムシ,,,,,,,Chrysolina kirigaminensis,ヒメシロネ,ハムシハンドブック,,,,,,,
LB056,Chrysomelidae,ハムシ科,,,,,,,,,,,,,,ルリハムシ,,,,,,,Plagiosterna aenea,ハンノキ,ハムシハンドブック,,,,,,,
LB058,Chrysomelidae,ハムシ科,,,,,,,,,,,,,,ミヤマヒラタハムシ,,,,,,,Gastrolina peltoidea,クルミ、ヤシャブシ,ハムシハンドブック,,,,,,,
LB059,Chrysomelidae,ハムシ科,,,,,,,,,,,,,,ズグロキハムシ,,,,,,,Gastrobrodina japonicus,イヌシデ,ハムシハンドブック,,,,,,,
LB060,Chrysomelidae,ハムシ科,,,,,,,,,,,,,,トホシハムシ,,,,,,,Linaeidea formosana,ヤマナラシ,ハムシハンドブック,,,,,,,
LB061,Chrysomelidae,ハムシ科,,,,,,,,,,,,,,ヤナギドロノハムシ,,,,,,,Gonioctena (Gonioctena) nirogronotata,ヤナギ,ハムシハンドブック,葉,,,,,,
LB065,Chrysomelidae,ハムシ科,,,,,,,,,,,,,,ヒゲナガガハムシ (サンタケダデハムシ),,,,,,,Pyrrhalta viburni,サクラ,ハムシハンドブック,,,,,,,
LB070,Chrysomelidae,ハムシ科,,,,,,,,,,,,,,ニレハムシ (ニレウスバハムシ),,,,,,,Pyrrhalta maculicollis,ケヤキ,ハムシハンドブック,,,,,,,
LB071,Chrysomelidae,ハムシ科,,,,,,,,,,,,,,ウエブキケブカハムシ,,,,,,,Chujoa uetsukii,シオデ、タケニグサ,ハムシハンドブック,,7~9月,ハムシハンドブック,,,,
LB075,Chrysomelidae,ハムシ科,,,,,,,,,,,,,,クロオバハムシ,,,,,,,Euliroetis clathrata,キハダ、ヒメイズイ,ハムシハンドブック,,,,,,,
LB079,Chrysomelidae,ハムシ科,,,,,,,,,,,,,,フジハムシ,,,,,,,Medythia nigrobilineata,ダイズ,ハムシハンドブック,,5~10月,ハムシハンドブック,,,,
LB081,Chrysomelidae,ハムシ科,,,,,,,,,,,,,,キバラツメヒメハムシ,,,,,,,Exosoma flaviventre,ネジリグサ,ハムシハンドブック,,,,,,,
LB087,Chrysomelidae,ハムシ科,,,,,,,,,,,,,,クロズトビハムシ,,,,,,,Trachyaphthona sordida,ガマズミ,ハムシハンドブック,,,,,,,
LB088,Chrysomelidae,ハムシ科,,,,,,,,,,,,,,チャバネツヤトビハムシ,,,,,,,Phygasia fulvipennis,カガイモ,ハムシハンドブック,,4~7月,ハムシハンドブック,,,,
LB094,Chrysomelidae,ハムシ科,,,,,,,,,,,,,,ヒゲナガマルノミハムシ,,,,,,,Hemipyxis hegenagae,テンニンソウ,ハムシハンドブック,,,,,,,
LB099,Chrysomelidae,ハムシ科,,,,,,,,,,,,,,オオカクムネトビハムシ,,,,,,,Neocrepidodera obscuritarsis,ミソソバ,ハムシハンドブック,,6~10月,ハムシハンドブック,,,,
LB101,Chrysomelidae,ハムシ科,,,,,,,,,,,,,,クソトビハムシ,,,,,,,Psylliodes scripta,ノブドウ,ハムシハンドブック,,,,,,,
LB106,Chrysomelidae,ハムシ科,,,,,,,,,,,,,,イッシキトゲハムシ,,,,,,,Dactylispa issikii,タケ類,ハムシハンドブック,,,,,,,
H626,Megalopodidae,カタビロハムシ科,Megalopodinae,カタビロハムシ亜科,,,,,Temnaspis,,japonica,,Baly,1873,,カタビロハムシ,,,,,,,Temnaspis japonica Baly, 1873,ネズミモチ、コバノトネリコ、イボタノキなど,神奈川虫報 (156): 日本産ハムシ科生態覚書 (1),小枝を傷つけて汁液を吸う。,4-6月,ハムシハンドブック,年1化。,5-6月,新梢の小枝を噛みきり、その下部の茎内に産卵。幼虫は髄内を食い、3齢で枝を脱出し、地中にはいる。その後の経過は不明。
H627,Megalopodidae,カタビロハムシ科,Orsodacninae,ナガハムシ亜科,,,,,Orsodacne,,arakii,,Chûjô,,,ナガハムシ,,,,,,,Orsodacne arakii Chûjô,ハシドイ、オオカメノキなどの白色の花,,食花粉性、食花性。,低山地では4-5月,,山地では6-8月,年1化。,不明,
H628,Megalopodidae,カタビロハムシ科,Zeugophorinae,モモブトハムシ亜科,,,,,Zeugophora,,annulata,,(Baly),1873,,ワモンナガハムシ,,,,,,,"Zeugophora annulata (Baly, 1873)",マユミ、ニシキギ、ムラサキマユミ、ツリバナ、サワダツ、ツルウメモドキ、クロズルなど,神奈川虫報 (156): 日本産ハムシ科生態覚書 (1),5-6月,食葉性。,4-5月,,7-9月,年1化,成虫越冬。 
H629,Megalopodidae,カタビロハムシ科,Zeugophorinae,モモブトハムシ亜科,,,,,Zeugophora,,nigricollis,,(Jacoby),1885,,ムナグロナガハムシ,,,,,,,"Zeugophora nigricollis (Jacoby, 1885)",マユミ類,神奈川虫報 (156): 日本産ハムシ科生態覚書 (1),葉上に産卵;幼虫は潜葉性;蛹化は地中。,食葉性。,5-8月,,年1化,成虫越冬?,5-6月
H630,Megalopodidae,カタビロハムシ科,Zeugophorinae,モモブトハムシ亜科,,,,,Zeugophora,,chujoi,,Ohno,1961,,クロホシモモブトハムシ,,,,,,,"Zeugophora chujoi Ohno, 1961",コマユミ、マサキ,神奈川虫報 (156): 日本産ハムシ科生態覚書 (1),？ 神奈川県丹沢大山の中腹では開花期のマサキで複数の個体が採集されている。,5月,,,不明,,
H631,Megalopodidae,カタビロハムシ科,Zeugophorinae,モモブトハムシ亜科,,,,,Zeugophora,,flavonotata,,(Chûjô),1935,,モンキモモブトハムシ,,,,,,,"Zeugophora flavonotata (Chûjô, 1935)",,,,,,3月,,不明,
H632,Megalopodidae,カタビロハムシ科,Zeugophorinae,モモブトハムシ亜科,,,,,Zeugophora,,gracilis,,unicolor Chûjô,1958,,キイロモモブトハムシ,,,,,,,"Zeugophora gracilis unicolor Chûjô, 1958",,,草地のスィープで採集された例がある。,,,,,不明,
H633,Megalopodidae,カタビロハムシ科,Zeugophorinae,モモブトハムシ亜科,,,,,Zeugophora,,hozumii,,Chûjô,1953,,アオグロモモブトハムシ,,,,,,,"Zeugophora hozumii Chûjô, 1953",ヤナギ類,神奈川虫報 (156): 日本産ハムシ科生態覚書 (1),食葉性。,7月,,,不明,,
H634,Megalopodidae,カタビロハムシ科,Zeugophorinae,モモブトハムシ亜科,,,,,Zeugophora,,japonica,,Chûjô,1951,,ムナキモモブトハムシ,,,,,,,"Zeugophora japonica Chûjô, 1951",ドロノキ,神奈川虫報 (156): 日本産ハムシ科生態覚書 (1),食葉性。,5月,,,不明,,
H635,Megalopodidae,カタビロハムシ科,Zeugophorinae,モモブトハムシ亜科,,,,,Zeugophora,,unifasciata,,(Jacoby),1885,,オビモンナガハムシ,,,,,,,"Zeugophora unifasciata (Jacoby, 1885)",マユミ,神奈川虫報 (156): 日本産ハムシ科生態覚書 (1),,5月~10月,,,不明,,
H636,Megalopodidae,カタビロハムシ科,Zeugophorinae,モモブトハムシ亜科,,,,,Zeugophora,,varipes,,(Jacoby),1885,,アカイロナガハムシ,,,,,,,"Zeugophora varipes (Jacoby, 1885)",サワフタギ、タンナサワフタギ,神奈川虫報 (156): 日本産ハムシ科生態覚書 (1),葉上に産卵;幼虫は潜葉性。,丘陵地では4-5月、山地では7-8月,,,不明,,
,Chrysomelidae,ハムシ科,,クビボソハムシ亜科,,,,,Lilioceris,Lilioceris,balyi,,Chûjô,,,ベーリークビナガハムシ,,,,,,,Lilioceris (Lilioceris) balyi Chûjô,,,,,,,,,
,Chrysomelidae,ハムシ科,,クビボソハムシ亜科,,,,,Lilioceris,Lilioceris,formosana,,Heinze,,,オキナワクビナガハムシ,,,,,,,Lilioceris (Lilioceris) formosana Heinze,ササバサンキライ,神奈川虫報 (156): 日本産ハムシ科生態覚書 (1),食葉性。,3-6月,,,3月,葉上に産卵、幼虫は集団をなし、食葉性;地中の白い繭で蛹化。,
,Chrysomelidae,ハムシ科,,クビボソハムシ亜科,,,,,Lilioceris,Lilioceris,merdigera,,Linnaeus,,,ユリクビナガハムシ,,,,,,,Lilioceris (Lilioceris) merdigera (Linnaeus),オニユリ、テッポウユリ、カノコユリなど、サルトリイバラ,葉上に産卵、幼虫は食葉性;地中の白い繭で蛹化。,食葉性。,4-7月,,年1化,成虫越冬。,5-6月,
,Chrysomelidae,ハムシ科,,クビボソハムシ亜科,,,,,Lilioceris,Lilioceris,parvicollis,,Baly,,,ホソクビナガハムシ,,,,,,,Lilioceris (Lilioceris) parvicollis (Baly),サルトリイバラ,葉上に産卵;幼虫は集団をなし、食葉性;地中の白い繭で蛹化。,食葉性。,4-9月,,年1化,成虫越冬。,5月,
,Chrysomelidae,ハムシ科,,クビボソハムシ亜科,,,,,Lilioceris,Lilioceris,ruficollis,,Baly,,,クロバネクビナガハムシ,,,,,,,Lilioceris (Lilioceris) ruficollis (Baly),朝鮮半島ではヤマノイモ類,神奈川虫報 (156): 日本産ハムシ科生態覚書 (1),食葉性。,5-7月,,,不明,,
,Chrysomelidae,ハムシ科,,クビボソハムシ亜科,,,,,Lilioceris,Lilioceris,scapularis,,Baly,,,カタモンクビナガハムシ,,,,,,,Lilioceris (Lilioceris) scapularis (Baly),,,,,,,,,
,Chrysomelidae,ハムシ科,,クビボソハムシ亜科,,,,,Oulema,,atrosuturalis,,Pic,,,セスジクビボソハムシ,,,,,,,Oulema atrosuturalis (Pic),メヒシバ、オイシバ、エノコログサなど,葉上に産卵、幼虫は食葉性;地中の白い繭で蛹化。,食葉性。,5-10月,,年3化,成虫越冬。,6-9月,
,Chrysomelidae,ハムシ科,,クビボソハムシ亜科,,,,,Oulema,,erichsoni,,Suffrian,,,ムギクビボソハムシ,,,,,,,Oulema erichsoni (Suffrian),コムギ、カモジグサ,神奈川虫報 (156): 日本産ハムシ科生態覚書 (1),食葉性。,5-8月,,,不明,,
,Chrysomelidae,ハムシ科,,クビボソハムシ亜科,,,,,Oulema,,dilutipes,,Fairmaire,,,アワクビボソハムシ,,,,,,,Oulema dilutipes (Fairmaire),エノコログサ、アワ,葉上に産卵;幼虫は食葉性;地中の白い繭で蛹化。,食葉性。,4-11月,,年1化?,成虫越冬。,7月,
,Chrysomelidae,ハムシ科,,クビボソハムシ亜科,,,,,Oulema,,hayashii,,Ohno,,,ハヤシクビボソハムシ,,,,,,,Oulema hayashii Ohno,不明,神奈川虫報 (156): 日本産ハムシ科生態覚書 (1),,5-9月,,,不明,,
,Chrysomelidae,ハムシ科,,クビボソハムシ亜科,,,,,Oulema,,oryzae,,Kuwayama,,,イネクビボソハムシ,,,,,,,Oulema oryzae (Kuwayama),イネ、キタヨシ、カモガヤ、チガヤ、マコモなど,葉上に産卵;幼虫は食葉性;葉上あるいは地表の白い繭で蛹化。,食葉性。,4-9月,,年1化,成虫越冬。,5-7月,
,Chrysomelidae,ハムシ科,,クビボソハムシ亜科,,,,,Oulema,,tristis,,Herbst,,,キアシクビボソハムシ,,,,,,,Oulema tristis (Herbst),,,大陸ではエノコログサを食う。,,,,,,
,Chrysomelidae,ハムシ科,,クビボソハムシ亜科,,,,,Lilioceris,Lilioceris,neptis,,Weiss,,,アカホシクビナガハムシ,,,,,,,Lilioceris (Lilioceris) neptis (Weiss),ギョウジャニンニク、ヤマラッキョウ,神奈川虫報 (157): 日本産ハムシ科生態覚書 (2),食葉性。,5-8月,,,不明,,
,Chrysomelidae,ハムシ科,,クビボソハムシ亜科,,,,,Lilioceris,Lilioceris,yuae,,Long,,,ツマグロクビナガハムシ,,,,,,,Lilioceris (Lilioceris) yuae (Long),サルトリイバラ,神奈川虫報 (157): 日本産ハムシ科生態覚書 (2),,5-6月,,,不明,,
CR001,Chrysomelidae,ハムシ科,Criocerinae,クビボソハムシ亜科,Criocerini,,,,,Crioceris,,orientalis,orientalis,Jacoby,1885,,カタボシクビナガハムシ,,,,,,,Crioceris orientalis orientalis Jacoby,クススギカズラ、アスパラガス,神奈川虫報 (156): 日本産ハムシ科生態覚書 (1),食葉性。,7月,,,不明,
CR002,Chrysomelidae,ハムシ科,Criocerinae,クビボソハムシ亜科,Criocerini,,,,,Crioceris,,quatuordecimpunctata,,Scopoli,1763,,ジュウシホシクビナガハムシ,,,,,,,Crioceris quatuordecimpunctata (Scopoli),アスパラガス、キジカクシ、タチテンモンドウ,葉上に産卵;幼虫は食葉性;地中の白い繭で蛹化。,食葉性。,4-10月,,年1化,成虫越冬。,5-8月
CR003,Chrysomelidae,ハムシ科,Criocerinae,クビボソハムシ亜科,Criocerini,,,,,Lilioceris,Bradyceris,lewisi,,Jacoby,1885,,ルイスクビナガハムシ,,,,,,,Lilioceris (Bradyceris) lewisi (Jacoby),,,,,,,,
CR004,Chrysomelidae,ハムシ科,Criocerinae,クビボソハムシ亜科,Criocerini,,,,,Lilioceris,Lilioceris,balyi,,Chûjô,1961,,ベーリークビナガハムシ,,,,,,,Lilioceris (Lilioceris) balyi Chûjô,,,,,,,,
CR005,Chrysomelidae,ハムシ科,Criocerinae,クビボソハムシ亜科,Criocerini,,,,,Lilioceris,Lilioceris,formosana,,Heinze,1943,,オキナワクビナガハムシ,,,,,,,Lilioceris (Lilioceris) formosana Heinze,,,,,,,,
CR006,Chrysomelidae,ハムシ科,Criocerinae,クビボソハムシ亜科,Criocerini,,,,,Lilioceris,Lilioceris,merdigera,,Linnaeus,1758,,ユリクビナガハムシ,,,,,,,Lilioceris (Lilioceris) merdigera (Linnaeus),,,,,,,,
CR007,Chrysomelidae,ハムシ科,Criocerinae,クビボソハムシ亜科,Criocerini,,,,,Lilioceris,Lilioceris,parvicollis,,Baly,1873,,ホソクビナガハムシ,,,,,,,Lilioceris (Lilioceris) parvicollis (Baly),,,,,,,,
CR008,Chrysomelidae,ハムシ科,Criocerinae,クビボソハムシ亜科,Criocerini,,,,,Lilioceris,Lilioceris,rugata,,Baly,1865,,キイロクビナガハムシ,,,,,,,Lilioceris (Lilioceris) rugata (Baly),,,,,,,,
CR009,Chrysomelidae,ハムシ科,Criocerinae,クビボソハムシ亜科,Criocerini,,,,,Lilioceris,Lilioceris,scapularis,,Baly,1859,,カタモンクビナガハムシ,,,,,,,Lilioceris (Lilioceris) scapularis (Baly),,,,,,,,
CR010,Chrysomelidae,ハムシ科,Criocerinae,クビボソハムシ亜科,Criocerini,,,,,Lilioceris,Lilioceris,sieversi,,Heyden,1887,,クロバネクビボソハムシ,,,,,,,Lilioceris (Lilioceris) sieversi (Heyden),,,,,,,,
CR011,Chrysomelidae,ハムシ科,Criocerinae,クビボソハムシ亜科,Criocerini,,,,,Lilioceris,Lilioceris,subpolita,,Motschulsky,1861,,アカクビナガハムシ,,,,,,,Lilioceris (Lilioceris) subpolita (Motschulsky),,,,,,,,
CR012,Chrysomelidae,ハムシ科,Criocerinae,クビボソハムシ亜科,Lemini,,,,,Lema,Lema,cirsicola,,Chûjô,1959,,ルリクビボソハムシ,,アザミクビボソハムシ,,,,,Lema (Lema) cirsicola Chûjô,アザミ類,葉上に産卵;幼虫は食葉性;地中の白い繭で蛹化。,食葉性。,4-10月,,年1化,成虫越冬。,5-8月
CR013,Chrysomelidae,ハムシ科,Criocerinae,クビボソハムシ亜科,Lemini,,,,,Lema,Lema,concinnipennis,,Baly,1865,,キバラルリクビボソハムシ,,,,,,,Lema (Lema) concinnipennis Baly,,,,,,,,
CR014,Chrysomelidae,ハムシ科,Criocerinae,クビボソハムシ亜科,Lemini,,,,,Lema,Lema,coomani,,Pic,1924,,ヒメアカクビボソハムシ,,,,,,,Lema (Lema) coomani Pic,ツユクサ,不明,食葉性。,,,,,
CR015,Chrysomelidae,ハムシ科,Criocerinae,クビボソハムシ亜科,Lemini,,,,,Lema,Lema,coronata,,Baly,1873,,トゲアシクビボソハムシ,,,,,,,Lema (Lema) coronata Baly,ツユクサ,葉上に産卵;幼虫は食葉性;地中の白い繭で蛹化。,食葉性。,4-11月,,年1化?,成虫越冬。,5-9月
CR016,Chrysomelidae,ハムシ科,Criocerinae,クビボソハムシ亜科,Lemini,,,,,Lema,Lema,cyanella,,Linnaeus,1758,,ササキクビボソハムシ,,,,,,,Lema (Lema) cyanella (Linnaeus),,,,,,,,
CR017,Chrysomelidae,ハムシ科,Criocerinae,クビボソハムシ亜科,Lemini,,,,,Lema,Lema,decempunctata,,Gebler,1829,,トホシクビボソハムシ,,クコクビボソハムシ,,,,,Lema (Lema) decempunctata Gebler,クコ,葉上に産卵、幼虫は食葉性;地中の白い繭で蛹化。,食葉性。,3-11月,,年3-4化,成虫越冬。,5-11月
CR018,Chrysomelidae,ハムシ科,Criocerinae,クビボソハムシ亜科,Lemini,,,,,Lema,Lema,delicatula,,Baly,1873,,キオビクビボソハムシ,,,,,,,Lema (Lema) delicatula Baly,ツユクサ,葉腋部に産卵;幼虫は茎内に潜孔;地中の白い繭で蛹化。,食葉性。,4-9月,,年1化,成虫越冬。,5-6月
CR019,Chrysomelidae,ハムシ科,Criocerinae,クビボソハムシ亜科,Lemini,,,,,Lema,Lema,dilecta,,Baly,1873,,スゲクビボソハムシ,,,,,,,Lema (Lema) dilecta Baly,スゲ類とされるが不明,神奈川虫報 (156): 日本産ハムシ科生態覚書 (1),,4-9月,,,不明,
CR020,Chrysomelidae,ハムシ科,Criocerinae,クビボソハムシ亜科,Lemini,,,,,Lema,Lema,diversa,,Baly,1873,,アカクビボソハムシ,,,,,,,Lema (Lema) diversa Baly,ツユクサ,葉上に産卵、幼虫は食葉性;地中の白い繭で蛹化。,食葉性。,4-11月,,年2-3化,成虫越冬。,5-10月
CR021,Chrysomelidae,ハムシ科,Criocerinae,クビボソハムシ亜科,Lemini,,,,,Lema,Lema,diversipes,,Pic,1921,,クズクビボソハムシ,,,,,外来種,,Lema (Lema) diversipes Pic,,,,,,,,
CR022,Chrysomelidae,ハムシ科,Criocerinae,クビボソハムシ亜科,Lemini,,,,,Lema,Lema,lacertosa,,Lacordaire,1845,,ネッタイアカクビボソハムシ,,,,,,,Lema (Lema) lacertosa Lacordaire,,,,,,,,
CR023,Chrysomelidae,ハムシ科,Criocerinae,クビボソハムシ亜科,Lemini,,,,,Lema,Lema,minutissima,,Pic,1923,,,,,,,,,Lema (Lema) minutissima Pic,,,,,,,,
CR024,Chrysomelidae,ハムシ科,Criocerinae,クビボソハムシ亜科,Lemini,,,,,Lema,Lema,scutellaris,,Kraatz,1879,,セアカクビボソハムシ,,セアカツユクサハムシ,,,,,Lema (Lema) scutellaris (Kraatz),ツユクサ,葉上に産卵;幼虫は食葉性;地中の白い繭で蛹化。,食葉性。,5-8月,,年1化,成虫越冬,
CR025,Chrysomelidae,ハムシ科,Criocerinae,クビボソハムシ亜科,Lemini,,,,,Lema,Petauristes,adamsii,,Baly,1865,,キベリクビボソハムシ,,,,,,,Lema (Petauristes) adamsii Baly,ヤマノイモ類,葉上に産卵;幼虫は食葉性;地中の白い繭で蛹化。,食葉性。,4-9月,,年1化,成虫越冬。,5-6月
CR026,Chrysomelidae,ハムシ科,Criocerinae,クビボソハムシ亜科,Lemini,,,,,Lema,Petauristes,fortunei,,Baly,1859,,,,,,,,,Lema (Petauristes) fortunei Baly,,,,,,,,
CR027,Chrysomelidae,ハムシ科,Criocerinae,クビボソハムシ亜科,Lemini,,,,,Lema,Petauristes,honorata,,Baly,1873,,ヤマイモハムシ,,,,,,,Lema (Petauristes) honorata Baly,ヤマイノイモ類,葉上に産卵;幼虫は食葉性;地中の白い繭で蛹化。,食葉性。,4-10月,,年1化,成虫越冬。,5-7月
CR028,Chrysomelidae,ハムシ科,Criocerinae,クビボソハムシ亜科,Lemini,,,,,Lema,Petauristes,pectoralis,unicolor,Clark,1991,,オオクビボソハムシ,,,,,,,Lema (Petauristes) pectoralis unicolor Clark,,,国外ではラン科を食う。,,,,,不明
CR029,Chrysomelidae,ハムシ科,Criocerinae,クビボソハムシ亜科,Lemini,,,,,Lema,Petauristes,trivittata,,Say,1824,,ナスクビボソハムシ,,ミスジクビボソハムシ,,,,,Lema (Petauristes) trivittata Say,,,,,,,,
CR030,Chrysomelidae,ハムシ科,Criocerinae,クビボソハムシ亜科,Lemini,,,,,Oulema,Oulema,atrosuturalis,,Pic,1923,,セスジクビボソハムシ,,ヒシバクビボソハムシ,,,,,Oulema (Oulema) atrosuturalis (Pic),,,,,,,,
CR031,Chrysomelidae,ハムシ科,Criocerinae,クビボソハムシ亜科,Lemini,,,,,Oulema,Oulema,dilutipes,,Fairmaire,1888,,アワクビボソハムシ,,,,,,,Oulema (Oulema) dilutipes (Fairmaire),,,,,,,,
CR032,Chrysomelidae,ハムシ科,Criocerinae,クビボソハムシ亜科,Lemini,,,,,Oulema,Oulema,erichsoni,,Suffrian,1841,,ムギクビボソハムシ,,,,,,,Oulema (Oulema) erichsoni (Suffrian),,,,,,,,
CR033,Chrysomelidae,ハムシ科,Criocerinae,クビボソハムシ亜科,Lemini,,,,,Oulema,Oulema,melanopus,,Linnaeus,1758,,クビアカクビボソハムシ,,,,,,,Oulema (Oulema) melanopus (Linnaeus),,,,,,,,
CR034,Chrysomelidae,ハムシ科,Criocerinae,クビボソハムシ亜科,Lemini,,,,,Oulema,Oulema,oryzae,,Kuwayama,1931,,イネクビボソハムシ,,,,,,,Oulema (Oulema) oryzae (Kuwayama),,,,,,,,
CR035,Chrysomelidae,ハムシ科,Criocerinae,クビボソハムシ亜科,Lemini,,,,,Oulema,Oulema,tristis,kuwayamai,Ohno,1962,,キアシクビボソハムシ,,,,,,,Oulema (Oulema) tristis kuwayamai Ohno,,,,,,,,
CR036,Chrysomelidae,ハムシ科,Criocerinae,クビボソハムシ亜科,Lemini,,,,,Lema,Lema,michioi,,Suzuki,2005,,コルリクビボソハムシ,,,,,,,Lema (Lema) michioi Suzuki,イボクサ,葉上に産卵;幼虫は食葉性;地中の白い繭で蛹化。,食葉性。,4-10月,,年1化,成虫越冬。,8月
H637,Chrysomelidae,ハムシ科,Cassidinae,カメノコハムシ亜科,Hispini,トゲハムシ族,,,Dactylispa,,masonii,,Gestro,1923,,キベリトゲハムシ,,,,,,,Dactylispa masonii Gestro,フキ、ヨメナ,ハムシハンドブック,,4~11月,ハムシハンドブック,,,,
