和名,学名,科名,亜科名,食草,成虫出現時期,備考,出典,品質レベル,由来ファイル
アオカメノコハムシ,Cassida rubiginosa,ハムシ科,,アザミ類,,,ハムシハンドブック,A,leafbeetle
アオガネサルハムシ,Nodina chalcosoma,ハムシ科,,フドウ、テリハノイバラ,,,ハムシハンドブック,A,leafbeetle
アオグロツヤハムシ,Oomorphoides nigrocaeruleus,ハムシ科,,タラノキ,,,ハムシハンドブック,A,leafbeetle
アカガネサルハムシ,Acrothinium gaschkevitchii,ハムシ科,,ノブドウ、エビヅル,,,ハムシハンドブック,A,leafbeetle
アカクビナガハムシ,Lilioceris subpolita,ハムシ科,,サルトリイバラ、シオデ,,,ハムシハンドブック,A,leafbeetle
アザミオオハムシ,Galeruca vicina,ハムシ科,,アザミ類,,,ハムシハンドブック,A,leafbeetle
アズキマメゾウムシ,Callosobruchus chinensis,ハムシ科,,アズキ,,,ハムシハンドブック,A,leafbeetle
アトボシハムシ,Paridea motschulskyi,ハムシ科,,アマチャヅル,,,ハムシハンドブック,A,leafbeetle
アワカクビボソハムシ,Lema diversa,ハムシ科,,ツユクサ,,,ハムシハンドブック,A,leafbeetle
アワクビボソハムシ,Oulema dilutipes,ハムシ科,,ロクザサ,,,ハムシハンドブック,A,leafbeetle
イクビマメゾウムシ,Bruchidhus fulvipes,ハムシ科,,クズ、フジ、ヌスビトハギ,,,ハムシハンドブック,A,leafbeetle
イタドリハムシ,Galerucida bifasciata,ハムシ科,,イタドリ,,,ハムシハンドブック,A,leafbeetle
イタヤハムシ,Pyrrhalta fuscipennis,ハムシ科,,カエデ類,,,ハムシハンドブック,A,leafbeetle
イチゴハムシ,Galerucella grisescens,ハムシ科,,キジムシロ、ミツバツチグリ、オヘビイチゴ,,,ハムシハンドブック,A,leafbeetle
イチモンジカメノコハムシ,Thlaspida biramosa,ハムシ科,,ヤブムラサキ、ムラサキシキブ,,,ハムシハンドブック,A,leafbeetle
イチモンジハムシ,Morphosphaera japonica,ハムシ科,,イチモンジカズラ,,,ハムシハンドブック,A,leafbeetle
イッシキトゲハムシ,Dactylispa issikii,ハムシ科,,タケ類,,,ハムシハンドブック,A,leafbeetle
イネクビボソハムシ,Oulema oryzae,ハムシ科,,イネ,,,ハムシハンドブック,A,leafbeetle
イモサルハムシ,Colasposoma dauricum,ハムシ科,,サツマイモ,,,ハムシハンドブック,A,leafbeetle
インゲンマメゾウムシ,Acanthoscelides obtectus,ハムシ科,,インゲン豆,,,ハムシハンドブック,A,leafbeetle
ウエブキケブカハムシ,Chujoa uetsukii,ハムシ科,,シオデ、タケニグサ,,,ハムシハンドブック,A,leafbeetle
ウスイロサルハムシ,Basilepta pallidulum,ハムシ科,,コナラ、クリ,,,ハムシハンドブック,A,leafbeetle
ウリハムシ,Aulacophora indica,ハムシ科,,カボチャ (ウリ類),,,ハムシハンドブック,A,leafbeetle
エノキハムシ,Pyrrhalta tibialis,ハムシ科,,エノキ,,,ハムシハンドブック,A,leafbeetle
エンジュマメゾウムシ,Bruchidius sophorae,ハムシ科,,エンジュ,,,ハムシハンドブック,A,leafbeetle
オオカクムネトビハムシ,Neocrepidodera obscuritarsis,ハムシ科,,ミソソバ,,,ハムシハンドブック,A,leafbeetle
オオキイロマルノミハムシ,Argopus balyi,ハムシ科,,ボタンヅル,,,ハムシハンドブック,A,leafbeetle
オオクビボソハムシ,Lema pectoralis,ハムシ科,,コウトウシラン,,,ハムシハンドブック,A,leafbeetle
オオサルハムシ,Chrysochus chinensis,ハムシ科,,イヨカズラ、ガガイモ、シロバナカモメヅル、サツマイモ,,,ハムシハンドブック,A,leafbeetle
オオバコトビハムシ,Longitarsus scutellaris,ハムシ科,,オオバコ類,,,ハムシハンドブック,A,leafbeetle
カクムネトビハムシ,Neocrepidodera laevicollis,ハムシ科,,アキタデ,,,ハムシハンドブック,A,leafbeetle
カタビロトゲハムシ,Dactylispa subquadrata,ハムシ科,,ススキ、アラカシ,,,ハムシハンドブック,A,leafbeetle
カメノコハムシ,Cassida nebulosa,ハムシ科,,ヒルガオ科,,,ハムシハンドブック,A,leafbeetle
ガマズミトビハムシ,Gopla gamazumii,ハムシ科,,ガマズミ、ヤブウツギ,,,ハムシハンドブック,A,leafbeetle
キアシヒゲナガアオハムシ,Clerotilia flavomarginata,ハムシ科,,クマヤナギ,,,ハムシハンドブック,A,leafbeetle
キイロクビナガハムシ,Lilioceris lugens,ハムシ科,,ヤマノイモ、オニドコロ,,,ハムシハンドブック,A,leafbeetle
キイロホソハムシ,Lema coronata,ハムシ科,,アゼガヤ,,,ハムシハンドブック,A,leafbeetle
キクカサハムシ,Xanthonia placida,ハムシ科,,ハマギク,,,ハムシハンドブック,A,leafbeetle
キスジノミハムシ,Luperomorpha vittata,ハムシ科,,ダイコン、カブ,,,ハムシハンドブック,A,leafbeetle
キバネマルノミハムシ,Hemipyxis plagioderoides,ハムシ科,,ネズミモチ,,,ハムシハンドブック,A,leafbeetle
キバラツメヒメハムシ,Exosoma flaviventre,ハムシ科,,ネジリグサ,,,ハムシハンドブック,A,leafbeetle
キバラルリクビボソハムシ,Lema concinnipennis,ハムシ科,,ツユクサ,,,ハムシハンドブック,A,leafbeetle
キベリクビボソハムシ,Lema adamsii,ハムシ科,,ヤマノイモ,,,ハムシハンドブック,A,leafbeetle
キボシツツハムシ,Cryptocephalus perelegans,ハムシ科,,マメ科のミヤギノハギ,,,ハムシハンドブック,A,leafbeetle
キリガミネハムシ,Chrysolina kirigaminensis,ハムシ科,,ヒメシロネ,,,ハムシハンドブック,A,leafbeetle
キンイロネクイハムシ,Donacia splendens,ハムシ科,,ミクリ類,,,ハムシハンドブック,A,leafbeetle
クソトビハムシ,Psylliodes scripta,ハムシ科,,ノブドウ,,,ハムシハンドブック,A,leafbeetle
クリオホソハムシ,Crioceris quatuordecimpunctata,ハムシ科,,アスパラガス、クサスギカズラ,,,ハムシハンドブック,A,leafbeetle
クロオバハムシ,Euliroetis clathrata,ハムシ科,,キハダ、ヒメイズイ,,,ハムシハンドブック,A,leafbeetle
クロオビタカハシハムシ,Hyperaxis fasciata,ハムシ科,,コナラ,,,ハムシハンドブック,A,leafbeetle
クロオビハムシ,Physosmaragdia nigrifrons,ハムシ科,,ドリ、マルバハギ,,,ハムシハンドブック,A,leafbeetle
クロズトビハムシ,Trachyaphthona sordida,ハムシ科,,ガマズミ,,,ハムシハンドブック,A,leafbeetle
クロボシツツハムシ,Cryptocephalus signaticeps,ハムシ科,,ナシ、クリ,,,ハムシハンドブック,A,leafbeetle
クワノミハムシ,Luperomorpha funesta,ハムシ科,,クワ、サトイモ類、タデ、ナズナ、サトウダイコン、ナス,,,ハムシハンドブック,A,leafbeetle
コブハムシ,Chlamisus chujoi,ハムシ科,,ツツジ類,,,ハムシハンドブック,A,leafbeetle
サイカチマメゾウムシ,Megabruchidius dorsalis,ハムシ科,,サイカチ,,,ハムシハンドブック,A,leafbeetle
サクラサルハムシ,Basilepta sacrum,ハムシ科,,サクラ、ウメ、ナシ、リンゴ,,,ハムシハンドブック,A,leafbeetle
ササハムシ,Demotina modesta,ハムシ科,,クヌギ,,,ハムシハンドブック,A,leafbeetle
サムライマメゾウムシ,Bruchidius urbanus,ハムシ科,,サイカチ、ジャケツイバラ、カワラケツメイ,,,ハムシハンドブック,A,leafbeetle
サンゴジュハムシ,Pyrrhalta humeralis,ハムシ科,,サンゴジュ,,,ハムシハンドブック,A,leafbeetle
ジュウシホシツツハムシ,Cryptocephalus tetradecaspilus,ハムシ科,,オカトラノオ,,,ハムシハンドブック,A,leafbeetle
ジンガサハムシ,Aspidimorpha indica,ハムシ科,,アサガオ,,,ハムシハンドブック,A,leafbeetle
スイバトビハムシ,Mantura clavareaui,ハムシ科,,スイバ、ギシギシ,,,ハムシハンドブック,A,leafbeetle
スゲハムシ (キスジツヤハムシ),Plateumaris sericea,ハムシ科,,スゲ類,,,ハムシハンドブック,A,leafbeetle
スジカミナリハムシ,Attica laeta,ハムシ科,,ハギ類,,,ハムシハンドブック,A,leafbeetle
ズグロキハムシ,Gastrobrodina japonicus,ハムシ科,,イヌシデ,,,ハムシハンドブック,A,leafbeetle
セスジツツハムシ,Cryptocephalus parvulus,ハムシ科,,カンバ類、ヤナギ、ミズナラ,,,ハムシハンドブック,A,leafbeetle
セモンジンガサハムシ,Thlaspida cribrosa,ハムシ科,,ボタンヅル,,,ハムシハンドブック,A,leafbeetle
タバコノミハムシ,Epitrix hirtipennis,ハムシ科,,タバコナス科植物,,,ハムシハンドブック,A,leafbeetle
タマツツハムシ,Adiscus lewisii,ハムシ科,,クヌギ、コナラ、ヤマハギ,,,ハムシハンドブック,A,leafbeetle
ダイコンハムシ,Phaedon brassicae,ハムシ科,,アブラナ科野菜,,,ハムシハンドブック,A,leafbeetle
チビヒゲナガハムシ,Demotina decorata,ハムシ科,,コナラ,,,ハムシハンドブック,A,leafbeetle
チャバネツヤトビハムシ,Phygasia fulvipennis,ハムシ科,,カガイモ,,,ハムシハンドブック,A,leafbeetle
ツヤハムシ,Oomorphoides cupreatus,ハムシ科,,タラノキ,,,ハムシハンドブック,A,leafbeetle
トゲアシクビボソハムシ,Lema diversa,ハムシ科,,ツユクサ,,,ハムシハンドブック,A,leafbeetle
トホシハムシ,Linaeidea formosana,ハムシ科,,ヤマナラシ,,,ハムシハンドブック,A,leafbeetle
ナガトビハムシ,Liprus punctatostriatus,ハムシ科,,ギボウシ,,,ハムシハンドブック,A,leafbeetle
ナトビハムシ,Psylliodes punctifrons,ハムシ科,,アブラナ科植物,,,ハムシハンドブック,A,leafbeetle
ニレハムシ,Xanthogaleruca maculicollis,ハムシ科,ヒゲナガハムシ亜科,ニレ類、ケヤキ,4~10月,,ハムシハンドブック,A,hamushi
ニレハムシ (ニレウスバハムシ),Pyrrhalta maculicollis,ハムシ科,,ケヤキ,,,ハムシハンドブック,A,leafbeetle
ネクイハムシ,Donacia provostii,ハムシ科,,イネ科・カヤツリグサ科植物の根,,,ハムシハンドブック,A,leafbeetle
ハギツツハムシ,Pachybrachis eruditus,ハムシ科,,ハギ類、ヤナギ類,,,ハムシハンドブック,A,leafbeetle
ハッカハムシ,Chrysolina exanthematica,ハムシ科,,ハッカ,,,ハムシハンドブック,A,leafbeetle
ハラグロヒメハムシ,Calomicrus cyanipennis,ハムシ科,,キブシ,,,ハムシハンドブック,A,leafbeetle
ハンノキハムシ,Agelastica coerulea,ハムシ科,,ハンノキ,,,ハムシハンドブック,A,leafbeetle
バラルリツツハムシ,Cryptocephalus approximatus,ハムシ科,,イタドリ,,,ハムシハンドブック,A,leafbeetle
ヒゲナガガハムシ (サンタケダデハムシ),Pyrrhalta viburni,ハムシ科,,サクラ,,,ハムシハンドブック,A,leafbeetle
ヒゲナガマルノミハムシ,Hemipyxis hegenagae,ハムシ科,,テンニンソウ,,,ハムシハンドブック,A,leafbeetle
ヒゴトゲハムシ,Hispellinus moerens,ハムシ科,,ムラサキシキブ,,,ハムシハンドブック,A,leafbeetle
ヒサゴトビハムシ,Chaetocnema ingenua,ハムシ科,,メヒシバ,,,ハムシハンドブック,A,leafbeetle
ヒメカメノコハムシ,Laccoptera quadrimaculata,ハムシ科,,サツマイモ、アサガオ,,,ハムシハンドブック,A,leafbeetle
ヒメジンガサハムシ,Cassida fuscorufa,ハムシ科,,ヨモギ類,,,ハムシハンドブック,A,leafbeetle
フェモラータオオモモブトハムシ,Sagra femorata,ハムシ科,,クズ、ヒルガオ科、ヤブマメ、ノイバラ、ヤブコウジ,,,ハムシハンドブック,A,leafbeetle
フジハムシ,Medythia nigrobilineata,ハムシ科,,ダイズ,,,ハムシハンドブック,A,leafbeetle
フタホシオオノミハムシ,Pseudodera xanthospila,ハムシ科,,サルトリイバラ,,,ハムシハンドブック,A,leafbeetle
ブタクサハムシ,Ophraella communa,ハムシ科,,ブタクサ,,,ハムシハンドブック,A,leafbeetle
ブチヒゲケブカハムシ,Pyrrhalta annulicornis,ハムシ科,,ガマズミ,,,ハムシハンドブック,A,leafbeetle
ブドウサルハムシ,Bromius obscurus,ハムシ科,,ブドウ,,,ハムシハンドブック,A,leafbeetle
ヘリグロテントウノミハムシ,Argopistes coccinelliformis,ハムシ科,,ラズベリー、モクセイ、ヒイラギモクセイ、キンモクセイ、イボタ,,,ハムシハンドブック,A,leafbeetle
ホソハムシ,Syneta adamsi,ハムシ科,,記載なし,,,ハムシハンドブック,A,leafbeetle
ホタルハムシ,Monolepta dichroa,ハムシ科,,ヨモギ、ヨメナ、タデ類,,,ハムシハンドブック,A,leafbeetle
マダラアラゲサルハムシ,Demotina fasciculata,ハムシ科,,チャノキ,,,ハムシハンドブック,A,leafbeetle
ミドリカメノコハムシ,Cassida erudita,ハムシ科,,アキチョウジ、ヒメシロネ、カメバヒキオコシ、ウツボグサ,,,ハムシハンドブック,A,leafbeetle
ミヤマヒラタハムシ,Gastrolina peltoidea,ハムシ科,,クルミ、ヤシャブシ,,,ハムシハンドブック,A,leafbeetle
ムシクソハムシ,Chlamisus spilotus,ハムシ科,,ヤナギ類、サクラ、ミズキ、ウツギ類,,,ハムシハンドブック,A,leafbeetle
ムナグロツヤハムシ,Arthrotus niger,ハムシ科,,ハンノキ、ヤシャブシ、イタヤカエデ,,,ハムシハンドブック,A,leafbeetle
ムネアカアオサルハムシ,Pagria consimilis,ハムシ科,,クズ,,,ハムシハンドブック,A,leafbeetle
ムネアカサルハムシ,Basilepta ruficollis,ハムシ科,,クマイチゴ、クリ,,,ハムシハンドブック,A,leafbeetle
ヤツボシツツハムシ,Cryptocephalus japanus,ハムシ科,,イタドリ,,,ハムシハンドブック,A,leafbeetle
ヤナギドロノハムシ,Gonioctena (Gonioctena) nirogronotata,ハムシ科,,ヤナギの葉,,,ハムシハンドブック,A,leafbeetle
ヤナギハムシ,Chrysomela vigintipunctata,ハムシ科,,ヤナギ類,,,ハムシハンドブック,A,leafbeetle
ヤナギルリハムシ,Plagiodera versicolora,ハムシ科,,ヤナギ類,,,ハムシハンドブック,A,leafbeetle
ヨコグロケブカサルハムシ,Fidia pubicollis,ハムシ科,,ウメ,,,ハムシハンドブック,A,leafbeetle
ヨツボシツツハムシ,Cryptocephalus instabilis,ハムシ科,,ヤナギ類,,,ハムシハンドブック,A,leafbeetle
ヨツボシハムシ,Paridea quadriplagiata,ハムシ科,,シラヤマギク、ヨメナ,,,ハムシハンドブック,A,leafbeetle
ヨツモンクロツツハムシ,Cryptocephalus nobilis,ハムシ科,,クヌギ,,,ハムシハンドブック,A,leafbeetle
ヨツモンマメゾウムシ,Callosobruchus maculatus,ハムシ科,,ササゲ、アズキ,,,ハムシハンドブック,A,leafbeetle
ルイスクビナガハムシ,Lilioceris lewisi,ハムシ科,,マイヅルソウ、ナルコユリ,,,ハムシハンドブック,A,leafbeetle
ルリハムシ,Plagiosterna aenea,ハムシ科,,ハンノキ,,,ハムシハンドブック,A,leafbeetle
アイヌツツハムシ,Cryptocephalus (Asionus),ハムシ科,ツツハムシ亜科,不明,,,ハムシ目録データベース,B,hamushi
アオカメノコハムシ　対馬亜種,Cassida rubiginosa,ハムシ科,カメノコハムシ亜科,アザミ類,4~9月,,ハムシ目録データベース,B,hamushi
アオガネヒメサルハムシ,Nodina chalcosoma,ハムシ科,サルハムシ亜科,ブドウ、テリハノイバラ、ノボタン,6~7月,,ハムシ目録データベース,B,hamushi
アオチビツツハムシ,Melixanthus pumilio,ハムシ科,ツツハムシ亜科,不明,,,ハムシ目録データベース,B,hamushi
アオノネクイハムシ,Donacia (Donaciomima),ハムシ科,ネクイハムシ亜科,不明,,,ハムシ目録データベース,B,hamushi
アオバアシナガハムシ,Monolepta fulvicollis,ハムシ科,ヒゲナガハムシ亜科,不明,,,ハムシ目録データベース,B,hamushi
アオバドウガネトビハムシ,Chaetocnema (Tlanoma),ハムシ科,ヒゲナガハムシ亜科,不明,,,ハムシ目録データベース,B,hamushi
アオバネサルハムシ,Basilepta fulvipes,ハムシ科,サルハムシ亜科,ヨモギ,6~7月,,ハムシ目録データベース,B,hamushi
アオバノコヒゲハムシ,Sphenoraia intermedia,ハムシ科,ヒゲナガハムシ亜科,不明,,,ハムシ目録データベース,B,hamushi
アオバヒゲナガハムシ,Dercetina azumai,ハムシ科,ヒゲナガハムシ亜科,不明,,,ハムシ目録データベース,B,hamushi
アオバヒメハムシ,Epaenidea elegans,ハムシ科,ヒゲナガハムシ亜科,不明,,,ハムシ目録データベース,B,hamushi
アオバホソハムシ,Apophylia viridipennis,ハムシ科,ヒゲナガハムシ亜科,不明,,,ハムシ目録データベース,B,hamushi
アカアシナガトビハムシ,Longitarsus (Longitarsus),ハムシ科,ヒゲナガハムシ亜科,不明,,,ハムシ目録データベース,B,hamushi
アカイロマルノミハムシ,Argopus punctipennis,ハムシ科,ヒゲナガハムシ亜科,アザミ類,4~10月,,ハムシ目録データベース,B,hamushi
アカガネサルハムシ　吐噶喇亜種,Acrothinium gaschkevitchii,ハムシ科,サルハムシ亜科,ノブドウ、エビツル、ブドウ,4~7月,,ハムシ目録データベース,B,hamushi
アカガネサルハムシ　奄美亜種,Acrothinium gaschkevitchii,ハムシ科,サルハムシ亜科,ノブドウ、エビツル、ブドウ,4~7月,,ハムシ目録データベース,B,hamushi
アカガネサルハムシ　沖永良部島亜種,Acrothinium gaschkevitchii,ハムシ科,サルハムシ亜科,ノブドウ、エビツル、ブドウ,4~7月,,ハムシ目録データベース,B,hamushi
アカガネサルハムシ　沖縄亜種,Acrothinium gaschkevitchii,ハムシ科,サルハムシ亜科,ノブドウ、エビツル、ブドウ,4~7月,,ハムシ目録データベース,B,hamushi
アカガネトビハムシ,Hippuriphila babai,ハムシ科,ヒゲナガハムシ亜科,不明,,,ハムシ目録データベース,B,hamushi
アカガネネクイハムシ,Donacia (Donaciomima),ハムシ科,ネクイハムシ亜科,不明,,,ハムシ目録データベース,B,hamushi
アカクビボソハムシ,Lema (Lema),ハムシ科,クビボソハムシ亜科,ツユクサ,4~11月,,ハムシ目録データベース,B,hamushi
アカタデハムシ,Pyrrhalta semifulva,ハムシ科,ヒゲナガハムシ亜科,サクラ、トサミズキ,4~9月,,ハムシ目録データベース,B,hamushi
アカチャサルハムシ,Osnaparis nucea,ハムシ科,サルハムシ亜科,不明,,,ハムシ目録データベース,B,hamushi
アカバナカミナリハムシ,Altica oleracea,ハムシ科,ヒゲナガハムシ亜科,オオマツヨイグサ、ヤナギラン、アカバナ,3~11月,,ハムシ目録データベース,B,hamushi
アカバネタマノミハムシ,Sphaeroderma nigricolle,ハムシ科,ヒゲナガハムシ亜科,不明,,,ハムシ目録データベース,B,hamushi
アカヒラタカメノコハムシ,Notosacantha ihai,ハムシ科,カメノコハムシ亜科,不明,,,ハムシ目録データベース,B,hamushi
アカムネチビツツハムシ,Cryptocephalus (Burlinius),ハムシ科,ツツハムシ亜科,不明,,,ハムシ目録データベース,B,hamushi
アキミズクサハムシ,Plateumaris akiensis,ハムシ科,ネクイハムシ亜科,不明,,,ハムシ目録データベース,B,hamushi
アケビタマノミハムシ,Sphaeroderma akebia,ハムシ科,ヒゲナガハムシ亜科,不明,,,ハムシ目録データベース,B,hamushi
アサトビハムシ,Psylliodes (Psylliodes),ハムシ科,ヒゲナガハムシ亜科,不明,,,ハムシ目録データベース,B,hamushi
アザミカミナリハムシ,Altica cirsicola,ハムシ科,ヒゲナガハムシ亜科,不明,,,ハムシ目録データベース,B,hamushi
アザミナガツツハムシ,Smaragdina quadratomaculata,ハムシ科,ツツハムシ亜科,不明,,,ハムシ目録データベース,B,hamushi
アシボソネクイハムシ,Donacia (Donaciomima),ハムシ科,ネクイハムシ亜科,不明,,,ハムシ目録データベース,B,hamushi
アジサイカクムネトビハムシ,Neocrepidodera satoi,ハムシ科,ヒゲナガハムシ亜科,不明,,,ハムシ目録データベース,B,hamushi
アトスジヒメハムシ,Charaea costatum,ハムシ科,ヒゲナガハムシ亜科,不明,,,ハムシ目録データベース,B,hamushi
アマミアラハダトビハムシ,Trachytetra amamiana,ハムシ科,ヒゲナガハムシ亜科,不明,,,ハムシ目録データベース,B,hamushi
アマミウスバハムシ,Menippus issikii,ハムシ科,ヒゲナガハムシ亜科,不明,,,ハムシ目録データベース,B,hamushi
アマミカバイロハムシ,Gallerucida oshimana,ハムシ科,ヒゲナガハムシ亜科,不明,,,ハムシ目録データベース,B,hamushi
アマミキバラヒメハムシ,Taphinellina amamiensis,ハムシ科,ヒゲナガハムシ亜科,不明,,,ハムシ目録データベース,B,hamushi
アマミコダマトビハムシ,Ivalia kodama,ハムシ科,ヒゲナガハムシ亜科,不明,,,ハムシ目録データベース,B,hamushi
アマミコブハムシ,Chlamisus geniculatus,ハムシ科,ツツハムシ亜科,不明,,,ハムシ目録データベース,B,hamushi
アマミツブノミハムシ,Aphthona amamiana,ハムシ科,ヒゲナガハムシ亜科,不明,,,ハムシ目録データベース,B,hamushi
アマミホソトビハムシ,Luperomorpha amamiana,ハムシ科,ヒゲナガハムシ亜科,不明,,,ハムシ目録データベース,B,hamushi
アマミミドリサルハムシ,Colaspoides amamianus,ハムシ科,サルハムシ亜科,不明,,,ハムシ目録データベース,B,hamushi
アヤメツブノミハムシ,Aphthona interstitialis,ハムシ科,ヒゲナガハムシ亜科,ハナショウブ、シャガ、アヤメ類,4~9月,,ハムシ目録データベース,B,hamushi
アラゲサルハムシ,Demotina squamosa,ハムシ科,サルハムシ亜科,不明,,,ハムシ目録データベース,B,hamushi
アラハダトビハムシ,Trachytetra lewisi,ハムシ科,ヒゲナガハムシ亜科,不明,,,ハムシ目録データベース,B,hamushi
アラメカクムネトビハムシ,Neocrepidodera sublaevis,ハムシ科,ヒゲナガハムシ亜科,不明,,,ハムシ目録データベース,B,hamushi
アラメクビボソトビハムシ,Pseudoliprus nigritus,ハムシ科,ヒゲナガハムシ亜科,不明,,,ハムシ目録データベース,B,hamushi
アラメクビボソトビハムシ　伊豆諸島亜種,Pseudoliprus nigritus,ハムシ科,ヒゲナガハムシ亜科,不明,,,ハムシ目録データベース,B,hamushi
イカリアオカメノコハムシ,Cassida ferruginea,ハムシ科,カメノコハムシ亜科,不明,,,ハムシ目録データベース,B,hamushi
イカリヒメジンガサハムシ,Cassida sigillata,ハムシ科,カメノコハムシ亜科,不明,,,ハムシ目録データベース,B,hamushi
イクビルリハムシ,Cleorina aeneomicans,ハムシ科,サルハムシ亜科,不明,,,ハムシ目録データベース,B,hamushi
イシガキアシナガトビハムシ,Longitarsus (Longitarsus),ハムシ科,ヒゲナガハムシ亜科,不明,,,ハムシ目録データベース,B,hamushi
イタチハギマメゾウムシ,Acanthoscelides pallidipennis,ハムシ科,マメゾウムシ亜科,イタチハギ,不明,,ハムシ目録データベース,B,hamushi
イチゴカミナリハムシ,Altica fragariae,ハムシ科,ヒゲナガハムシ亜科,不明,,,ハムシ目録データベース,B,hamushi
イナイズミタマノミハムシ,Sphaeroderma inaizumii,ハムシ科,ヒゲナガハムシ亜科,不明,,,ハムシ目録データベース,B,hamushi
イヌノフグリトビハムシ,Longitarsus (Longitarsus),ハムシ科,ヒゲナガハムシ亜科,イヌノフグリ類,3~11月,,ハムシ目録データベース,B,hamushi
イネトゲハムシ,Dicladispa armigera,ハムシ科,カメノコハムシ亜科,不明,,,ハムシ目録データベース,B,hamushi
イネネクイハムシ,Donacia (Cyphogaster),ハムシ科,ネクイハムシ亜科,ジュンサイ、コウホネ、ヒルムシロ、ヒツジグサ、ヒシ、イネの根,5~11月,,ハムシ目録データベース,B,hamushi
イノコズチカメノコハムシ,Cassida japana,ハムシ科,カメノコハムシ亜科,イノコヅチ,4~10月,,ハムシ目録データベース,B,hamushi
イマサカアラゲサルハムシ,Demotina imasakai,ハムシ科,サルハムシ亜科,不明,,,ハムシ目録データベース,B,hamushi
イマサカアラハダトビハムシ,Trachytetra imasakai,ハムシ科,ヒゲナガハムシ亜科,不明,,,ハムシ目録データベース,B,hamushi
イマサカミドリサルハムシ,Colaspoides imasakai,ハムシ科,サルハムシ亜科,不明,,,ハムシ目録データベース,B,hamushi
イリオモテコダマトビハムシ,Ivalia hiranoi,ハムシ科,ヒゲナガハムシ亜科,不明,,,ハムシ目録データベース,B,hamushi
ウエツキブナハムシ,Chujoa uetsukii,ハムシ科,ヒゲナガハムシ亜科,ブナ,7~9月,,ハムシ目録データベース,B,hamushi
ウスアカヒメツツハムシ,Coenobius obscuripennis,ハムシ科,ツツハムシ亜科,不明,,,ハムシ目録データベース,B,hamushi
ウスイロマルノミハムシ,Argopus unicolor,ハムシ科,ヒゲナガハムシ亜科,不明,,,ハムシ目録データベース,B,hamushi
ウスグロスジツツハムシ,Cryptocephalus (Burlinius),ハムシ科,ツツハムシ亜科,不明,,,ハムシ目録データベース,B,hamushi
ウスグロタマノミハムシ,Sphaeroderma obscurum,ハムシ科,ヒゲナガハムシ亜科,不明,,,ハムシ目録データベース,B,hamushi
ウスグロチビカミナリハムシ,Lesagealtica flavicornis,ハムシ科,ヒゲナガハムシ亜科,不明,,,ハムシ目録データベース,B,hamushi
ウスグロヒメツツハムシ,Coenobius nigrocastaneus,ハムシ科,ツツハムシ亜科,不明,,,ハムシ目録データベース,B,hamushi
ウミベヒサゴトビハムシ,Chaetocnema (Udorpes),ハムシ科,ヒゲナガハムシ亜科,不明,,,ハムシ目録データベース,B,hamushi
ウリハムシモドキ,Atrachya menetriesi,ハムシ科,ヒゲナガハムシ亜科,マメ科植物,5~10月,,ハムシ目録データベース,B,hamushi
エグリバケブカハムシ,Pyrrhalta esakii,ハムシ科,ヒゲナガハムシ亜科,不明,,,ハムシ目録データベース,B,hamushi
エグリヒゲブトコマルトビハムシ,Clavicornaltica nakanoi,ハムシ科,ヒゲナガハムシ亜科,不明,,,ハムシ目録データベース,B,hamushi
エジマツツハムシ,Cryptocephalus (Burlinius),ハムシ科,ツツハムシ亜科,不明,,,ハムシ目録データベース,B,hamushi
エンドウゾウムシ,Bruchus pisorum,ハムシ科,マメゾウムシ亜科,エンドウ,年1回発生,,ハムシ目録データベース,B,hamushi
オオアカマルノミハムシ,Argopus clypeatus,ハムシ科,ヒゲナガハムシ亜科,不明,,,ハムシ目録データベース,B,hamushi
オオアシナガトビハムシ,Longitarsus (Longitarsus),ハムシ科,ヒゲナガハムシ亜科,不明,,,ハムシ目録データベース,B,hamushi
オオアラゲサルハムシ,Demotina major,ハムシ科,サルハムシ亜科,不明,,,ハムシ目録データベース,B,hamushi
オオキイロノミハムシ,Neocrepidodera obscuritarsis,ハムシ科,ヒゲナガハムシ亜科,ミゾソバ、オオバコ類,6~10月,,ハムシ目録データベース,B,hamushi
オオクラヒゲナガハムシ,Galerucella (Galerucella),ハムシ科,ヒゲナガハムシ亜科,不明,,,ハムシ目録データベース,B,hamushi
オオサクラケブカハムシ,Pyrrhalta takeii,ハムシ科,ヒゲナガハムシ亜科,不明,,,ハムシ目録データベース,B,hamushi
オオネクイハムシ,Plateumaris constricticollis,ハムシ科,ネクイハムシ亜科,不明,,,ハムシ目録データベース,B,hamushi
オオネクイハムシ　亜種,Plateumaris constricticollis,ハムシ科,ネクイハムシ亜科,不明,,,ハムシ目録データベース,B,hamushi
オオネクイハムシ　信濃亜種,Plateumaris constricticollis,ハムシ科,ネクイハムシ亜科,不明,,,ハムシ目録データベース,B,hamushi
オオバコアシナガトビハムシ,Longitarsus (Longitarsus),ハムシ科,ヒゲナガハムシ亜科,不明,,,ハムシ目録データベース,B,hamushi
オオヒサゴトビハムシ,Chaetocnema (Tlanoma),ハムシ科,ヒゲナガハムシ亜科,不明,,,ハムシ目録データベース,B,hamushi
オオミドリサルハムシ,Platycorynus japonicus,ハムシ科,サルハムシ亜科,リュウキュウテイカカズラ,3~7月,,ハムシ目録データベース,B,hamushi
オオミドリサルハムシ　沖永良部島亜種,Platycorynus japonicus,ハムシ科,サルハムシ亜科,リュウキュウテイカカズラ,3~7月,,ハムシ目録データベース,B,hamushi
オオルリヒメハムシ,Taphinellina nobyi,ハムシ科,ヒゲナガハムシ亜科,不明,,,ハムシ目録データベース,B,hamushi
オカボヒサゴトビハムシ,Chaetocnema (Chaetocnema),ハムシ科,ヒゲナガハムシ亜科,不明,,,ハムシ目録データベース,B,hamushi
オガタマンマルトビハムシ,Cangshanaltica ogatai,ハムシ科,ヒゲナガハムシ亜科,不明,,,ハムシ目録データベース,B,hamushi
オキナワアオバホソハムシ,Apophylia elongata,ハムシ科,ヒゲナガハムシ亜科,不明,,,ハムシ目録データベース,B,hamushi
オキナワアシナガトビハムシ,Aphthona albescens,ハムシ科,ヒゲナガハムシ亜科,不明,,,ハムシ目録データベース,B,hamushi
オキナワアラハダトビハムシ,Trachytetra okinawana,ハムシ科,ヒゲナガハムシ亜科,不明,,,ハムシ目録データベース,B,hamushi
オキナワイチモンジハムシ,Morphosphaera caerulea,ハムシ科,ヒゲナガハムシ亜科,不明,,,ハムシ目録データベース,B,hamushi
オキナワイモサルハムシ,Colasposoma viridicoeruleum,ハムシ科,サルハムシ亜科,不明,,,ハムシ目録データベース,B,hamushi
オキナワウスバハムシ,Menippus doeberli,ハムシ科,ヒゲナガハムシ亜科,不明,,,ハムシ目録データベース,B,hamushi
オキナワセスジトビハムシ,Lipromela okinawana,ハムシ科,ヒゲナガハムシ亜科,不明,,,ハムシ目録データベース,B,hamushi
オキナワツヤハムシ,Oomorphoides okinawensis,ハムシ科,ツヤハムシ亜科,不明,,,ハムシ目録データベース,B,hamushi
オキナワトビサルハムシ,Trichochrysea okinawana,ハムシ科,サルハムシ亜科,不明,,,ハムシ目録データベース,B,hamushi
オキナワトビサルハムシ　九州亜種,Trichochrysea okinawana,ハムシ科,サルハムシ亜科,不明,,,ハムシ目録データベース,B,hamushi
オキナワヒメナガハムシ,Cerophysa miyatakei,ハムシ科,ヒゲナガハムシ亜科,不明,,,ハムシ目録データベース,B,hamushi
オキナワホソヒラタハムシ,Agonita omoro,ハムシ科,カメノコハムシ亜科,不明,,,ハムシ目録データベース,B,hamushi
オキナワミドリサルハムシ,Colaspoides okinawanus,ハムシ科,サルハムシ亜科,不明,,,ハムシ目録データベース,B,hamushi
オキノエラブクビボソトビハムシ,Lipromorpha inexpectata,ハムシ科,ヒゲナガハムシ亜科,不明,,,ハムシ目録データベース,B,hamushi
オゼタデハムシ,Galerucella (Galerucella),ハムシ科,ヒゲナガハムシ亜科,不明,,,ハムシ目録データベース,B,hamushi
カエデハムシ,Xanthogaleruca seminigra,ハムシ科,ヒゲナガハムシ亜科,不明,,,ハムシ目録データベース,B,hamushi
カクバネアシナガトビハムシ,Longitarsus (Longitarsus),ハムシ科,ヒゲナガハムシ亜科,不明,,,ハムシ目録データベース,B,hamushi
カクムネアシナガトビハムシ,Longitarsus (Longitarsus),ハムシ科,ヒゲナガハムシ亜科,不明,,,ハムシ目録データベース,B,hamushi
カクムネチビトビハムシ,Neocrepidodera recticollis,ハムシ科,ヒゲナガハムシ亜科,不明,,,ハムシ目録データベース,B,hamushi
カクムネヒゲナガハムシ,Cerophysella basalis,ハムシ科,ヒゲナガハムシ亜科,不明,,,ハムシ目録データベース,B,hamushi
カサハラハムシ,Demotina modesta,ハムシ科,サルハムシ亜科,ナラ類、クヌギ、コジイ,4~9月,,ハムシ目録データベース,B,hamushi
カサハラミドリサルハムシ,Colaspoides kasaharai,ハムシ科,サルハムシ亜科,不明,,,ハムシ目録データベース,B,hamushi
カシワコブハムシ,Chlamisus consimilis,ハムシ科,ツツハムシ亜科,不明,,,ハムシ目録データベース,B,hamushi
カシワツツハムシ,Cryptocephalus (Cryptocephalus),ハムシ科,ツツハムシ亜科,コナラ、カシワ,5~9月,,ハムシ目録データベース,B,hamushi
カタクリハムシ,Sangariola punctatostriata,ハムシ科,ヒゲナガハムシ亜科,オニユリ、オオウバユリ、ホトトギス類,4~6月,,ハムシ目録データベース,B,hamushi
カタバミトビハムシ,Mantura (Mantura),ハムシ科,ヒゲナガハムシ亜科,不明,,,ハムシ目録データベース,B,hamushi
カツラネクイハムシ,Donacia (Donaciomima),ハムシ科,ネクイハムシ亜科,不明,,,ハムシ目録データベース,B,hamushi
カバノキハムシ,Syneta adamsi,ハムシ科,ホソハムシ亜科,カンバ、シデ、ブナ,4~9月,,ハムシ目録データベース,B,hamushi
カミナリハムシ,Altica aenea,ハムシ科,ヒゲナガハムシ亜科,チョウジダデ、オオマツヨイグサ,5~11月,,ハムシ目録データベース,B,hamushi
カラタチトビハムシ,Podagricomela weisei,ハムシ科,ヒゲナガハムシ亜科,カラタチ,4~6月(?),,ハムシ目録データベース,B,hamushi
カラフトツツハムシ,Cryptocephalus (Cryptocephalus),ハムシ科,ツツハムシ亜科,不明,,,ハムシ目録データベース,B,hamushi
カワシマケブカハムシ,Pyrrhalta kawashimai,ハムシ科,ヒゲナガハムシ亜科,不明,,,ハムシ目録データベース,B,hamushi
カワリコダマトビハムシ,Ivalia variabilis,ハムシ科,ヒゲナガハムシ亜科,不明,,,ハムシ目録データベース,B,hamushi
カワリヒゲブトノミハムシ,Nonarthra amamiana,ハムシ科,ヒゲナガハムシ亜科,不明,,,ハムシ目録データベース,B,hamushi
カンミヤヒサゴトビハムシ,Chaetocnema (Tlanoma),ハムシ科,ヒゲナガハムシ亜科,不明,,,ハムシ目録データベース,B,hamushi
ガガブタネクイハムシ,Donacia (Cyphogaster),ハムシ科,ネクイハムシ亜科,不明,,,ハムシ目録データベース,B,hamushi
キアシキスジノミハムシ,Phyllotreta ochripes,ハムシ科,ヒゲナガハムシ亜科,不明,,,ハムシ目録データベース,B,hamushi
キアシクビボソハムシ,Oulema (Oulema),ハムシ科,クビボソハムシ亜科,不明,,,ハムシ目録データベース,B,hamushi
キアシチビツツハムシ,Cryptocephalus (Burlinius),ハムシ科,ツツハムシ亜科,不明,,,ハムシ目録データベース,B,hamushi
キアシツブノミハムシ1,Aphthona erichsoni,ハムシ科,ヒゲナガハムシ亜科,不明,,,ハムシ目録データベース,B,hamushi
キアシツブノミハムシ2,Aphthona semiviridis,ハムシ科,ヒゲナガハムシ亜科,不明,,,ハムシ目録データベース,B,hamushi
キアシネクイハムシ,Donacia (Donaciomima),ハムシ科,ネクイハムシ亜科,不明,,,ハムシ目録データベース,B,hamushi
キアシノミハムシ,Luperomorpha tenebrosa,ハムシ科,ヒゲナガハムシ亜科,不明,,,ハムシ目録データベース,B,hamushi
キアシルリツツハムシ,Cryptocephalus (Cryptocephalus),ハムシ科,ツツハムシ亜科,不明,,,ハムシ目録データベース,B,hamushi
キイチゴトビハムシ,Chaetocnema (Tlanoma),ハムシ科,ヒゲナガハムシ亜科,不明,,,ハムシ目録データベース,B,hamushi
キイチゴヒサゴトビハムシ,Chaetocnema (Chaetocnema),ハムシ科,ヒゲナガハムシ亜科,不明,,,ハムシ目録データベース,B,hamushi
キイロカメノコハムシ,Cassida concha,ハムシ科,カメノコハムシ亜科,不明,,,ハムシ目録データベース,B,hamushi
キイロクワハムシ,Monolepta pallidula,ハムシ科,ヒゲナガハムシ亜科,柑橘類、クヌギ、ミズナラ、ハイビスカス、ポンカン類,7~10月,,ハムシ目録データベース,B,hamushi
キイロケナガトビハムシ,Orthaltica okinawana,ハムシ科,ヒゲナガハムシ亜科,不明,,,ハムシ目録データベース,B,hamushi
キイロセダカトビハムシ,Lanka fulva,ハムシ科,ヒゲナガハムシ亜科,不明,,,ハムシ目録データベース,B,hamushi
キイロタマノミハムシ,Sphaeroderma unicolor,ハムシ科,ヒゲナガハムシ亜科,センニンソウ,4~9月,,ハムシ目録データベース,B,hamushi
キイロチビトビハムシ,Neocrepidodera takara,ハムシ科,ヒゲナガハムシ亜科,不明,,,ハムシ目録データベース,B,hamushi
キイロツブノミハムシ,Aphthona abdominalis,ハムシ科,ヒゲナガハムシ亜科,不明,,,ハムシ目録データベース,B,hamushi
キイロナガスネトビハムシ,Psylliodes (Semicnema),ハムシ科,ヒゲナガハムシ亜科,不明,,,ハムシ目録データベース,B,hamushi
キイロナガツツハムシ,Smaragdina nipponensis,ハムシ科,ツツハムシ亜科,エノキ、ミズキ、イヌシデ、クリ、クヌギ、コナラ,4~6月,,ハムシ目録データベース,B,hamushi
キイロネクイハムシ,Macroplea japana,ハムシ科,ネクイハムシ亜科,不明,,,ハムシ目録データベース,B,hamushi
キイロヒメハムシ,Epiluperodes ryukyuana,ハムシ科,ヒゲナガハムシ亜科,不明,,,ハムシ目録データベース,B,hamushi
キイロヒラタカメノコハムシ,Notosacantha nishiyamai,ハムシ科,カメノコハムシ亜科,不明,,,ハムシ目録データベース,B,hamushi
キイロマメトビハムシ,Bikasha simplicithorax,ハムシ科,ヒゲナガハムシ亜科,不明,,,ハムシ目録データベース,B,hamushi
キイロミゾアシノミハムシ,Hemipyxis foveolata,ハムシ科,ヒゲナガハムシ亜科,不明,,,ハムシ目録データベース,B,hamushi
キイロミゾアシノミハムシ　宮古島亜種,Hemipyxis foveolata,ハムシ科,ヒゲナガハムシ亜科,不明,,,ハムシ目録データベース,B,hamushi
キオビクビボソハムシ,Lema (Lema),ハムシ科,クビボソハムシ亜科,不明,,,ハムシ目録データベース,B,hamushi
キカサハラハムシ,Xanthonia placida,ハムシ科,サルハムシ亜科,クワ、ヤマグワ,6~8月,,ハムシ目録データベース,B,hamushi
キクビアオハムシ,Agelasa nigriceps,ハムシ科,ヒゲナガハムシ亜科,サルナシ、オオバアサガラ、枯れ葉（幼虫）,4~5月、8月(山地では6~7月、9~10月),,ハムシ目録データベース,B,hamushi
キスジツツハムシ,Cryptocephalus (Cryptocephalus),ハムシ科,ツツハムシ亜科,不明,,,ハムシ目録データベース,B,hamushi
キセスジハムシ,Haplosomoides miyamotoi,ハムシ科,ヒゲナガハムシ亜科,不明,,,ハムシ目録データベース,B,hamushi
キタカミナリハムシ,Altica japonica,ハムシ科,ヒゲナガハムシ亜科,不明,,,ハムシ目録データベース,B,hamushi
キタキイロネクイハムシ,Macroplea mutica,ハムシ科,ネクイハムシ亜科,不明,,,ハムシ目録データベース,B,hamushi
キタヒラタネクイハムシ,Donacia (Donaciomima),ハムシ科,ネクイハムシ亜科,不明,,,ハムシ目録データベース,B,hamushi
キタヒラタネクイハムシ 本州亜種,Donacia (Donaciomima),ハムシ科,ネクイハムシ亜科,不明,,,ハムシ目録データベース,B,hamushi
キヌツヤミズクサハムシ,Plateumaris sericea,ハムシ科,ネクイハムシ亜科,スゲ類、ハリイ類、各種の花,4~9月,,ハムシ目録データベース,B,hamushi
キバラヒメハムシ,Taphinellina flaviventris,ハムシ科,ヒゲナガハムシ亜科,クリ、ノリウツギを訪花,5~9月,,ハムシ目録データベース,B,hamushi
キバラマルノミハムシ,Hemipyxis flaviabdominalis,ハムシ科,ヒゲナガハムシ亜科,不明,,,ハムシ目録データベース,B,hamushi
キベリハムシ,Oides bowringii,ハムシ科,ヒゲナガハムシ亜科,ビナンカズラ,6~8月,,ハムシ目録データベース,B,hamushi
キベリヒラタノミハムシ,Hemipyxis cinctipennis,ハムシ科,ヒゲナガハムシ亜科,不明,,,ハムシ目録データベース,B,hamushi
キベリヒラタノミハムシ　沖縄本島亜種,Hemipyxis cinctipennis,ハムシ科,ヒゲナガハムシ亜科,不明,,,ハムシ目録データベース,B,hamushi
キボシツツハムシ　与那国島亜種,Cryptocephalus (Cryptocephalus),ハムシ科,ツツハムシ亜科,不明,,,ハムシ目録データベース,B,hamushi
キボシツツハムシ　宮古島亜種,Cryptocephalus (Cryptocephalus),ハムシ科,ツツハムシ亜科,不明,,,ハムシ目録データベース,B,hamushi
キボシツツハムシ　琉球亜種,Cryptocephalus (Cryptocephalus),ハムシ科,ツツハムシ亜科,不明,,,ハムシ目録データベース,B,hamushi
キボシルリハムシ,Smaragdina aurita,ハムシ科,ツツハムシ亜科,カンバ、ヤナギ、ハギ,4~6月(山地では6~8月),,ハムシ目録データベース,B,hamushi
キムネアオハムシ,Cneorane elegans,ハムシ科,ヒゲナガハムシ亜科,不明,,,ハムシ目録データベース,B,hamushi
キモトツツハムシ,Cryptocephalus (Burlinius),ハムシ科,ツツハムシ亜科,不明,,,ハムシ目録データベース,B,hamushi
キモンタマノミハムシ,Sphaeroderma flavonotatum,ハムシ科,ヒゲナガハムシ亜科,不明,,,ハムシ目録データベース,B,hamushi
キュウシュウグミトビハムシ,Zipanginia bungoensis,ハムシ科,ヒゲナガハムシ亜科,不明,,,ハムシ目録データベース,B,hamushi
キョウトマメゾウムシ,Acanthoscelides griseolus,ハムシ科,マメゾウムシ亜科,不明,,,ハムシ目録データベース,B,hamushi
キンリョクヒゲナガハムシ,Theopea aureoviridis,ハムシ科,ヒゲナガハムシ亜科,不明,,,ハムシ目録データベース,B,hamushi
クガイソウアシナガトビハムシ,Longitarsus (Longitarsus),ハムシ科,ヒゲナガハムシ亜科,不明,,,ハムシ目録データベース,B,hamushi
クサイチゴトビハムシ,Chaetocnema (Tlanoma),ハムシ科,ヒゲナガハムシ亜科,不明,,,ハムシ目録データベース,B,hamushi
クサレダマハムシ,Neocrepidodera sibirica,ハムシ科,ヒゲナガハムシ亜科,不明,,,ハムシ目録データベース,B,hamushi
クシバアラゲサルハムシ,Demotina serriventris,ハムシ科,サルハムシ亜科,不明,,,ハムシ目録データベース,B,hamushi
クズクビボソハムシ,Lema (Lema),ハムシ科,クビボソハムシ亜科,不明,,,ハムシ目録データベース,B,hamushi
クビアカクビボソハムシ,Oulema (Oulema),ハムシ科,クビボソハムシ亜科,不明,,,ハムシ目録データベース,B,hamushi
クビアカトビハムシ,Luperomorpha pryeri,ハムシ科,ヒゲナガハムシ亜科,サンショウ、イヌザンショウ,7~8月,,ハムシ目録データベース,B,hamushi
クビボソトビハムシ,Pseudoliprus hirtus,ハムシ科,ヒゲナガハムシ亜科,ノブドウ、ヤマブドウ、エビヅル,5~8月,,ハムシ目録データベース,B,hamushi
クラウスチビサルハムシ,Nodina kraussi,ハムシ科,サルハムシ亜科,不明,,,ハムシ目録データベース,B,hamushi
クラークマルノミハムシ,Argopus clarki,ハムシ科,ヒゲナガハムシ亜科,不明,,,ハムシ目録データベース,B,hamushi
クロアシタマノミハムシ,Sphaeroderma kuroashi,ハムシ科,ヒゲナガハムシ亜科,不明,,,ハムシ目録データベース,B,hamushi
クロアシハラグリハムシ,Euliroetis nigripes,ハムシ科,ヒゲナガハムシ亜科,不明,,,ハムシ目録データベース,B,hamushi
クロアシヒメツツハムシ,Coenobius piceipes,ハムシ科,ツツハムシ亜科,不明,,,ハムシ目録データベース,B,hamushi
クロアラハダトビハムシ,Trachytetra nigrita,ハムシ科,ヒゲナガハムシ亜科,不明,,,ハムシ目録データベース,B,hamushi
クロウスバハムシ,Luperus moorii,ハムシ科,ヒゲナガハムシ亜科,不明,,,ハムシ目録データベース,B,hamushi
クロウリハムシ,Aulacophora nigripennis,ハムシ科,ヒゲナガハムシ亜科,ウリ類,4~10月,,ハムシ目録データベース,B,hamushi
クロウリハムシ　伊豆諸島亜種,Aulacophora nigripennis,ハムシ科,ヒゲナガハムシ亜科,ウリ類,4~10月,,ハムシ目録データベース,B,hamushi
クロウリハムシ　奄美沖縄亜種,Aulacophora nigripennis,ハムシ科,ヒゲナガハムシ亜科,ウリ類,4~10月,,ハムシ目録データベース,B,hamushi
クロオビカサハラハムシ,Demotina fasciata,ハムシ科,サルハムシ亜科,カシワ類,3~10月,,ハムシ目録データベース,B,hamushi
クロオビツツハムシ,Physosmaragdina nigrifrons,ハムシ科,ツツハムシ亜科,イタドリ、マルバハギ、ナツフジ,5~10月,,ハムシ目録データベース,B,hamushi
クロカクムネトビハムシ,Neocrepidodera komatsui,ハムシ科,ヒゲナガハムシ亜科,不明,,,ハムシ目録データベース,B,hamushi
クロカミナリハムシ,Altica sanguisorbae,ハムシ科,ヒゲナガハムシ亜科,不明,,,ハムシ目録データベース,B,hamushi
クロカメノコハムシ,Cassida mongolica,ハムシ科,カメノコハムシ亜科,不明,,,ハムシ目録データベース,B,hamushi
クロガネネクイハムシ,Donacia (Donaciomima),ハムシ科,ネクイハムシ亜科,不明,,,ハムシ目録データベース,B,hamushi
クロコトビハムシ,Manobia parvula,ハムシ科,ヒゲナガハムシ亜科,エノキグサの1種、コニシキソウ,4~10月,,ハムシ目録データベース,B,hamushi
クロサワカミナリハムシ,Altica kurosawai,ハムシ科,ヒゲナガハムシ亜科,不明,,,ハムシ目録データベース,B,hamushi
クロサワクビボソトビハムシ,Pseudoliprus kurosawai,ハムシ科,ヒゲナガハムシ亜科,不明,,,ハムシ目録データベース,B,hamushi
クロサワツブノミハムシ,Aphthona kurosawai,ハムシ科,ヒゲナガハムシ亜科,不明,,,ハムシ目録データベース,B,hamushi
クロスジカメノコハムシ,Cassida lineola,ハムシ科,カメノコハムシ亜科,不明,,,ハムシ目録データベース,B,hamushi
クロセスジハムシ,Japonitata nigrita,ハムシ科,ヒゲナガハムシ亜科,不明,,,ハムシ目録データベース,B,hamushi
クロタマノミハムシ,Sphaeroderma atrum,ハムシ科,ヒゲナガハムシ亜科,不明,,,ハムシ目録データベース,B,hamushi
クロテントウノミハムシ,Argopistes unicolor,ハムシ科,ヒゲナガハムシ亜科,不明,,,ハムシ目録データベース,B,hamushi
クロトゲハムシ,Hispellinus moerens,ハムシ科,カメノコハムシ亜科,不明,,,ハムシ目録データベース,B,hamushi
クロバネマルノミハムシ,Argopus nigripennis,ハムシ科,ヒゲナガハムシ亜科,不明,,,ハムシ目録データベース,B,hamushi
クロバハラグリハムシ,Euliroetis abdominalis,ハムシ科,ヒゲナガハムシ亜科,ダイズ,5~6月,,ハムシ目録データベース,B,hamushi
クロバヒゲナガハムシ,Cerophysa tibialis,ハムシ科,ヒゲナガハムシ亜科,ハンノキ類,6~8月,,ハムシ目録データベース,B,hamushi
クロヒゲアラハダトビハムシ,Trachytetra nigricornis,ハムシ科,ヒゲナガハムシ亜科,不明,,,ハムシ目録データベース,B,hamushi
クロヒメツツハムシ,Coenobius piceus,ハムシ科,ツツハムシ亜科,不明,,,ハムシ目録データベース,B,hamushi
クロヘリウスチャハムシ,Xanthogaleruca nigromarginata,ハムシ科,ヒゲナガハムシ亜科,不明,,,ハムシ目録データベース,B,hamushi
クロボシトビハムシ,Longitarsus (Longitarsus),ハムシ科,ヒゲナガハムシ亜科,ネズミモチ類、イボタ,4~11月,,ハムシ目録データベース,B,hamushi
クロマダラカメノコハムシ,Glyphocassis spilota,ハムシ科,カメノコハムシ亜科,不明,,,ハムシ目録データベース,B,hamushi
クロモンマメゾウムシ,Sennius lebasi,ハムシ科,マメゾウムシ亜科,不明,,,ハムシ目録データベース,B,hamushi
クロルリトゲハムシ,Rhadinosa nigrocyanea,ハムシ科,カメノコハムシ亜科,ススキ,5~11月,,ハムシ目録データベース,B,hamushi
クワハムシ,Fleutiauxia armata,ハムシ科,ヒゲナガハムシ亜科,クワ、コウゾ、ヤマノイモ、クリ、フジ、ヤマノイモ類,3~8月,,ハムシ目録データベース,B,hamushi
ケシタマノミハムシ,Manobia aoshimense,ハムシ科,ヒゲナガハムシ亜科,不明,,,ハムシ目録データベース,B,hamushi
ケナガトビハムシ,Orthaltica shirozui,ハムシ科,ヒゲナガハムシ亜科,不明,,,ハムシ目録データベース,B,hamushi
ケブカクロナガハムシ,Hesperomorpha hirsuta,ハムシ科,ヒゲナガハムシ亜科,ミズナラ、コナラ,4~7月,,ハムシ目録データベース,B,hamushi
ケブカサルハムシ,Fidia lewisi,ハムシ科,サルハムシ亜科,不明,,,ハムシ目録データベース,B,hamushi
ケラマヒメハムシ,Epaenidea reoi,ハムシ科,ヒゲナガハムシ亜科,不明,,,ハムシ目録データベース,B,hamushi
コアラゲサルハムシ,Demotina aurosquama,ハムシ科,サルハムシ亜科,不明,,,ハムシ目録データベース,B,hamushi
コウホネネクイハムシ,Donacia (Donacia),ハムシ科,ネクイハムシ亜科,不明,,,ハムシ目録データベース,B,hamushi
コカミナリハムシ,Altica viridicyanea,ハムシ科,ヒゲナガハムシ亜科,不明,,,ハムシ目録データベース,B,hamushi
コガタカメノコハムシ,Cassida vespertina,ハムシ科,カメノコハムシ亜科,ボタンヅル,4~10月,,ハムシ目録データベース,B,hamushi
コクロアシナガトビハムシ,Longitarsus (Longitarsus),ハムシ科,ヒゲナガハムシ亜科,不明,,,ハムシ目録データベース,B,hamushi
コゲチャアラハダトビハムシ,Trachytetra collaris,ハムシ科,ヒゲナガハムシ亜科,不明,,,ハムシ目録データベース,B,hamushi
コナスビトビハムシ,Lythraria komiyamai,ハムシ科,ヒゲナガハムシ亜科,不明,,,ハムシ目録データベース,B,hamushi
コニシケブカハムシ,Pyrrhalta konishii,ハムシ科,ヒゲナガハムシ亜科,不明,,,ハムシ目録データベース,B,hamushi
コバンマメトビハムシ,Bikasha nipponica,ハムシ科,ヒゲナガハムシ亜科,不明,,,ハムシ目録データベース,B,hamushi
コブアシトビハムシ,Hyphasis inconstans,ハムシ科,ヒゲナガハムシ亜科,不明,,,ハムシ目録データベース,B,hamushi
コブアラゲサルハムシ,Demotina tuberosa,ハムシ科,サルハムシ亜科,不明,,,ハムシ目録データベース,B,hamushi
コマルノミハムシ,Nonarthra tibialis,ハムシ科,ヒゲナガハムシ亜科,リョウブ、ヒメジョオン、ノイバラ、イタドリの花,5~10月,,ハムシ目録データベース,B,hamushi
コミヤアシナガトビハムシ,Longitarsus (Longitarsus),ハムシ科,ヒゲナガハムシ亜科,不明,,,ハムシ目録データベース,B,hamushi
コミヤカミナリハムシ,Altica komiyai,ハムシ科,ヒゲナガハムシ亜科,不明,,,ハムシ目録データベース,B,hamushi
コミヤクビボソトビハムシ,Pseudoliprus komiyai,ハムシ科,ヒゲナガハムシ亜科,不明,,,ハムシ目録データベース,B,hamushi
コモンアシナガハムシ,Monolepta chujoi,ハムシ科,ヒゲナガハムシ亜科,不明,,,ハムシ目録データベース,B,hamushi
コヤツボシツツハムシ,Cryptocephalus (Cryptocephalus),ハムシ科,ツツハムシ亜科,ヤナギ類、ハンノキ、ハギ類、ズミ,4~5月(山地では6~8月),,ハムシ目録データベース,B,hamushi
ゴマダラジンガサハムシ,Aspidimorpha (Aspidimorpha),ハムシ科,カメノコハムシ亜科,不明,,,ハムシ目録データベース,B,hamushi
サキシマアシナガハムシ,Monolepta sakishimana,ハムシ科,ヒゲナガハムシ亜科,不明,,,ハムシ目録データベース,B,hamushi
サキシマウスバハムシ,Menippus sakishimanus,ハムシ科,ヒゲナガハムシ亜科,不明,,,ハムシ目録データベース,B,hamushi
サキシマクビボソトビハムシ,Lipromorpha sakishimana,ハムシ科,ヒゲナガハムシ亜科,不明,,,ハムシ目録データベース,B,hamushi
サキシマグミトビハムシ,Zipanginia sakishimana,ハムシ科,ヒゲナガハムシ亜科,不明,,,ハムシ目録データベース,B,hamushi
サキシマコトビハムシ,Manobia gressitti,ハムシ科,ヒゲナガハムシ亜科,不明,,,ハムシ目録データベース,B,hamushi
サキシマツヤハムシ,Oomorphoides sakishimanus,ハムシ科,ツヤハムシ亜科,不明,,,ハムシ目録データベース,B,hamushi
サキシマトビサルハムシ,Trichochrysea sakishimana,ハムシ科,サルハムシ亜科,不明,,,ハムシ目録データベース,B,hamushi
サキシマヒゲブトコマルトビハムシ,Clavicornaltica sakishimana,ハムシ科,ヒゲナガハムシ亜科,不明,,,ハムシ目録データベース,B,hamushi
サキシマホソトビハムシ,Luperomorpha sakishimana,ハムシ科,ヒゲナガハムシ亜科,不明,,,ハムシ目録データベース,B,hamushi
ササカワアラゲサルハムシ,Demotina sasakawai,ハムシ科,サルハムシ亜科,不明,,,ハムシ目録データベース,B,hamushi
ササキクビボソハムシ,Lema (Lema),ハムシ科,クビボソハムシ亜科,不明,,,ハムシ目録データベース,B,hamushi
サシゲトビハムシ,Lipromima minuta,ハムシ科,ヒゲナガハムシ亜科,ヌルデ,4~10月,,ハムシ目録データベース,B,hamushi
サツマイモヒサゴトビハムシ,Chaetocnema (Tlanoma),ハムシ科,ヒゲナガハムシ亜科,不明,,,ハムシ目録データベース,B,hamushi
サメハダツブノミハムシ,Aphthona strigosa,ハムシ科,ヒゲナガハムシ亜科,アカメガシワ,4~10月,,ハムシ目録データベース,B,hamushi
ザウターチビサルハムシ,Nodina sauteri,ハムシ科,サルハムシ亜科,不明,,,ハムシ目録データベース,B,hamushi
ザウテルマメゾウムシ,Sulcobruchus sauteri,ハムシ科,マメゾウムシ亜科,不明,,,ハムシ目録データベース,B,hamushi
シイサルハムシ,Basilepta varicolor,ハムシ科,サルハムシ亜科,不明,,,ハムシ目録データベース,B,hamushi
シコクグミトビハムシ,Zipanginia tosana,ハムシ科,ヒゲナガハムシ亜科,不明,,,ハムシ目録データベース,B,hamushi
シャシャンポサルハムシ,Colaspoides fulvus,ハムシ科,サルハムシ亜科,不明,,,ハムシ目録データベース,B,hamushi
シャープマメゾウムシ,Kytorhinus senilis,ハムシ科,マメゾウムシ亜科,不明,,,ハムシ目録データベース,B,hamushi
シラハタキスジノミハムシ,Phyllotreta shirahatai,ハムシ科,ヒゲナガハムシ亜科,不明,,,ハムシ目録データベース,B,hamushi
シラハタネクイハムシ,Plateumaris shirahatai,ハムシ科,ネクイハムシ亜科,不明,,,ハムシ目録データベース,B,hamushi
シリアカマメゾウムシ,Bruchidius urbanus,ハムシ科,マメゾウムシ亜科,不明,,,ハムシ目録データベース,B,hamushi
シリグロマメゾウムシ,Bruchidius serricollis,ハムシ科,マメゾウムシ亜科,不明,,,ハムシ目録データベース,B,hamushi
シリダコグミトビハムシ,Zipanginia tuberosa,ハムシ科,ヒゲナガハムシ亜科,不明,,,ハムシ目録データベース,B,hamushi
シロウズアシナガハムシ,Monolepta shirozui,ハムシ科,ヒゲナガハムシ亜科,不明,,,ハムシ目録データベース,B,hamushi
シロヒゲトビハムシ,Hespera lomasa,ハムシ科,ヒゲナガハムシ亜科,不明,,,ハムシ目録データベース,B,hamushi
シロモンハラグリハムシ,Euliroetis ornata,ハムシ科,ヒゲナガハムシ亜科,不明,,,ハムシ目録データベース,B,hamushi
シワドウガネサルハムシ,Heteraspis sauteri,ハムシ科,サルハムシ亜科,不明,,,ハムシ目録データベース,B,hamushi
ジュウシホシキイロオオハムシ,Podontia quatordecimpunctata,ハムシ科,ヒゲナガハムシ亜科,不明,,,ハムシ目録データベース,B,hamushi
ジュウニホシニセマルトビハムシ,Halticorcus duodecimmaculata,ハムシ科,ヒゲナガハムシ亜科,不明,,,ハムシ目録データベース,B,hamushi
ジュンサイハムシ,Galerucella (Galerucella),ハムシ科,ヒゲナガハムシ亜科,不明,,,ハムシ目録データベース,B,hamushi
スキバジンガサハムシ,Aspidimorpha (Aspidimorpha),ハムシ科,カメノコハムシ亜科,ヒルガオ類,4~11月,,ハムシ目録データベース,B,hamushi
スギケブカサルハムシ,Fidia itoi,ハムシ科,サルハムシ亜科,不明,,,ハムシ目録データベース,B,hamushi
スギノミドリサルハムシ,Colaspoides suginoi,ハムシ科,サルハムシ亜科,不明,,,ハムシ目録データベース,B,hamushi
スゲクビボソハムシ,Lema (Lema),ハムシ科,クビボソハムシ亜科,不明,,,ハムシ目録データベース,B,hamushi
スジキイロカメノコハムシ,Cassida nobilis,ハムシ科,カメノコハムシ亜科,不明,,,ハムシ目録データベース,B,hamushi
スジグロオオハムシ,Galeruca (Galeruca),ハムシ科,ヒゲナガハムシ亜科,不明,,,ハムシ目録データベース,B,hamushi
スジミドリカメノコハムシ,Cassida vittata,ハムシ科,カメノコハムシ亜科,不明,,,ハムシ目録データベース,B,hamushi
スズキアシナガトビハムシ,Longitarsus (Longitarsus),ハムシ科,ヒゲナガハムシ亜科,不明,,,ハムシ目録データベース,B,hamushi
スズキミドリトビハムシ,Crepidodera sahalinensis,ハムシ科,ヒゲナガハムシ亜科,ヤナギ類,4~10月,,ハムシ目録データベース,B,hamushi
スミイロオオアラメハムシ,Galeruca (Galeruca),ハムシ科,ヒゲナガハムシ亜科,不明,,,ハムシ目録データベース,B,hamushi
ズグロアカハムシ,Gallerucida flavipennis,ハムシ科,ヒゲナガハムシ亜科,不明,,,ハムシ目録データベース,B,hamushi
ズグロアラメハムシ,Lochmaea caprea,ハムシ科,ヒゲナガハムシ亜科,不明,,,ハムシ目録データベース,B,hamushi
セアカアシナガトビハムシ,Longitarsus (Longitarsus),ハムシ科,ヒゲナガハムシ亜科,不明,,,ハムシ目録データベース,B,hamushi
セアカクビボソハムシ,Lema (Lema),ハムシ科,クビボソハムシ亜科,不明,,,ハムシ目録データベース,B,hamushi
セアカケブカサルハムシ,Fidia fulva,ハムシ科,サルハムシ亜科,不明,,,ハムシ目録データベース,B,hamushi
セスジカメノコハムシ,Cassida vibex,ハムシ科,カメノコハムシ亜科,不明,,,ハムシ目録データベース,B,hamushi
セスジクビボソトビハムシ,Pseudoliprus suturalis,ハムシ科,ヒゲナガハムシ亜科,不明,,,ハムシ目録データベース,B,hamushi
セスジクビボソハムシ,Oulema (Oulema),ハムシ科,クビボソハムシ亜科,不明,,,ハムシ目録データベース,B,hamushi
セスジケブカサルハムシ,Fidia kiiensis,ハムシ科,サルハムシ亜科,不明,,,ハムシ目録データベース,B,hamushi
セスジサルハムシ,Rhyparida lineolata,ハムシ科,サルハムシ亜科,不明,,,ハムシ目録データベース,B,hamushi
セスジトビハムシ,Lipromela minutissima,ハムシ科,ヒゲナガハムシ亜科,不明,,,ハムシ目録データベース,B,hamushi
セダカカクムネトビハムシ,Neocrepidodera gruevi,ハムシ科,ヒゲナガハムシ亜科,不明,,,ハムシ目録データベース,B,hamushi
セマルトビハムシ,Mantura (Mantura),ハムシ科,ヒゲナガハムシ亜科,不明,,,ハムシ目録データベース,B,hamushi
セメノフツツハムシ,Cryptocephalus (Asionus),ハムシ科,ツツハムシ亜科,不明,,,ハムシ目録データベース,B,hamushi
セラネクイハムシ,Donacia (Donacia),ハムシ科,ネクイハムシ亜科,不明,,,ハムシ目録データベース,B,hamushi
ソラマメゾウムシ,Bruchus rufimanus,ハムシ科,マメゾウムシ亜科,ソラマメ,年1回発生,,ハムシ目録データベース,B,hamushi
タイワンアシナガトビハムシ,Longitarsus (Longitarsus),ハムシ科,ヒゲナガハムシ亜科,不明,,,ハムシ目録データベース,B,hamushi
タイワンカタハリナガツツハムシ,Aetheomorpha taiwana,ハムシ科,ツツハムシ亜科,不明,,,ハムシ目録データベース,B,hamushi
タイワンツブノミハムシ,Aphthona formosana,ハムシ科,ヒゲナガハムシ亜科,不明,,,ハムシ目録データベース,B,hamushi
タイワンヒサゴトビハムシ,Chaetocnema (Udorpes),ハムシ科,ヒゲナガハムシ亜科,不明,,,ハムシ目録データベース,B,hamushi
タカラミゾアシノミハムシ,Hemipyxis takarai,ハムシ科,ヒゲナガハムシ亜科,不明,,,ハムシ目録データベース,B,hamushi
タグチホソヒラタハムシ,Leptispa taguchii,ハムシ科,カメノコハムシ亜科,不明,不明,,ハムシ目録データベース,B,hamushi
タケトゲハムシ,Dactylispa (Platypriella),ハムシ科,カメノコハムシ亜科,不明,,,ハムシ目録データベース,B,hamushi
タツナミソウアシナガトビハムシ,Longitarsus (Longitarsus),ハムシ科,ヒゲナガハムシ亜科,不明,,,ハムシ目録データベース,B,hamushi
タテスジキツツハムシ,Cryptocephalus (Burlinius),ハムシ科,ツツハムシ亜科,ヤマハギ、ハシバミ、ヤナギ,6~8月,,ハムシ目録データベース,B,hamushi
タテスジヒメジンガサハムシ,Cassida circumdata,ハムシ科,カメノコハムシ亜科,サツマイモ、ハマヒルガオ,3~8月,,ハムシ目録データベース,B,hamushi
タテモンマメゾウムシ,Callosobruchus phaseoli,ハムシ科,マメゾウムシ亜科,不明,,,ハムシ目録データベース,B,hamushi
タマアシトビハムシ,Philopona vibex,ハムシ科,ヒゲナガハムシ亜科,オオバコ,3~11月,,ハムシ目録データベース,B,hamushi
ダイコンナガスネトビハムシ,Psylliodes (Psylliodes),ハムシ科,ヒゲナガハムシ亜科,不明,,,ハムシ目録データベース,B,hamushi
ダイトウサルハムシ,Basilepta borodinensis,ハムシ科,サルハムシ亜科,不明,,,ハムシ目録データベース,B,hamushi
ダビッドサルハムシ,Basilepta davidi,ハムシ科,サルハムシ亜科,不明,,,ハムシ目録データベース,B,hamushi
チビウスバハムシ,Stenoluperus bicarinatus,ハムシ科,ヒゲナガハムシ亜科,不明,,,ハムシ目録データベース,B,hamushi
チビカサハラハムシ,Demotina decorata,ハムシ科,サルハムシ亜科,コナラ、ツバキ、ヒサカキ、ヤマグワ,4~10月,,ハムシ目録データベース,B,hamushi
チビカミナリハムシ,Zipanginia picipes,ハムシ科,ヒゲナガハムシ亜科,不明,,,ハムシ目録データベース,B,hamushi
チビカミナリハムシ　亜種,Zipanginia picipes,ハムシ科,ヒゲナガハムシ亜科,不明,,,ハムシ目録データベース,B,hamushi
チビキバネサルハムシ,Pagria ingibbosa,ハムシ科,サルハムシ亜科,不明,,,ハムシ目録データベース,B,hamushi
チビマメゾウムシ,Acanthoscelides pusillimus,ハムシ科,マメゾウムシ亜科,不明,,,ハムシ目録データベース,B,hamushi
チビルリツツハムシ,Cryptocephalus (Burlinius),ハムシ科,ツツハムシ亜科,コナラ,5~6月(山地では7~8月),,ハムシ目録データベース,B,hamushi
チャイロイクビマメゾウムシ,Spermophagus testaceicolor,ハムシ科,マメゾウムシ亜科,不明,,,ハムシ目録データベース,B,hamushi
チャイロカメノコハムシ,Cassida velaris,ハムシ科,カメノコハムシ亜科,不明,,,ハムシ目録データベース,B,hamushi
チャイロケシトビハムシ,Manobia formosana,ハムシ科,ヒゲナガハムシ亜科,不明,,,ハムシ目録データベース,B,hamushi
チャイロサルハムシ,Basilepta balyi,ハムシ科,サルハムシ亜科,ハンノキ,4~10月,,ハムシ目録データベース,B,hamushi
チャイロヒラタカメノコハムシ,Notosacantha loochooana,ハムシ科,カメノコハムシ亜科,不明,,,ハムシ目録データベース,B,hamushi
チャバネツヤハムシ,Phygasia fulvipennis,ハムシ科,ヒゲナガハムシ亜科,ガガイモ,4~7月,,ハムシ目録データベース,B,hamushi
チャバラマメゾウムシ,Borowiecius ademptus,ハムシ科,マメゾウムシ亜科,不明,,,ハムシ目録データベース,B,hamushi
チュウジョウアシナガトビハムシ,Longitarsus (Longitarsus),ハムシ科,ヒゲナガハムシ亜科,不明,,,ハムシ目録データベース,B,hamushi
チュウジョウキスジノミハムシ,Phyllotreta chujoe,ハムシ科,ヒゲナガハムシ亜科,不明,,,ハムシ目録データベース,B,hamushi
チュウジョウナガスネトビハムシ,Psylliodes (Psylliodes),ハムシ科,ヒゲナガハムシ亜科,不明,,,ハムシ目録データベース,B,hamushi
チュウジョウヒゲナガハムシ,Galerucella (Galerucella),ハムシ科,ヒゲナガハムシ亜科,不明,,,ハムシ目録データベース,B,hamushi
ツシマヘリビロトゲハムシ,Platypria (Platypria),ハムシ科,カメノコハムシ亜科,ケンポナシ,5~10月,,ハムシ目録データベース,B,hamushi
ツツサルハムシ,Abirus fortunei,ハムシ科,サルハムシ亜科,不明,,,ハムシ目録データベース,B,hamushi
ツツジコブハムシ,Chlamisus laticollis,ハムシ科,ツツハムシ亜科,ツツジ類、サツキ,4~10月,,ハムシ目録データベース,B,hamushi
ツバキコブハムシ,Chlamisus lewisii,ハムシ科,ツツハムシ亜科,不明,,,ハムシ目録データベース,B,hamushi
ツブノミハムシ,Aphthona perminuta,ハムシ科,ヒゲナガハムシ亜科,クリ、コナラ、ブナ、イヌシデ,3~11月,,ハムシ目録データベース,B,hamushi
ツマキクロツツハムシ,Cryptocephalus (Disopus),ハムシ科,ツツハムシ亜科,不明,,,ハムシ目録データベース,B,hamushi
ツマキタマノミハムシ,Sphaeroderma apicale,ハムシ科,ヒゲナガハムシ亜科,ススキ類,4~11月,,ハムシ目録データベース,B,hamushi
ツマキレヒゲブトコマルトビハムシ,Clavicornaltica tokushigei,ハムシ科,ヒゲナガハムシ亜科,不明,,,ハムシ目録データベース,B,hamushi
ツヤキバネサルハムシ,Pagria flavopustulata,ハムシ科,サルハムシ亜科,不明,,,ハムシ目録データベース,B,hamushi
ツヤネクイハムシ,Donacia (Donaciomima),ハムシ科,ネクイハムシ亜科,不明,,,ハムシ目録データベース,B,hamushi
ツヤルリツツハムシ,Cryptocephalus (Cryptocephalus),ハムシ科,ツツハムシ亜科,不明,,,ハムシ目録データベース,B,hamushi
ツルグミナガツツハムシ,Smaragdina ihai,ハムシ科,ツツハムシ亜科,不明,,,ハムシ目録データベース,B,hamushi
テンサイトビハムシ,Chaetocnema (Tlanoma),ハムシ科,ヒゲナガハムシ亜科,不明,,,ハムシ目録データベース,B,hamushi
テントウノミハムシ,Argopistes biplagiatus,ハムシ科,ヒゲナガハムシ亜科,不明,,,ハムシ目録データベース,B,hamushi
トウヨウアシナガトビハムシ,Longitarsus (Longitarsus),ハムシ科,ヒゲナガハムシ亜科,不明,,,ハムシ目録データベース,B,hamushi
トカラアシナガトビハムシ,Longitarsus (Longitarsus),ハムシ科,ヒゲナガハムシ亜科,不明,,,ハムシ目録データベース,B,hamushi
トガリカクムネトビハムシ,Neocrepidodera acuminata,ハムシ科,ヒゲナガハムシ亜科,不明,,,ハムシ目録データベース,B,hamushi
トケジホソトビハムシ,Luperomorpha tokejii,ハムシ科,ヒゲナガハムシ亜科,不明,,,ハムシ目録データベース,B,hamushi
トゲアシトビハムシ,Aphthonoides beccaril,ハムシ科,ヒゲナガハムシ亜科,不明,,,ハムシ目録データベース,B,hamushi
トビサルハムシ,Trichochrysea japana,ハムシ科,サルハムシ亜科,クリ、クヌギ,4~6月(低山地では5~8月),,ハムシ目録データベース,B,hamushi
トホシクビボソハムシ,Lema (Lema),ハムシ科,クビボソハムシ亜科,クコ,3~11月,,ハムシ目録データベース,B,hamushi
トホシニセマルトビハムシ,Halticorcus kasuga,ハムシ科,ヒゲナガハムシ亜科,ノキシノブ、マメヅタ,不明,,ハムシ目録データベース,B,hamushi
トラノオトビハムシ,Lythraria salicariae,ハムシ科,ヒゲナガハムシ亜科,不明,,,ハムシ目録データベース,B,hamushi
ドウイロムナゲサルハムシ,Basilepta uenoi,ハムシ科,サルハムシ亜科,不明,,,ハムシ目録データベース,B,hamushi
ドウガネサルハムシ,Heteraspis lewisii,ハムシ科,サルハムシ亜科,ヤブガラシ、ノブドウ、エビヅル、クサギ,3~11月,,ハムシ目録データベース,B,hamushi
ドウガネツヤハムシ,Oomorphoides cupreatus,ハムシ科,ツヤハムシ亜科,タラノキ,3~10月,,ハムシ目録データベース,B,hamushi
ナカノコダマトビハムシ,Ivalia nakanoi,ハムシ科,ヒゲナガハムシ亜科,不明,,,ハムシ目録データベース,B,hamushi
ナガヒラタハムシ,Brontispa longissima,ハムシ科,カメノコハムシ亜科,ココヤシヤシ類,4~6月(おそらく周年),,ハムシ目録データベース,B,hamushi
ナスクビボソハムシ,Lema (Petauristes),ハムシ科,クビボソハムシ亜科,不明,,,ハムシ目録データベース,B,hamushi
ナスナガスネトビハムシ,Psylliodes (Psylliodes),ハムシ科,ヒゲナガハムシ亜科,不明,,,ハムシ目録データベース,B,hamushi
ナミカメノコハムシ,Cassida nebulosa,ハムシ科,カメノコハムシ亜科,不明,,,ハムシ目録データベース,B,hamushi
ニシアラハダトビハムシ,Trachytetra nishii,ハムシ科,ヒゲナガハムシ亜科,不明,,,ハムシ目録データベース,B,hamushi
ニセアシナガトビハムシ,Parategyrius unicolor,ハムシ科,ヒゲナガハムシ亜科,不明,,,ハムシ目録データベース,B,hamushi
ニセウスイロサルハムシ,Basilepta hirayamai,ハムシ科,サルハムシ亜科,不明,,,ハムシ目録データベース,B,hamushi
ニセキバラヒメハムシ,Taphinellina chujoi,ハムシ科,ヒゲナガハムシ亜科,不明,,,ハムシ目録データベース,B,hamushi
ニセグミトビハムシ,Parazipangia okiana,ハムシ科,ヒゲナガハムシ亜科,不明,,,ハムシ目録データベース,B,hamushi
ニセセスジツツハムシ,Cryptocephalus (Cryptocephalus),ハムシ科,ツツハムシ亜科,不明,,,ハムシ目録データベース,B,hamushi
ニセタマトビハムシ,Euphitrea nisotroides,ハムシ科,ヒゲナガハムシ亜科,不明,,,ハムシ目録データベース,B,hamushi
ニセテンサイトビハムシ,Chaetocnema (Tlanoma),ハムシ科,ヒゲナガハムシ亜科,不明,,,ハムシ目録データベース,B,hamushi
ニセヒラタネクイハムシ,Donacia (Donaciomima),ハムシ科,ネクイハムシ亜科,不明,,,ハムシ目録データベース,B,hamushi
ニホンカミナリハムシ,Altica nipponica,ハムシ科,ヒゲナガハムシ亜科,不明,,,ハムシ目録データベース,B,hamushi
ニホンケブカサルハムシ,Fidia japonica,ハムシ科,サルハムシ亜科,コナラ、ツバキ類、ケヤキ,4~7月,,ハムシ目録データベース,B,hamushi
ニホンハモグリトビハムシ,Mantura (Mantura),ハムシ科,ヒゲナガハムシ亜科,不明,,,ハムシ目録データベース,B,hamushi
ヌカキビタマトビハムシ,Sphaeroderma seriatum,ハムシ科,ヒゲナガハムシ亜科,不明,,,ハムシ目録データベース,B,hamushi
ネギオオアラメハムシ,Galeruca (Galeruca),ハムシ科,ヒゲナガハムシ亜科,不明,,,ハムシ目録データベース,B,hamushi
ネッタイアカクビボソハムシ,Lema (Lema),ハムシ科,クビボソハムシ亜科,不明,,,ハムシ目録データベース,B,hamushi
ネムノキマメゾウムシ,Bruchidius terreus,ハムシ科,マメゾウムシ亜科,不明,,,ハムシ目録データベース,B,hamushi
ハコネチビツツハムシ,Cryptocephalus (Burlinius),ハムシ科,ツツハムシ亜科,不明,,,ハムシ目録データベース,B,hamushi
ハコネツブノミハムシ,Aphthona hakonensis,ハムシ科,ヒゲナガハムシ亜科,不明,,,ハムシ目録データベース,B,hamushi
ハシバミハムシ,Galerucella (Neogalerucella),ハムシ科,ヒゲナガハムシ亜科,不明,,,ハムシ目録データベース,B,hamushi
ハッカアシナガトビハムシ,Longitarsus (Longitarsus),ハムシ科,ヒゲナガハムシ亜科,不明,,,ハムシ目録データベース,B,hamushi
ハネナシトビハムシ,Batophila acutangula,ハムシ科,ヒゲナガハムシ亜科,不明,,,ハムシ目録データベース,B,hamushi
ハバビロコブハムシ,Chlamisus japonicus,ハムシ科,ツツハムシ亜科,不明,,,ハムシ目録データベース,B,hamushi
ハバビロハネナシトビハムシ,Batophila latissima,ハムシ科,ヒゲナガハムシ亜科,不明,,,ハムシ目録データベース,B,hamushi
ハラマダラヒメハムシ,Taphinellina akkoae,ハムシ科,ヒゲナガハムシ亜科,不明,,,ハムシ目録データベース,B,hamushi
ハンゴンソウアシナガトビハムシ,Longitarsus (Longitarsus),ハムシ科,ヒゲナガハムシ亜科,不明,,,ハムシ目録データベース,B,hamushi
ババチビツツハムシ,Melixanthus babai,ハムシ科,ツツハムシ亜科,不明,,,ハムシ目録データベース,B,hamushi
ヒウラアシナガハムシ,Monolepta hiurai,ハムシ科,ヒゲナガハムシ亜科,不明,,,ハムシ目録データベース,B,hamushi
ヒゲナガアラハダトビハムシ,Trachytetra sordida,ハムシ科,ヒゲナガハムシ亜科,不明,,,ハムシ目録データベース,B,hamushi
ヒゲナガウスバハムシ,Stenoluperus nipponensis,ハムシ科,ヒゲナガハムシ亜科,不明,,,ハムシ目録データベース,B,hamushi
ヒゲナガタマノミハムシ,Sphaeroderma japanum,ハムシ科,ヒゲナガハムシ亜科,不明,,,ハムシ目録データベース,B,hamushi
ヒゲナガマメゾウムシ,Bruchidius lautus,ハムシ科,マメゾウムシ亜科,不明,,,ハムシ目録データベース,B,hamushi
ヒゲナガルリマルノミハムシ,Hemipyxis plagioderoides,ハムシ科,ヒゲナガハムシ亜科,オオバコ、クサギ、テンニンソウ,4~8月,,ハムシ目録データベース,B,hamushi
ヒダカホソトビハムシ,Luperomorpha hidakai,ハムシ科,ヒゲナガハムシ亜科,不明,,,ハムシ目録データベース,B,hamushi
ヒナノウスツボアシナガトビハムシ,Longitarsus (Longitarsus),ハムシ科,ヒゲナガハムシ亜科,不明,,,ハムシ目録データベース,B,hamushi
ヒメアオタマノミハムシ,Sphaeroderma separatum,ハムシ科,ヒゲナガハムシ亜科,不明,,,ハムシ目録データベース,B,hamushi
ヒメアオバホソハムシ,Apophylia nigriceps,ハムシ科,ヒゲナガハムシ亜科,不明,,,ハムシ目録データベース,B,hamushi
ヒメアカクビボソハムシ,Lema (Lema),ハムシ科,クビボソハムシ亜科,不明,,,ハムシ目録データベース,B,hamushi
ヒメアシナガハムシ,Monolepta minor,ハムシ科,ヒゲナガハムシ亜科,不明,,,ハムシ目録データベース,B,hamushi
ヒメアラゲサルハムシ,Demotina vernalis,ハムシ科,サルハムシ亜科,不明,,,ハムシ目録データベース,B,hamushi
ヒメウスイロハムシ,Monolepta nojiriensis,ハムシ科,ヒゲナガハムシ亜科,不明,,,ハムシ目録データベース,B,hamushi
ヒメカバノキハムシ,Syneta brevitibialis,ハムシ科,ホソハムシ亜科,不明,,,ハムシ目録データベース,B,hamushi
ヒメカミナリハムシ,Altica caerulescens,ハムシ科,ヒゲナガハムシ亜科,不明,,,ハムシ目録データベース,B,hamushi
ヒメキベリトゲハムシ,Dactylispa (Triplispa),ハムシ科,カメノコハムシ亜科,サクラ、コナラ、ヤマハッカ,4~11月,,ハムシ目録データベース,B,hamushi
ヒメクロウリハムシ,Aulacophora lewisii,ハムシ科,ヒゲナガハムシ亜科,不明,,,ハムシ目録データベース,B,hamushi
ヒメコブハムシ,Chlamisus diminutus,ハムシ科,ツツハムシ亜科,不明,,,ハムシ目録データベース,B,hamushi
ヒメツヤハムシ,Oomorphus (Oomorphus),ハムシ科,ツヤハムシ亜科,不明,,,ハムシ目録データベース,B,hamushi
ヒメテントウノミハムシ,Argopistes tsekooni,ハムシ科,ヒゲナガハムシ亜科,不明,,,ハムシ目録データベース,B,hamushi
ヒメトビハムシ,Hermaeophaga (Orthocrepis),ハムシ科,ヒゲナガハムシ亜科,不明,,,ハムシ目録データベース,B,hamushi
ヒメドウガネトビハムシ,Chaetocnema (Chaetocnema),ハムシ科,ヒゲナガハムシ亜科,不明,,,ハムシ目録データベース,B,hamushi
ヒメマルノミハムシ,Hemipyxis changi,ハムシ科,ヒゲナガハムシ亜科,不明,,,ハムシ目録データベース,B,hamushi
ヒメムクゲサルハムシ,Parascela cribrata,ハムシ科,サルハムシ亜科,不明,,,ハムシ目録データベース,B,hamushi
ヒヨドリバナアシナガトビハムシ,Longitarsus (Longitarsus),ハムシ科,ヒゲナガハムシ亜科,不明,,,ハムシ目録データベース,B,hamushi
ヒラシマミズクサハムシ,Plateumaris weisei,ハムシ科,ネクイハムシ亜科,不明,,,ハムシ目録データベース,B,hamushi
ヒラノカクムネトビハムシ,Neocrepidodera hiranoi,ハムシ科,ヒゲナガハムシ亜科,不明,,,ハムシ目録データベース,B,hamushi
ヒラノニセマルトビハムシ,Halticorcus hiranoi,ハムシ科,ヒゲナガハムシ亜科,不明,,,ハムシ目録データベース,B,hamushi
ヒルガオトビハムシ,Longitarsus (Longitarsus),ハムシ科,ヒゲナガハムシ亜科,不明,,,ハムシ目録データベース,B,hamushi
ヒロアシタマノミハムシ,Sphaeroderma tarsatum,ハムシ科,ヒゲナガハムシ亜科,チシマザサ,4~9月,,ハムシ目録データベース,B,hamushi
ヒロアシナガスネトビハムシ,Psylliodes (Psylliodes),ハムシ科,ヒゲナガハムシ亜科,不明,,,ハムシ目録データベース,B,hamushi
ヒロヒゲツツハムシ,Diachus auratus,ハムシ科,ツツハムシ亜科,ギンネム,3~5月,,ハムシ目録データベース,B,hamushi
ビルマカミナリハムシ,Altica birmanensis,ハムシ科,ヒゲナガハムシ亜科,不明,,,ハムシ目録データベース,B,hamushi
フェモラータモモブトハムシ,Sagra femorata,ハムシ科,コガネハムシ亜科,クズ、マメ科、ヒルガオ科、ヤマノイモ科、柑橘類、コーヒー,7~8月,,ハムシ目録データベース,B,hamushi
フキタマノミハムシ,Sphaeroderma balyi,ハムシ科,ヒゲナガハムシ亜科,不明,,,ハムシ目録データベース,B,hamushi
フタイロウリハムシ,Aulacophora bicolor,ハムシ科,ヒゲナガハムシ亜科,不明,,,ハムシ目録データベース,B,hamushi
フタイロセマルトビハムシ,Bikasha collaris,ハムシ科,ヒゲナガハムシ亜科,不明,,,ハムシ目録データベース,B,hamushi
フタイロヒサゴトビハムシ,Chaetocnema (Tlanoma),ハムシ科,ヒゲナガハムシ亜科,不明,,,ハムシ目録データベース,B,hamushi
フタスジツツハムシ,Cryptocephalus (Burlinius),ハムシ科,ツツハムシ亜科,不明,,,ハムシ目録データベース,B,hamushi
フタスジヒメハムシ,Medythia nigrobilineata,ハムシ科,ヒゲナガハムシ亜科,マメ科植物、ダイズ,5~10月,,ハムシ目録データベース,B,hamushi
フタツメタマノミハムシ,Lanka nagaii,ハムシ科,ヒゲナガハムシ亜科,不明,,,ハムシ目録データベース,B,hamushi
フタモンアラゲサルハムシ,Demotina bipunctata,ハムシ科,サルハムシ亜科,不明,,,ハムシ目録データベース,B,hamushi
フトスジヒメハムシ,Medythia suturalis,ハムシ科,ヒゲナガハムシ亜科,不明,,,ハムシ目録データベース,B,hamushi
フトネクイハムシ,Donacia (Donaciomima),ハムシ科,ネクイハムシ亜科,不明,,,ハムシ目録データベース,B,hamushi
ブラジルマメゾウムシ,Zabrotes subfasciatus,ハムシ科,マメゾウムシ亜科,インゲン、ベニバナインゲン、アズキ,不明,,ハムシ目録データベース,B,hamushi
ヘリグロセダカトビハムシ,Lanka esakii,ハムシ科,ヒゲナガハムシ亜科,不明,,,ハムシ目録データベース,B,hamushi
ヘリグロタマノミハムシ,Sphaeroderma ohkuboi,ハムシ科,ヒゲナガハムシ亜科,不明,,,ハムシ目録データベース,B,hamushi
ヘリビロトゲハムシ,Platypria (Platypria),ハムシ科,カメノコハムシ亜科,不明,,,ハムシ目録データベース,B,hamushi
ベニカメノコハムシ,Cassida murraea,ハムシ科,カメノコハムシ亜科,ヤブタバコ、サジガンクビソウ、ミズギク,6~8月,,ハムシ目録データベース,B,hamushi
ベーリーナガスネトビハムシ,Psylliodes (Psylliodes),ハムシ科,ヒゲナガハムシ亜科,不明,,,ハムシ目録データベース,B,hamushi
ホオノキコミヤトビハムシ,Zipanginia iwatensis,ハムシ科,ヒゲナガハムシ亜科,不明,,,ハムシ目録データベース,B,hamushi
ホオノキセダカトビハムシ,Lanka magnoliae,ハムシ科,ヒゲナガハムシ亜科,不明,,,ハムシ目録データベース,B,hamushi
ホソカクムネトビハムシ,Neocrepidodera interpunctata,ハムシ科,ヒゲナガハムシ亜科,不明,,,ハムシ目録データベース,B,hamushi
ホソキスジノミハムシ,Phyllotreta rectilineata,ハムシ科,ヒゲナガハムシ亜科,不明,,,ハムシ目録データベース,B,hamushi
ホソセスジハムシ,Haplosomoides costata,ハムシ科,ヒゲナガハムシ亜科,不明,,,ハムシ目録データベース,B,hamushi
ホソネクイハムシ,Donacia (Donaciomima),ハムシ科,ネクイハムシ亜科,不明,,,ハムシ目録データベース,B,hamushi
ホソルリトビハムシ,Aphthonaltica angustata,ハムシ科,ヒゲナガハムシ亜科,アケビ類,3~7月,,ハムシ目録データベース,B,hamushi
マエアカホソトビハムシ,Luperomorpha birmanica,ハムシ科,ヒゲナガハムシ亜科,不明,,,ハムシ目録データベース,B,hamushi
マエモンヒラタノミハムシ,Hemipyxis shirakii,ハムシ科,ヒゲナガハムシ亜科,不明,,,ハムシ目録データベース,B,hamushi
マルアシナガトビハムシ,Longitarsus (Longitarsus),ハムシ科,ヒゲナガハムシ亜科,不明,,,ハムシ目録データベース,B,hamushi
マルキバネサルハムシ,Pagria ussuriensis,ハムシ科,サルハムシ亜科,不明,,,ハムシ目録データベース,B,hamushi
ミカンカメノコハムシ,Cassida obtusata,ハムシ科,カメノコハムシ亜科,柑橘類、イヌビユ、ケイトウヒユ科植物,3~10月,,ハムシ目録データベース,B,hamushi
ミスジアシナガトビハムシ,Longitarsus (Longitarsus),ハムシ科,ヒゲナガハムシ亜科,不明,,,ハムシ目録データベース,B,hamushi
ミズキコブハムシ,Chlamisus interjectus,ハムシ科,ツツハムシ亜科,不明,,,ハムシ目録データベース,B,hamushi
ミズタマソウカミナリハムシ,Altica circaeae,ハムシ科,ヒゲナガハムシ亜科,不明,,,ハムシ目録データベース,B,hamushi
ミソハギハムシ,Galerucella (Neogalerucella),ハムシ科,ヒゲナガハムシ亜科,不明,,,ハムシ目録データベース,B,hamushi
ミドリサルハムシ,Colaspoides japanus,ハムシ科,サルハムシ亜科,不明,,,ハムシ目録データベース,B,hamushi
ミドリトビハムシ,Crepidodera japonica,ハムシ科,ヒゲナガハムシ亜科,ヤナギ類,5~10月,,ハムシ目録データベース,B,hamushi
ミヤコグサマメゾウムシ,Bruchus loti,ハムシ科,マメゾウムシ亜科,ミヤコグサ、ハマエンドウの実,不明,,ハムシ目録データベース,B,hamushi
ミヤマアザミカミナリハムシ,Altica kimotoi,ハムシ科,ヒゲナガハムシ亜科,不明,,,ハムシ目録データベース,B,hamushi
ミヤモトアシナガハムシ,Monolepta miyamotoi,ハムシ科,ヒゲナガハムシ亜科,不明,,,ハムシ目録データベース,B,hamushi
ミヤモトホソヒラタハムシ,Leptispa miyamotoi,ハムシ科,カメノコハムシ亜科,不明,不明,,ハムシ目録データベース,B,hamushi
ムギクビボソハムシ,Oulema (Oulema),ハムシ科,クビボソハムシ亜科,不明,,,ハムシ目録データベース,B,hamushi
ムギヒサゴトビハムシ,Chaetocnema (Chaetocnema),ハムシ科,ヒゲナガハムシ亜科,不明,,,ハムシ目録データベース,B,hamushi
ムツキボシツツハムシ,Cryptocephalus (Cryptocephalus),ハムシ科,ツツハムシ亜科,不明,,,ハムシ目録データベース,B,hamushi
ムツキボシハムシ,Gallerucida lewisi,ハムシ科,ヒゲナガハムシ亜科,不明,,,ハムシ目録データベース,B,hamushi
ムツボシツツハムシ,Cryptocephalus (Cryptocephalus),ハムシ科,ツツハムシ亜科,不明,,,ハムシ目録データベース,B,hamushi
ムツボシトビハムシ,Ivalia bistripunctata,ハムシ科,ヒゲナガハムシ亜科,不明,,,ハムシ目録データベース,B,hamushi
ムツボシニセマルトビハムシ,Halticorcus sauteri,ハムシ科,ヒゲナガハムシ亜科,不明,,,ハムシ目録データベース,B,hamushi
ムツボシニセマルトビハムシ　屋久島亜種,Halticorcus sauteri,ハムシ科,ヒゲナガハムシ亜科,不明,,,ハムシ目録データベース,B,hamushi
ムナキホソヒゲナガハムシ,Luperus laricis,ハムシ科,ヒゲナガハムシ亜科,不明,,,ハムシ目録データベース,B,hamushi
ムナキホソヒゲナガハムシ　本州亜種,Luperus laricis,ハムシ科,ヒゲナガハムシ亜科,不明,,,ハムシ目録データベース,B,hamushi
ムナキルリハムシ,Smaragdina semiaurantiaca,ハムシ科,ツツハムシ亜科,ヤナギ、カンバ類,4~6月,,ハムシ目録データベース,B,hamushi
ムナゲクロサルハムシ,Basilepta hirticollis,ハムシ科,サルハムシ亜科,不明,,,ハムシ目録データベース,B,hamushi
ムネアカウスイロハムシ,Monolepta kurosawai,ハムシ科,ヒゲナガハムシ亜科,不明,,,ハムシ目録データベース,B,hamushi
ムネアカオオトビハムシ,Luperomorpha collaris,ハムシ科,ヒゲナガハムシ亜科,不明,,,ハムシ目録データベース,B,hamushi
ムネアカキバネサルハムシ,Pagria consimilis,ハムシ科,サルハムシ亜科,クズ、ハギ類,3~11月,,ハムシ目録データベース,B,hamushi
ムネアカグミトビハムシ,Zipanginia miyatakei,ハムシ科,ヒゲナガハムシ亜科,不明,,,ハムシ目録データベース,B,hamushi
ムネアカタマノミハムシ,Sphaeroderma placidum,ハムシ科,ヒゲナガハムシ亜科,ボタンヅル,3~7月,,ハムシ目録データベース,B,hamushi
ムネアカナガミドリサルハムシ,Massiea costata,ハムシ科,サルハムシ亜科,不明,,,ハムシ目録データベース,B,hamushi
ムネミゾヒメツツハムシ,Coenobius sulcicollis,ハムシ科,ツツハムシ亜科,不明,,,ハムシ目録データベース,B,hamushi
ムモンキスジノミハムシ,Phyllotreta ezoensis,ハムシ科,ヒゲナガハムシ亜科,不明,,,ハムシ目録データベース,B,hamushi
ムラサキアシナガトビハムシ,Longitarsus (Longitarsus),ハムシ科,ヒゲナガハムシ亜科,不明,,,ハムシ目録データベース,B,hamushi
メリケントビハムシ,Disonycha politula,ハムシ科,ヒゲナガハムシ亜科,不明,,,ハムシ目録データベース,B,hamushi
モモブトサルハムシ,Rhyparida sakisimensis,ハムシ科,サルハムシ亜科,不明,,,ハムシ目録データベース,B,hamushi
モリモトタマノミハムシ,Sphaeroderma morimotoi,ハムシ科,ヒゲナガハムシ亜科,不明,,,ハムシ目録データベース,B,hamushi
モリモトチビサルハムシ,Nodina morimotoi,ハムシ科,サルハムシ亜科,不明,,,ハムシ目録データベース,B,hamushi
モンキアシナガハムシ,Monolepta quadriguttata,ハムシ科,ヒゲナガハムシ亜科,ダイズ、ウリ類,5~10月,,ハムシ目録データベース,B,hamushi
モンキウリハムシモドキ,Atrachya flavomaculata,ハムシ科,ヒゲナガハムシ亜科,不明,,,ハムシ目録データベース,B,hamushi
ヤクカサハラハムシ,Demotina elegans,ハムシ科,サルハムシ亜科,不明,,,ハムシ目録データベース,B,hamushi
ヤクシマコブハムシ,Chlamisus yakushimanus,ハムシ科,ツツハムシ亜科,不明,,,ハムシ目録データベース,B,hamushi
ヤスマツケブカハムシ,Pyrrhalta yasumatsui,ハムシ科,ヒゲナガハムシ亜科,不明,,,ハムシ目録データベース,B,hamushi
ヤハズトビハムシ,Dibolia (Dibolia),ハムシ科,ヒゲナガハムシ亜科,不明,,,ハムシ目録データベース,B,hamushi
ヤヒロミドリトビハムシ,Crepidodera yahiroi,ハムシ科,ヒゲナガハムシ亜科,不明,,,ハムシ目録データベース,B,hamushi
ヤマイモハムシ,Lema (Petauristes),ハムシ科,クビボソハムシ亜科,ヤマノイモ,4~10月,,ハムシ目録データベース,B,hamushi
ヤマヒサゴトビハムシ,Chaetocnema (Chaetocnema),ハムシ科,ヒゲナガハムシ亜科,不明,,,ハムシ目録データベース,B,hamushi
ヨシモトケブカハムシ,Pyrrhalta yoshimotoi,ハムシ科,ヒゲナガハムシ亜科,不明,,,ハムシ目録データベース,B,hamushi
ヨツキボシハムシ,Hamushia eburata,ハムシ科,ヒゲナガハムシ亜科,ウシハコベ、ハコベ,3~7月,,ハムシ目録データベース,B,hamushi
ヨツボシアカツツハムシ,Coptocephala orientalis,ハムシ科,ツツハムシ亜科,不明,,,ハムシ目録データベース,B,hamushi
ヨツボシナガツツハムシ,Clytra (Clytra),ハムシ科,ツツハムシ亜科,ハギ類、ヤナギ類、カンバ、ブナ（成虫）、ヤマアリ類の巣材の一部（幼虫）,6~10月,,ハムシ目録データベース,B,hamushi
ヨツモンカメノコハムシ,Laccoptera (Laccopteroidea),ハムシ科,カメノコハムシ亜科,サツマイモ、ノアサガオ,4~12月,,ハムシ目録データベース,B,hamushi
ヨツモンサルハムシ,Basilepta amamiensis,ハムシ科,サルハムシ亜科,不明,,,ハムシ目録データベース,B,hamushi
ヨツモンタマノミハムシ,Sphaeroderma quadrimaculatum,ハムシ科,ヒゲナガハムシ亜科,不明,,,ハムシ目録データベース,B,hamushi
ヨツモンミゾアシノミハムシ,Hemipyxis balyi,ハムシ科,ヒゲナガハムシ亜科,不明,,,ハムシ目録データベース,B,hamushi
ヨナグニトゲハムシ,Asamangulia yonakuni,ハムシ科,カメノコハムシ亜科,不明,,,ハムシ目録データベース,B,hamushi
ヨモギトビハムシ,Longitarsus (Longitarsus),ハムシ科,ヒゲナガハムシ亜科,イワヨモギ、オトコヨモギ、ヨモギ、ヤマヨモギヨモギ類、ツワブキ,4~10月,,ハムシ目録データベース,B,hamushi
ヨモギモンキハムシ,Hamushia konishii,ハムシ科,ヒゲナガハムシ亜科,不明,,,ハムシ目録データベース,B,hamushi
リュウキュウクビボソトビハムシ,Lipromorpha loochooana,ハムシ科,ヒゲナガハムシ亜科,不明,,,ハムシ目録データベース,B,hamushi
リュウキュウグミトビハムシ,Zipanginia loochooensis,ハムシ科,ヒゲナガハムシ亜科,不明,,,ハムシ目録データベース,B,hamushi
リュウキュウタマツツハムシ,Adiscus nigripennis,ハムシ科,ツツハムシ亜科,不明,,,ハムシ目録データベース,B,hamushi
リュウキュウツツハムシ,Cryptocephalus (Cryptocephalus),ハムシ科,ツツハムシ亜科,不明,,,ハムシ目録データベース,B,hamushi
リュウキュウツツハムシ　宮古島亜種,Cryptocephalus (Cryptocephalus),ハムシ科,ツツハムシ亜科,不明,,,ハムシ目録データベース,B,hamushi
リュウキュウツマキマルノミハムシ,Sphaeroderma fulvoapicale,ハムシ科,ヒゲナガハムシ亜科,不明,,,ハムシ目録データベース,B,hamushi
リュウキュウツヤハムシ,Oomorphoides loochooensis,ハムシ科,ツヤハムシ亜科,不明,,,ハムシ目録データベース,B,hamushi
リュウキュウテントウノミハムシ,Argopistes ryukyuensis,ハムシ科,ヒゲナガハムシ亜科,不明,,,ハムシ目録データベース,B,hamushi
リンゴコフキハムシ,Fidia atra,ハムシ科,サルハムシ亜科,リンゴ、ナシ、ウメ、クルミ,4~7月(山地では7~9月),,ハムシ目録データベース,B,hamushi
ルイスコトビハムシ,Manobia lewisi,ハムシ科,ヒゲナガハムシ亜科,不明,,,ハムシ目録データベース,B,hamushi
ルイスジンガサハムシ,Thlaspida lewisii,ハムシ科,カメノコハムシ亜科,不明,,,ハムシ目録データベース,B,hamushi
ルリウスバハムシ,Stenoluperus cyaneus,ハムシ科,ヒゲナガハムシ亜科,不明,,,ハムシ目録データベース,B,hamushi
ルリサルハムシ,Basilepta modesta,ハムシ科,サルハムシ亜科,ウツギ類,4~9月,,ハムシ目録データベース,B,hamushi
ルリチビカミナリハムシ,Lesagealtica berberii,ハムシ科,ヒゲナガハムシ亜科,不明,,,ハムシ目録データベース,B,hamushi
ルリツツハムシ,Cryptocephalus (Cryptocephalus),ハムシ科,ツツハムシ亜科,不明,,,ハムシ目録データベース,B,hamushi
ルリナガスネトビハムシ,Psylliodes (Psylliodes),ハムシ科,ヒゲナガハムシ亜科,ナス、ジャガイモ、ホオズキ、イヌホオズキ,4~10月,,ハムシ目録データベース,B,hamushi
ルリナガツツハムシ,Smaragdina mandzhura,ハムシ科,ツツハムシ亜科,不明,,,ハムシ目録データベース,B,hamushi
ルリバネウリハムシ,Aulacophora loochooensis,ハムシ科,ヒゲナガハムシ亜科,不明,,,ハムシ目録データベース,B,hamushi
ルリバネナガハムシ,Liroetis coeruleipennis,ハムシ科,ヒゲナガハムシ亜科,不明,,,ハムシ目録データベース,B,hamushi
ルリヒラタヒメハムシ,Taphinellina iniqua,ハムシ科,ヒゲナガハムシ亜科,不明,,,ハムシ目録データベース,B,hamushi
ルリマルノミハムシ,Nonarthra cyanea,ハムシ科,ヒゲナガハムシ亜科,タンポポの花（成虫）、スギゴケ類（幼虫）,3~11月,,ハムシ目録データベース,B,hamushi
レモントビハムシ,Amphimela metallica,ハムシ科,ヒゲナガハムシ亜科,不明,,,ハムシ目録データベース,B,hamushi
ワタラセカクムネトビハムシ,Neocrepidodera ohkawai,ハムシ科,ヒゲナガハムシ亜科,不明,,,ハムシ目録データベース,B,hamushi
ワタラセヒサゴトビハムシ,Chaetocnema (Chaetocnema),ハムシ科,ヒゲナガハムシ亜科,不明,,,ハムシ目録データベース,B,hamushi
ワモンマメゾウムシ,Callosobruchus analis,ハムシ科,マメゾウムシ亜科,不明,,,ハムシ目録データベース,B,hamushi
